Month of Date,Point,flows_bcm
January 2026,Zeebrugge LNG,0.362515253
December 2025,Zeebrugge LNG,1.297177714
November 2025,Zeebrugge LNG,1.418616467
October 2025,Zeebrugge LNG,1.613843059
September 2025,Zeebrugge LNG,0.952270939
August 2025,Zeebrugge LNG,0.581991158
July 2025,Zeebrugge LNG,0.929193225
June 2025,Zeebrugge LNG,1.322507684
May 2025,Zeebrugge LNG,1.297585391
April 2025,Zeebrugge LNG,1.474494968
March 2025,Zeebrugge LNG,1.192932002
February 2025,Zeebrugge LNG,1.223896002
January 2025,Zeebrugge LNG,0.600100344
December 2024,Zeebrugge LNG,0.727546336
November 2024,Zeebrugge LNG,0.548915013
October 2024,Zeebrugge LNG,0.442302371
September 2024,Zeebrugge LNG,0.273069324
August 2024,Zeebrugge LNG,0.174159142
July 2024,Zeebrugge LNG,0.688371751
June 2024,Zeebrugge LNG,0.552940028
May 2024,Zeebrugge LNG,0.704871398
April 2024,Zeebrugge LNG,0.903116341
March 2024,Zeebrugge LNG,1.189279813
February 2024,Zeebrugge LNG,0.734522396
January 2024,Zeebrugge LNG,0.823815618
December 2023,Zeebrugge LNG,0.84575653
November 2023,Zeebrugge LNG,1.148589828
October 2023,Zeebrugge LNG,0.943509001
September 2023,Zeebrugge LNG,0.586769554
August 2023,Zeebrugge LNG,0.742533946
July 2023,Zeebrugge LNG,0.696511637
June 2023,Zeebrugge LNG,0.845077349
May 2023,Zeebrugge LNG,0.988478848
April 2023,Zeebrugge LNG,1.314566769
March 2023,Zeebrugge LNG,1.241373082
February 2023,Zeebrugge LNG,0.961981891
January 2023,Zeebrugge LNG,1.117643766
December 2022,Zeebrugge LNG,1.147478753
November 2022,Zeebrugge LNG,1.148300969
October 2022,Zeebrugge LNG,1.084484448
September 2022,Zeebrugge LNG,0.789756572
August 2022,Zeebrugge LNG,0.948690137
July 2022,Zeebrugge LNG,1.183209979
June 2022,Zeebrugge LNG,1.074429049
May 2022,Zeebrugge LNG,0.818046074
April 2022,Zeebrugge LNG,1.099590458
March 2022,Zeebrugge LNG,0.759793053
February 2022,Zeebrugge LNG,0.673225187
January 2022,Zeebrugge LNG,0.814852227
December 2021,Zeebrugge LNG,0.252445025
November 2021,Zeebrugge LNG,0.421589406
October 2021,Zeebrugge LNG,0.318512195
September 2021,Zeebrugge LNG,0.126136619
August 2021,Zeebrugge LNG,0.31830197
July 2021,Zeebrugge LNG,0.228208259
June 2021,Zeebrugge LNG,0.347600708
May 2021,Zeebrugge LNG,0.624004534
April 2021,Zeebrugge LNG,0.636430449
March 2021,Zeebrugge LNG,0.737930549
February 2021,Zeebrugge LNG,0.108015348
January 2021,Zeebrugge LNG,0.072113146
April 2025,Wilhelmshaven LNG,0.082734823
March 2025,Wilhelmshaven LNG,0.163598129
February 2025,Wilhelmshaven LNG,0.096983197
January 2025,Wilhelmshaven LNG,0.182992111
December 2024,Wilhelmshaven LNG,0.36173118
November 2024,Wilhelmshaven LNG,0.16995639
October 2024,Wilhelmshaven LNG,0.24933304
September 2024,Wilhelmshaven LNG,0.291217979
August 2024,Wilhelmshaven LNG,0.21995085
July 2024,Wilhelmshaven LNG,0.245340473
June 2024,Wilhelmshaven LNG,0.359695043
May 2024,Wilhelmshaven LNG,0.395950233
April 2024,Wilhelmshaven LNG,0.310095049
March 2024,Wilhelmshaven LNG,0.295426814
February 2024,Wilhelmshaven LNG,0.292472727
January 2024,Wilhelmshaven LNG,0.378867262
December 2023,Wilhelmshaven LNG,0.399042486
November 2023,Wilhelmshaven LNG,0.359022363
October 2023,Wilhelmshaven LNG,0.396025731
September 2023,Wilhelmshaven LNG,0.3545949
August 2023,Wilhelmshaven LNG,0.386115246
July 2023,Wilhelmshaven LNG,0.322220399
June 2023,Wilhelmshaven LNG,0.361709663
May 2023,Wilhelmshaven LNG,0.369023895
April 2023,Wilhelmshaven LNG,0.39956749
March 2023,Wilhelmshaven LNG,0.291059924
February 2023,Wilhelmshaven LNG,0.346783837
January 2023,Wilhelmshaven LNG,0.305555786
December 2022,Wilhelmshaven LNG,0.087234785
January 2026,Swinoujscie,0.172419401
December 2025,Swinoujscie,0.772035258
November 2025,Swinoujscie,0.727799665
October 2025,Swinoujscie,0.734556237
September 2025,Swinoujscie,0.714298151
August 2025,Swinoujscie,0.710750041
July 2025,Swinoujscie,0.654761142
June 2025,Swinoujscie,0.713304027
May 2025,Swinoujscie,0.658500258
April 2025,Swinoujscie,0.659132659
March 2025,Swinoujscie,0.739146356
February 2025,Swinoujscie,0.535014181
January 2025,Swinoujscie,0.714685948
December 2024,Swinoujscie,0.634347596
November 2024,Swinoujscie,0.532543337
October 2024,Swinoujscie,0.581224137
September 2024,Swinoujscie,0.555264858
August 2024,Swinoujscie,0.553182378
July 2024,Swinoujscie,0.619323132
June 2024,Swinoujscie,0.56912312
May 2024,Swinoujscie,0.594739684
April 2024,Swinoujscie,0.535983578
March 2024,Swinoujscie,0.473199651
February 2024,Swinoujscie,0.413571195
January 2024,Swinoujscie,0.342264036
December 2023,Swinoujscie,0.564027419
November 2023,Swinoujscie,0.561168026
October 2023,Swinoujscie,0.572816428
September 2023,Swinoujscie,0.5485972
August 2023,Swinoujscie,0.431555221
July 2023,Swinoujscie,0.630854727
June 2023,Swinoujscie,0.541439266
May 2023,Swinoujscie,0.563070834
April 2023,Swinoujscie,0.459902552
March 2023,Swinoujscie,0.443948205
February 2023,Swinoujscie,0.482007248
January 2023,Swinoujscie,0.60163917
December 2022,Swinoujscie,0.632621478
November 2022,Swinoujscie,0.613519514
October 2022,Swinoujscie,0.609411064
September 2022,Swinoujscie,0.423825714
August 2022,Swinoujscie,0.490961265
July 2022,Swinoujscie,0.61408405
June 2022,Swinoujscie,0.603644735
May 2022,Swinoujscie,0.607936497
April 2022,Swinoujscie,0.427258138
March 2022,Swinoujscie,0.510639309
February 2022,Swinoujscie,0.316176045
January 2022,Swinoujscie,0.261333357
December 2021,Swinoujscie,0.452579385
November 2021,Swinoujscie,0.401598575
October 2021,Swinoujscie,0.18894799
September 2021,Swinoujscie,0.187797955
August 2021,Swinoujscie,0.193581293
July 2021,Swinoujscie,0.410849059
June 2021,Swinoujscie,0.399851818
May 2021,Swinoujscie,0.439663727
April 2021,Swinoujscie,0.390293873
March 2021,Swinoujscie,0.409543937
February 2021,Swinoujscie,0.244879486
January 2021,Swinoujscie,0.173961324
January 2026,Sines,0.086273386
December 2025,Sines,0.37841419
November 2025,Sines,0.348507388
October 2025,Sines,0.334179968
September 2025,Sines,0.356760232
August 2025,Sines,0.354853052
July 2025,Sines,0.337550131
June 2025,Sines,0.326441966
May 2025,Sines,0.415423644
April 2025,Sines,0.416902437
March 2025,Sines,0.233827754
February 2025,Sines,0.345235721
January 2025,Sines,0.396428666
December 2024,Sines,0.401669195
November 2024,Sines,0.391719867
October 2024,Sines,0.346420758
September 2024,Sines,0.423467729
August 2024,Sines,0.378716983
July 2024,Sines,0.406417596
June 2024,Sines,0.39687128
May 2024,Sines,0.310801106
April 2024,Sines,0.342590961
March 2024,Sines,0.303722565
February 2024,Sines,0.361466002
January 2024,Sines,0.378581428
December 2023,Sines,0.368794364
November 2023,Sines,0.325512138
October 2023,Sines,0.36485117
September 2023,Sines,0.407068104
August 2023,Sines,0.441099563
July 2023,Sines,0.452904389
June 2023,Sines,0.468124999
May 2023,Sines,0.47817436
April 2023,Sines,0.418249854
March 2023,Sines,0.331355099
February 2023,Sines,0.350937778
January 2023,Sines,0.40396973
December 2022,Sines,0.348751425
November 2022,Sines,0.488021876
October 2022,Sines,0.298898245
September 2022,Sines,0.399594495
August 2022,Sines,0.458031437
July 2022,Sines,0.541152528
June 2022,Sines,0.542795387
May 2022,Sines,0.557729539
April 2022,Sines,0.499402343
March 2022,Sines,0.547088721
February 2022,Sines,0.49162128
January 2022,Sines,0.524299389
December 2021,Sines,0.462207334
November 2021,Sines,0.524004174
October 2021,Sines,0.4939812
September 2021,Sines,0.480847905
August 2021,Sines,0.464108952
July 2021,Sines,0.412948338
June 2021,Sines,0.522002373
May 2021,Sines,0.497014558
April 2021,Sines,0.473089995
March 2021,Sines,0.510197873
February 2021,Sines,0.434198975
January 2021,Sines,0.532501477
January 2026,Sagunto,0.064620355
December 2025,Sagunto,0.302662156
November 2025,Sagunto,0.261234786
October 2025,Sagunto,0.354435562
September 2025,Sagunto,0.28299639
August 2025,Sagunto,0.127870087
July 2025,Sagunto,0.15844636
June 2025,Sagunto,0.263051487
May 2025,Sagunto,0.214896252
April 2025,Sagunto,0.182391939
March 2025,Sagunto,0.284684941
February 2025,Sagunto,0.253200422
January 2025,Sagunto,0.278972233
December 2024,Sagunto,0.256907059
November 2024,Sagunto,0.163768921
October 2024,Sagunto,0.105993547
September 2024,Sagunto,0.263441237
August 2024,Sagunto,0.117030096
July 2024,Sagunto,0.145921263
June 2024,Sagunto,0.101222112
May 2024,Sagunto,0.149388642
April 2024,Sagunto,0.181018197
March 2024,Sagunto,0.170243658
February 2024,Sagunto,0.153952813
January 2024,Sagunto,0.233744521
December 2023,Sagunto,0.199972324
November 2023,Sagunto,0.179137365
October 2023,Sagunto,0.253559422
September 2023,Sagunto,0.400088743
August 2023,Sagunto,0.243765086
July 2023,Sagunto,0.31508293
June 2023,Sagunto,0.411868635
May 2023,Sagunto,0.317474615
April 2023,Sagunto,0.300680596
March 2023,Sagunto,0.459415301
February 2023,Sagunto,0.180757604
January 2023,Sagunto,0.216193688
December 2022,Sagunto,0.264532763
November 2022,Sagunto,0.36778846
October 2022,Sagunto,0.299292938
September 2022,Sagunto,0.340461021
August 2022,Sagunto,0.45789975
July 2022,Sagunto,0.491141284
June 2022,Sagunto,0.246735457
May 2022,Sagunto,0.343402266
April 2022,Sagunto,0.388032604
March 2022,Sagunto,0.489517681
February 2022,Sagunto,0.337128768
January 2022,Sagunto,0.449701765
December 2021,Sagunto,0.290480475
November 2021,Sagunto,0.214148647
October 2021,Sagunto,0.346520347
September 2021,Sagunto,0.101411915
August 2021,Sagunto,0.121027117
July 2021,Sagunto,0.168658273
June 2021,Sagunto,0.171894024
May 2021,Sagunto,0.144919355
April 2021,Sagunto,0.160163321
March 2021,Sagunto,0.095681556
February 2021,Sagunto,0.092824325
January 2021,Sagunto,0.163189191
December 2025,Revithoussa,0.318459739
November 2025,Revithoussa,0.242883836
October 2025,Revithoussa,0.220094599
September 2025,Revithoussa,0.154975552
August 2025,Revithoussa,0.261978738
July 2025,Revithoussa,0.261119666
June 2025,Revithoussa,0.261994228
May 2025,Revithoussa,0.094872303
April 2025,Revithoussa,0.089821573
March 2025,Revithoussa,0.280422734
February 2025,Revithoussa,0.344566221
January 2025,Revithoussa,0.322304976
December 2024,Revithoussa,0.265226694
November 2024,Revithoussa,0.21196953
October 2024,Revithoussa,0.12495824
September 2024,Revithoussa,0.056966993
August 2024,Revithoussa,0.095711133
July 2024,Revithoussa,0.11512751
June 2024,Revithoussa,0.12820816
May 2024,Revithoussa,0.070765628
April 2024,Revithoussa,0.067842984
March 2024,Revithoussa,0.161373266
February 2024,Revithoussa,0.150176788
January 2024,Revithoussa,0.297929513
December 2023,Revithoussa,0.197730096
November 2023,Revithoussa,0.133466297
October 2023,Revithoussa,0.082302756
September 2023,Revithoussa,0.147650446
August 2023,Revithoussa,0.22926831
July 2023,Revithoussa,0.23862804
June 2023,Revithoussa,0.2584777
May 2023,Revithoussa,0.297337822
April 2023,Revithoussa,0.246024014
March 2023,Revithoussa,0.281750283
February 2023,Revithoussa,0.323275923
January 2023,Revithoussa,0.373020575
December 2022,Revithoussa,0.374823843
November 2022,Revithoussa,0.352718981
October 2022,Revithoussa,0.244469704
September 2022,Revithoussa,0.294923546
August 2022,Revithoussa,0.356585009
July 2022,Revithoussa,0.352837255
June 2022,Revithoussa,0.365991376
May 2022,Revithoussa,0.315614752
April 2022,Revithoussa,0.089851545
March 2022,Revithoussa,0.302485556
February 2022,Revithoussa,0.217048858
January 2022,Revithoussa,0.359014365
December 2021,Revithoussa,0.276980045
November 2021,Revithoussa,0.182937374
October 2021,Revithoussa,0.110301401
September 2021,Revithoussa,0.242073145
August 2021,Revithoussa,0.206635737
July 2021,Revithoussa,0.215400632
June 2021,Revithoussa,0.280496421
May 2021,Revithoussa,0.127848732
April 2021,Revithoussa,0.157523073
March 2021,Revithoussa,0.192401805
February 2021,Revithoussa,0.122510185
January 2021,Revithoussa,0.239377117
January 2026,Reganosa,0.060935278
December 2025,Reganosa,0.211575971
November 2025,Reganosa,0.217157616
October 2025,Reganosa,0.177848033
September 2025,Reganosa,0.194217562
August 2025,Reganosa,0.159650126
July 2025,Reganosa,0.162054308
June 2025,Reganosa,0.171483156
May 2025,Reganosa,0.242913101
April 2025,Reganosa,0.243626168
March 2025,Reganosa,0.234067349
February 2025,Reganosa,0.156178692
January 2025,Reganosa,0.179080659
December 2024,Reganosa,0.182821598
November 2024,Reganosa,0.169847067
October 2024,Reganosa,0.162199081
September 2024,Reganosa,0.157475059
August 2024,Reganosa,0.162698606
July 2024,Reganosa,0.161434784
June 2024,Reganosa,0.164789704
May 2024,Reganosa,0.188331488
April 2024,Reganosa,0.191888168
March 2024,Reganosa,0.222014845
February 2024,Reganosa,0.157066897
January 2024,Reganosa,0.235256574
December 2023,Reganosa,0.194153508
November 2023,Reganosa,0.214180229
October 2023,Reganosa,0.247742699
September 2023,Reganosa,0.177086548
August 2023,Reganosa,0.147093277
July 2023,Reganosa,0.192292472
June 2023,Reganosa,0.237125608
May 2023,Reganosa,0.224654018
April 2023,Reganosa,0.254160118
March 2023,Reganosa,0.242849858
February 2023,Reganosa,0.237403264
January 2023,Reganosa,0.266640358
December 2022,Reganosa,0.27860826
November 2022,Reganosa,0.199209128
October 2022,Reganosa,0.136662436
September 2022,Reganosa,0.213803048
August 2022,Reganosa,0.162624044
July 2022,Reganosa,0.174632291
June 2022,Reganosa,0.187173303
May 2022,Reganosa,0.152412463
April 2022,Reganosa,0.191724037
March 2022,Reganosa,0.1679096
February 2022,Reganosa,0.163507932
January 2022,Reganosa,0.174681599
December 2021,Reganosa,0.22009821
November 2021,Reganosa,0.177123131
October 2021,Reganosa,0.168601028
September 2021,Reganosa,0.176600206
August 2021,Reganosa,0.136402079
July 2021,Reganosa,0.109877325
June 2021,Reganosa,0.172871675
May 2021,Reganosa,0.192129133
April 2021,Reganosa,0.210219986
March 2021,Reganosa,0.22401948
February 2021,Reganosa,0.198661745
January 2021,Reganosa,0.214765175
January 2026,Montoir de Bretagne,0.23469445
December 2025,Montoir de Bretagne,0.698058954
November 2025,Montoir de Bretagne,0.671258155
October 2025,Montoir de Bretagne,0.340166453
September 2025,Montoir de Bretagne,0.597072698
August 2025,Montoir de Bretagne,0.428870574
July 2025,Montoir de Bretagne,0.814791243
June 2025,Montoir de Bretagne,0.841831667
May 2025,Montoir de Bretagne,0.32992035
April 2025,Montoir de Bretagne,0.916200169
March 2025,Montoir de Bretagne,1.236982726
February 2025,Montoir de Bretagne,0.644798469
January 2025,Montoir de Bretagne,0.835764191
December 2024,Montoir de Bretagne,0.622072615
November 2024,Montoir de Bretagne,0.555223613
October 2024,Montoir de Bretagne,0.51603436
September 2024,Montoir de Bretagne,0.532603629
August 2024,Montoir de Bretagne,0.154397746
July 2024,Montoir de Bretagne,0.005373998
June 2024,Montoir de Bretagne,0.076463743
May 2024,Montoir de Bretagne,0.355151629
April 2024,Montoir de Bretagne,0.81926888
March 2024,Montoir de Bretagne,0.820576409
February 2024,Montoir de Bretagne,0.494290947
January 2024,Montoir de Bretagne,0.680099303
December 2023,Montoir de Bretagne,0.97198008
November 2023,Montoir de Bretagne,0.999652648
October 2023,Montoir de Bretagne,0.406659448
September 2023,Montoir de Bretagne,0.707581713
August 2023,Montoir de Bretagne,0.571583016
July 2023,Montoir de Bretagne,0.891554523
June 2023,Montoir de Bretagne,0.425487616
May 2023,Montoir de Bretagne,0.861430924
April 2023,Montoir de Bretagne,0.528821986
March 2023,Montoir de Bretagne,0.203666261
February 2023,Montoir de Bretagne,0.660000352
January 2023,Montoir de Bretagne,0.945040111
December 2022,Montoir de Bretagne,1.124509898
November 2022,Montoir de Bretagne,0.931807645
October 2022,Montoir de Bretagne,0.535973619
September 2022,Montoir de Bretagne,0.750187148
August 2022,Montoir de Bretagne,1.053016843
July 2022,Montoir de Bretagne,0.730699712
June 2022,Montoir de Bretagne,0.35099072
May 2022,Montoir de Bretagne,0.833050586
April 2022,Montoir de Bretagne,0.905510627
March 2022,Montoir de Bretagne,0.940568459
February 2022,Montoir de Bretagne,0.948901631
January 2022,Montoir de Bretagne,0.994913384
December 2021,Montoir de Bretagne,0.648639275
November 2021,Montoir de Bretagne,0.521957881
October 2021,Montoir de Bretagne,0.294506306
September 2021,Montoir de Bretagne,0.429186522
August 2021,Montoir de Bretagne,0.417544918
July 2021,Montoir de Bretagne,0.483717292
June 2021,Montoir de Bretagne,0.287509571
May 2021,Montoir de Bretagne,0.082212738
April 2021,Montoir de Bretagne,0.70672102
March 2021,Montoir de Bretagne,0.854332945
February 2021,Montoir de Bretagne,0.415695999
January 2021,Montoir de Bretagne,0.248666598
January 2026,Milford Haven,0.511927585
December 2025,Milford Haven,1.5641165
November 2025,Milford Haven,1.65788837
October 2025,Milford Haven,0.619119138
September 2025,Milford Haven,0.161804964
August 2025,Milford Haven,0.173714755
July 2025,Milford Haven,0.20300737
June 2025,Milford Haven,0.178232796
May 2025,Milford Haven,0.27375481
April 2025,Milford Haven,0.470800363
March 2025,Milford Haven,1.649433649
February 2025,Milford Haven,1.938928147
January 2025,Milford Haven,1.762586064
December 2024,Milford Haven,1.610424859
November 2024,Milford Haven,1.061443649
October 2024,Milford Haven,0.396238916
September 2024,Milford Haven,0.217171873
August 2024,Milford Haven,0.198486236
July 2024,Milford Haven,0.16755373
June 2024,Milford Haven,0.173850779
May 2024,Milford Haven,0.403738969
April 2024,Milford Haven,0.432976913
March 2024,Milford Haven,0.395907285
February 2024,Milford Haven,1.199874554
January 2024,Milford Haven,1.610109012
December 2023,Milford Haven,1.35482598
November 2023,Milford Haven,1.090573621
October 2023,Milford Haven,0.696805685
September 2023,Milford Haven,0.238473634
August 2023,Milford Haven,0.259701106
July 2023,Milford Haven,0.171891167
June 2023,Milford Haven,0.425778931
May 2023,Milford Haven,1.380814579
April 2023,Milford Haven,1.686034072
March 2023,Milford Haven,1.868431816
February 2023,Milford Haven,1.73667311
January 2023,Milford Haven,1.670566084
December 2022,Milford Haven,2.18976274
November 2022,Milford Haven,1.724857487
October 2022,Milford Haven,1.106818103
September 2022,Milford Haven,1.256878852
August 2022,Milford Haven,1.083712656
July 2022,Milford Haven,0.84591234
June 2022,Milford Haven,1.285883853
May 2022,Milford Haven,1.587995811
April 2022,Milford Haven,1.99162476
March 2022,Milford Haven,1.609403845
February 2022,Milford Haven,1.617512941
January 2022,Milford Haven,2.197981973
December 2021,Milford Haven,1.461691116
November 2021,Milford Haven,1.070856828
October 2021,Milford Haven,0.490533022
September 2021,Milford Haven,0.163090725
August 2021,Milford Haven,0.170646008
July 2021,Milford Haven,0.162441364
June 2021,Milford Haven,0.811566941
May 2021,Milford Haven,0.849420728
April 2021,Milford Haven,1.057134824
March 2021,Milford Haven,1.962381618
February 2021,Milford Haven,1.175837911
January 2021,Milford Haven,0.504818611
January 2026,LNG Piombino,0.117356187
December 2025,LNG Piombino,0.375607573
November 2025,LNG Piombino,0.356841864
October 2025,LNG Piombino,0.372761909
September 2025,LNG Piombino,0.371160561
August 2025,LNG Piombino,0.390580926
July 2025,LNG Piombino,0.36079224
June 2025,LNG Piombino,0.369900817
May 2025,LNG Piombino,0.407870242
April 2025,LNG Piombino,0.19437162
March 2025,LNG Piombino,0.365063827
February 2025,LNG Piombino,0.342628724
January 2025,LNG Piombino,0.352761898
December 2024,LNG Piombino,0.378170561
November 2024,LNG Piombino,0.351821847
October 2024,LNG Piombino,0.345994487
September 2024,LNG Piombino,0.318192232
August 2024,LNG Piombino,0.323010571
July 2024,LNG Piombino,0.296084136
June 2024,LNG Piombino,0.14592384
May 2024,LNG Piombino,0.318856499
April 2024,LNG Piombino,0.327528099
March 2024,LNG Piombino,0.320038586
February 2024,LNG Piombino,0.341962353
January 2024,LNG Piombino,0.148192717
December 2023,LNG Piombino,0.344212042
November 2023,LNG Piombino,0.356807308
October 2023,LNG Piombino,0.2576842
September 2023,LNG Piombino,0
August 2023,LNG Piombino,0.008008696
July 2023,LNG Piombino,0.103418777
June 2023,LNG Piombino,0
May 2023,LNG Piombino,0.078471949
April 2023,LNG Piombino,0
March 2023,LNG Piombino,0
February 2023,LNG Piombino,0
January 2026,LNG Panigaglia,0.000528558
December 2025,LNG Panigaglia,0.002949793
November 2025,LNG Panigaglia,0.097941564
October 2025,LNG Panigaglia,0.290219455
September 2025,LNG Panigaglia,0.209302781
August 2025,LNG Panigaglia,0.166051523
July 2025,LNG Panigaglia,0.251541582
June 2025,LNG Panigaglia,0.242667027
May 2025,LNG Panigaglia,0.282223396
April 2025,LNG Panigaglia,0.192430888
March 2025,LNG Panigaglia,0.077547988
February 2025,LNG Panigaglia,0.03803383
January 2025,LNG Panigaglia,0.020830005
December 2024,LNG Panigaglia,0.000894203
November 2024,LNG Panigaglia,0.000890647
October 2024,LNG Panigaglia,0.000884332
September 2024,LNG Panigaglia,0.000753266
August 2024,LNG Panigaglia,0.002075976
July 2024,LNG Panigaglia,0.123794672
June 2024,LNG Panigaglia,0.038047586
May 2024,LNG Panigaglia,0.130795218
April 2024,LNG Panigaglia,0.191553925
March 2024,LNG Panigaglia,0.167286555
February 2024,LNG Panigaglia,0.193427175
January 2024,LNG Panigaglia,0.106934768
December 2023,LNG Panigaglia,0.060352629
November 2023,LNG Panigaglia,0.184007188
October 2023,LNG Panigaglia,0.066685087
September 2023,LNG Panigaglia,0.053081955
August 2023,LNG Panigaglia,0.244149618
July 2023,LNG Panigaglia,0.200800315
June 2023,LNG Panigaglia,0.288953136
May 2023,LNG Panigaglia,0.330263131
April 2023,LNG Panigaglia,0.298924227
March 2023,LNG Panigaglia,0.33351244
February 2023,LNG Panigaglia,0.263339754
January 2023,LNG Panigaglia,0.260879815
December 2022,LNG Panigaglia,0.250204595
November 2022,LNG Panigaglia,0.304637303
October 2022,LNG Panigaglia,0.285583165
September 2022,LNG Panigaglia,0.004995085
August 2022,LNG Panigaglia,0.28557495
July 2022,LNG Panigaglia,0.292119307
June 2022,LNG Panigaglia,0.294853403
May 2022,LNG Panigaglia,0.26187951
April 2022,LNG Panigaglia,0.10997184
March 2022,LNG Panigaglia,0.022719461
February 2022,LNG Panigaglia,0.063686575
January 2022,LNG Panigaglia,0.043986703
December 2021,LNG Panigaglia,0.000402858
November 2021,LNG Panigaglia,0.000428379
October 2021,LNG Panigaglia,0.000458665
September 2021,LNG Panigaglia,0.082998762
August 2021,LNG Panigaglia,0.07458324
July 2021,LNG Panigaglia,0.130510379
June 2021,LNG Panigaglia,0
May 2021,LNG Panigaglia,0.222191334
April 2021,LNG Panigaglia,0.251119522
March 2021,LNG Panigaglia,0.148208473
February 2021,LNG Panigaglia,0.135162573
January 2021,LNG Panigaglia,0.02022333
January 2026,LNG Livorno,0.095521106
December 2025,LNG Livorno,0.374986434
November 2025,LNG Livorno,0.323343028
October 2025,LNG Livorno,0.080255973
September 2025,LNG Livorno,0.395728281
August 2025,LNG Livorno,0.408432289
July 2025,LNG Livorno,0.405662799
June 2025,LNG Livorno,0.401708193
May 2025,LNG Livorno,0.399035659
April 2025,LNG Livorno,0.363862415
March 2025,LNG Livorno,0.398497369
February 2025,LNG Livorno,0.388730283
January 2025,LNG Livorno,0.306193428
December 2024,LNG Livorno,0.365468234
November 2024,LNG Livorno,0.086527214
October 2024,LNG Livorno,0
September 2024,LNG Livorno,0
August 2024,LNG Livorno,0
July 2024,LNG Livorno,0
June 2024,LNG Livorno,0
May 2024,LNG Livorno,0
April 2024,LNG Livorno,0
March 2024,LNG Livorno,0
February 2024,LNG Livorno,0.259262383
January 2024,LNG Livorno,0.405402126
December 2023,LNG Livorno,0.339184131
November 2023,LNG Livorno,0.184774183
October 2023,LNG Livorno,0.196858993
September 2023,LNG Livorno,0.357005513
August 2023,LNG Livorno,0.350003077
July 2023,LNG Livorno,0.378430269
June 2023,LNG Livorno,0.359299313
May 2023,LNG Livorno,0.191768479
April 2023,LNG Livorno,0.408643757
March 2023,LNG Livorno,0.361068185
February 2023,LNG Livorno,0.356614278
January 2023,LNG Livorno,0.326676075
December 2022,LNG Livorno,0.358107115
November 2022,LNG Livorno,0.238284357
October 2022,LNG Livorno,0.190940375
September 2022,LNG Livorno,0.403350798
August 2022,LNG Livorno,0.412060694
July 2022,LNG Livorno,0.420747722
June 2022,LNG Livorno,0.344711484
May 2022,LNG Livorno,0.040912747
April 2022,LNG Livorno,0.358613691
March 2022,LNG Livorno,0.361892985
February 2022,LNG Livorno,0.305134172
January 2022,LNG Livorno,0.307277053
December 2021,LNG Livorno,0
November 2021,LNG Livorno,0
October 2021,LNG Livorno,0
September 2021,LNG Livorno,0.087281047
August 2021,LNG Livorno,0.086843048
July 2021,LNG Livorno,0.091471046
June 2021,LNG Livorno,0.303181143
May 2021,LNG Livorno,0.234272286
April 2021,LNG Livorno,0.334710762
March 2021,LNG Livorno,0.25601343
February 2021,LNG Livorno,0.031689809
January 2021,LNG Livorno,0
January 2026,LNG Cavarzere,0.260150837
December 2025,LNG Cavarzere,0.832472085
November 2025,LNG Cavarzere,0.754886438
October 2025,LNG Cavarzere,0.810824904
September 2025,LNG Cavarzere,0.640284879
August 2025,LNG Cavarzere,0.009223639
July 2025,LNG Cavarzere,0.78305536
June 2025,LNG Cavarzere,0.811481913
May 2025,LNG Cavarzere,0.865362857
April 2025,LNG Cavarzere,0.748028389
March 2025,LNG Cavarzere,0.813769945
February 2025,LNG Cavarzere,0.737114159
January 2025,LNG Cavarzere,0.739405962
December 2024,LNG Cavarzere,0.743498069
November 2024,LNG Cavarzere,0.758973865
October 2024,LNG Cavarzere,0.761626324
September 2024,LNG Cavarzere,0.755595722
August 2024,LNG Cavarzere,0.764279568
July 2024,LNG Cavarzere,0.736207594
June 2024,LNG Cavarzere,0.730125669
May 2024,LNG Cavarzere,0.832979312
April 2024,LNG Cavarzere,0.791569417
March 2024,LNG Cavarzere,0.770344097
February 2024,LNG Cavarzere,0.671431191
January 2024,LNG Cavarzere,0.752131874
December 2023,LNG Cavarzere,0.683426934
November 2023,LNG Cavarzere,0.815478519
October 2023,LNG Cavarzere,0.7813443
September 2023,LNG Cavarzere,0.757531188
August 2023,LNG Cavarzere,0.646265552
July 2023,LNG Cavarzere,0.839864605
June 2023,LNG Cavarzere,0.641450272
May 2023,LNG Cavarzere,0.759305862
April 2023,LNG Cavarzere,0.730434965
March 2023,LNG Cavarzere,0.838376841
February 2023,LNG Cavarzere,0.697571846
January 2023,LNG Cavarzere,0.644829798
December 2022,LNG Cavarzere,0.844798187
November 2022,LNG Cavarzere,0.800430492
October 2022,LNG Cavarzere,0.813163903
September 2022,LNG Cavarzere,0.76275295
August 2022,LNG Cavarzere,0.056125514
July 2022,LNG Cavarzere,0.75794655
June 2022,LNG Cavarzere,0.79266532
May 2022,LNG Cavarzere,0.832430045
April 2022,LNG Cavarzere,0.750949799
March 2022,LNG Cavarzere,0.69689057
February 2022,LNG Cavarzere,0.613348061
January 2022,LNG Cavarzere,0.614086263
December 2021,LNG Cavarzere,0.594743619
November 2021,LNG Cavarzere,0.638492477
October 2021,LNG Cavarzere,0.559356284
September 2021,LNG Cavarzere,0.564659904
August 2021,LNG Cavarzere,0.522841713
July 2021,LNG Cavarzere,0.664984188
June 2021,LNG Cavarzere,0.779513047
May 2021,LNG Cavarzere,0.544280093
April 2021,LNG Cavarzere,0.739816378
March 2021,LNG Cavarzere,0.636328571
February 2021,LNG Cavarzere,0.536352666
January 2021,LNG Cavarzere,0.552975616
January 2026,Le Havre FSRU,0
December 2025,Le Havre FSRU,0
November 2025,Le Havre FSRU,0
October 2025,Le Havre FSRU,0
September 2025,Le Havre FSRU,0
August 2025,Le Havre FSRU,0
July 2025,Le Havre FSRU,0
June 2025,Le Havre FSRU,0
May 2025,Le Havre FSRU,0
April 2025,Le Havre FSRU,0
March 2025,Le Havre FSRU,0
February 2025,Le Havre FSRU,0
January 2025,Le Havre FSRU,0
December 2024,Le Havre FSRU,0
November 2024,Le Havre FSRU,0
October 2024,Le Havre FSRU,0
September 2024,Le Havre FSRU,0
August 2024,Le Havre FSRU,0
July 2024,Le Havre FSRU,0.072668924
June 2024,Le Havre FSRU,0.077769044
May 2024,Le Havre FSRU,0.085642494
April 2024,Le Havre FSRU,0.085836637
March 2024,Le Havre FSRU,0.074854578
February 2024,Le Havre FSRU,0.081032535
January 2024,Le Havre FSRU,0.109180057
December 2023,Le Havre FSRU,0.202402675
November 2023,Le Havre FSRU,0.178130426
October 2023,Le Havre FSRU,0.049980069
September 2023,Le Havre FSRU,3.2298e-05
August 2023,Le Havre FSRU,0
January 2026,Klaipeda (LNG),0.068377004
December 2025,Klaipeda (LNG),0.307904695
November 2025,Klaipeda (LNG),0.280096144
October 2025,Klaipeda (LNG),0.273106258
September 2025,Klaipeda (LNG),0.306604695
August 2025,Klaipeda (LNG),0.242758512
July 2025,Klaipeda (LNG),0.138477503
June 2025,Klaipeda (LNG),0.195578765
May 2025,Klaipeda (LNG),0.288355804
April 2025,Klaipeda (LNG),0.16838617
March 2025,Klaipeda (LNG),0.248040243
February 2025,Klaipeda (LNG),0.196663394
January 2025,Klaipeda (LNG),0.262714768
December 2024,Klaipeda (LNG),0.202087422
November 2024,Klaipeda (LNG),0.268925587
October 2024,Klaipeda (LNG),0.252215265
September 2024,Klaipeda (LNG),0.252159651
August 2024,Klaipeda (LNG),0.119214358
July 2024,Klaipeda (LNG),0.296836581
June 2024,Klaipeda (LNG),0.13880193
May 2024,Klaipeda (LNG),0
April 2024,Klaipeda (LNG),0.214544286
March 2024,Klaipeda (LNG),0.209242739
February 2024,Klaipeda (LNG),0.178092248
January 2024,Klaipeda (LNG),0.139192275
December 2023,Klaipeda (LNG),0.145269641
November 2023,Klaipeda (LNG),0.209371809
October 2023,Klaipeda (LNG),0.30403873
September 2023,Klaipeda (LNG),0.228789212
August 2023,Klaipeda (LNG),0.298469929
July 2023,Klaipeda (LNG),0.293969542
June 2023,Klaipeda (LNG),0.247756303
May 2023,Klaipeda (LNG),0.219893981
April 2023,Klaipeda (LNG),0.238426039
March 2023,Klaipeda (LNG),0.307889258
February 2023,Klaipeda (LNG),0.21295832
January 2023,Klaipeda (LNG),0.331557823
December 2022,Klaipeda (LNG),0.293469256
November 2022,Klaipeda (LNG),0.297250983
October 2022,Klaipeda (LNG),0.299999587
September 2022,Klaipeda (LNG),0.260877988
August 2022,Klaipeda (LNG),0.341493834
July 2022,Klaipeda (LNG),0.324098513
June 2022,Klaipeda (LNG),0.327255552
May 2022,Klaipeda (LNG),0.330573001
April 2022,Klaipeda (LNG),0.263228502
March 2022,Klaipeda (LNG),0.16227573
February 2022,Klaipeda (LNG),0.101461037
January 2022,Klaipeda (LNG),0.05429672
December 2021,Klaipeda (LNG),0.082466657
November 2021,Klaipeda (LNG),0.107351774
October 2021,Klaipeda (LNG),0.087058752
September 2021,Klaipeda (LNG),0.137184293
August 2021,Klaipeda (LNG),0.133448819
July 2021,Klaipeda (LNG),0.117443933
June 2021,Klaipeda (LNG),0.164700502
May 2021,Klaipeda (LNG),0.208866142
April 2021,Klaipeda (LNG),0.14817429
March 2021,Klaipeda (LNG),0.174059237
February 2021,Klaipeda (LNG),0.101393807
January 2021,Klaipeda (LNG),0.0937812
January 2026,Isle of Grain,0.201563772
December 2025,Isle of Grain,0.18769867
November 2025,Isle of Grain,0.091863187
October 2025,Isle of Grain,0.138267525
September 2025,Isle of Grain,0.03691594
August 2025,Isle of Grain,0.000163675
July 2025,Isle of Grain,0.017767942
June 2025,Isle of Grain,0.091755298
May 2025,Isle of Grain,0.060501379
April 2025,Isle of Grain,0.079640406
March 2025,Isle of Grain,0.095831067
February 2025,Isle of Grain,0.45323705
January 2025,Isle of Grain,0.450309395
December 2024,Isle of Grain,0.263021559
November 2024,Isle of Grain,0.313238246
October 2024,Isle of Grain,0.059436955
September 2024,Isle of Grain,0
August 2024,Isle of Grain,0.000138735
July 2024,Isle of Grain,0.000201087
June 2024,Isle of Grain,0.000233823
May 2024,Isle of Grain,0.020423411
April 2024,Isle of Grain,0.018524911
March 2024,Isle of Grain,0.097841053
February 2024,Isle of Grain,0.152062828
January 2024,Isle of Grain,0.660831723
December 2023,Isle of Grain,0.608460013
November 2023,Isle of Grain,0.510315405
October 2023,Isle of Grain,0.136962649
September 2023,Isle of Grain,0.119376895
August 2023,Isle of Grain,0.038678104
July 2023,Isle of Grain,9.8206e-05
June 2023,Isle of Grain,0.071308118
May 2023,Isle of Grain,0.967149931
April 2023,Isle of Grain,1.128251625
March 2023,Isle of Grain,1.153323752
February 2023,Isle of Grain,0.952486664
January 2023,Isle of Grain,0.991506239
December 2022,Isle of Grain,1.262200093
November 2022,Isle of Grain,0.826758843
October 2022,Isle of Grain,0.663590045
September 2022,Isle of Grain,0.588080333
August 2022,Isle of Grain,0.000264222
July 2022,Isle of Grain,0.000364763
June 2022,Isle of Grain,0.043327299
May 2022,Isle of Grain,0.249335292
April 2022,Isle of Grain,1.138696023
March 2022,Isle of Grain,0.421517397
February 2022,Isle of Grain,0.491801661
January 2022,Isle of Grain,0.949923381
December 2021,Isle of Grain,0.614956324
November 2021,Isle of Grain,0.373215057
October 2021,Isle of Grain,0.141585523
September 2021,Isle of Grain,0.050160863
August 2021,Isle of Grain,0.000109118
July 2021,Isle of Grain,0.00265643
June 2021,Isle of Grain,0.184245988
May 2021,Isle of Grain,0.539817288
April 2021,Isle of Grain,1.038207601
March 2021,Isle of Grain,0.28943462
February 2021,Isle of Grain,0.773241563
January 2021,Isle of Grain,0.370556674
January 2026,Inkoo LNG (FI),0.007732586
December 2025,Inkoo LNG (FI),0.061837621
November 2025,Inkoo LNG (FI),0.076210667
October 2025,Inkoo LNG (FI),0.130171834
September 2025,Inkoo LNG (FI),1.253e-06
August 2025,Inkoo LNG (FI),0.003996473
July 2025,Inkoo LNG (FI),0.213935436
June 2025,Inkoo LNG (FI),0.084015754
May 2025,Inkoo LNG (FI),0.163190182
April 2025,Inkoo LNG (FI),0.058158448
March 2025,Inkoo LNG (FI),0.030711055
February 2025,Inkoo LNG (FI),0.044093383
January 2025,Inkoo LNG (FI),0.024178342
December 2024,Inkoo LNG (FI),0.055543899
November 2024,Inkoo LNG (FI),0.089348729
October 2024,Inkoo LNG (FI),0.115936913
September 2024,Inkoo LNG (FI),0.124899429
August 2024,Inkoo LNG (FI),0.233892619
July 2024,Inkoo LNG (FI),0.093978917
June 2024,Inkoo LNG (FI),0.248200267
May 2024,Inkoo LNG (FI),0.240300153
April 2024,Inkoo LNG (FI),0.149851531
March 2024,Inkoo LNG (FI),0.144781604
February 2024,Inkoo LNG (FI),0.148713456
January 2024,Inkoo LNG (FI),0.189673501
December 2023,Inkoo LNG (FI),0.126960702
November 2023,Inkoo LNG (FI),0.125458974
October 2023,Inkoo LNG (FI),0.136450784
September 2023,Inkoo LNG (FI),0.180462353
August 2023,Inkoo LNG (FI),0.185466654
July 2023,Inkoo LNG (FI),0.085515654
June 2023,Inkoo LNG (FI),0.167065363
May 2023,Inkoo LNG (FI),0.170535463
April 2023,Inkoo LNG (FI),0.163884994
March 2023,Inkoo LNG (FI),0.0173375
February 2023,Inkoo LNG (FI),0.002013936
January 2023,Inkoo LNG (FI),0.004164822
January 2026,Huelva,0.034709311
December 2025,Huelva,0.217676638
November 2025,Huelva,0.194047174
October 2025,Huelva,0.295099437
September 2025,Huelva,0.219659258
August 2025,Huelva,0.262995945
July 2025,Huelva,0.435617827
June 2025,Huelva,0.18061305
May 2025,Huelva,0.426337851
April 2025,Huelva,0.322866805
March 2025,Huelva,0.137534266
February 2025,Huelva,0.307896048
January 2025,Huelva,0.388256664
December 2024,Huelva,0.292785231
November 2024,Huelva,0.20879635
October 2024,Huelva,0.214526218
September 2024,Huelva,0.186298398
August 2024,Huelva,0.125349274
July 2024,Huelva,0.270981519
June 2024,Huelva,0.189369632
May 2024,Huelva,0.248358892
April 2024,Huelva,0.313205532
March 2024,Huelva,0.328886484
February 2024,Huelva,0.296291065
January 2024,Huelva,0.350843767
December 2023,Huelva,0.294089999
November 2023,Huelva,0.297322602
October 2023,Huelva,0.040294195
September 2023,Huelva,0.159630921
August 2023,Huelva,0.211817108
July 2023,Huelva,0.219947167
June 2023,Huelva,0.377710494
May 2023,Huelva,0.53005022
April 2023,Huelva,0.560391286
March 2023,Huelva,0.318903726
February 2023,Huelva,0.523749866
January 2023,Huelva,0.579920492
December 2022,Huelva,0.46468891
November 2022,Huelva,0.587736599
October 2022,Huelva,0.346969994
September 2022,Huelva,0.466777088
August 2022,Huelva,0.292265793
July 2022,Huelva,0.467944606
June 2022,Huelva,0.4782384
May 2022,Huelva,0.35830353
April 2022,Huelva,0.278568869
March 2022,Huelva,0.463783047
February 2022,Huelva,0.347996241
January 2022,Huelva,0.570036132
December 2021,Huelva,0.488884351
November 2021,Huelva,0.532811209
October 2021,Huelva,0.404987519
September 2021,Huelva,0.303968949
August 2021,Huelva,0.231331583
July 2021,Huelva,0.269216906
June 2021,Huelva,0.214389486
May 2021,Huelva,0.209731166
April 2021,Huelva,0.253585899
March 2021,Huelva,0.416595
February 2021,Huelva,0.231036503
January 2021,Huelva,0.342160276
January 2026,Hamina LNG,0.000670629
December 2025,Hamina LNG,0.001642551
November 2025,Hamina LNG,0.00165353
October 2025,Hamina LNG,0.00175161
September 2025,Hamina LNG,0.001599749
August 2025,Hamina LNG,0.001906722
July 2025,Hamina LNG,0.002049328
June 2025,Hamina LNG,0.002161872
May 2025,Hamina LNG,0.001381903
April 2025,Hamina LNG,0.002408113
March 2025,Hamina LNG,0.002727306
February 2025,Hamina LNG,0.001908465
January 2025,Hamina LNG,0.001468162
December 2024,Hamina LNG,0.002595823
November 2024,Hamina LNG,0.0018036
October 2024,Hamina LNG,0.001560237
September 2024,Hamina LNG,0.00188528
August 2024,Hamina LNG,0.001799762
July 2024,Hamina LNG,0.002260652
June 2024,Hamina LNG,0.001949512
May 2024,Hamina LNG,0.001573335
April 2024,Hamina LNG,0.001852263
March 2024,Hamina LNG,0.003823059
February 2024,Hamina LNG,0.00213495
January 2024,Hamina LNG,0.005284073
December 2023,Hamina LNG,0.009052077
November 2023,Hamina LNG,0.007140817
October 2023,Hamina LNG,0.007820957
September 2023,Hamina LNG,0.002308519
August 2023,Hamina LNG,0.003756077
July 2023,Hamina LNG,0.010359829
June 2023,Hamina LNG,0.004533296
May 2023,Hamina LNG,0.001105178
April 2023,Hamina LNG,0.005660214
March 2023,Hamina LNG,0.00853712
February 2023,Hamina LNG,0.005505069
January 2023,Hamina LNG,0.011264002
December 2022,Hamina LNG,0.013783615
November 2022,Hamina LNG,0.013677504
October 2022,Hamina LNG,0.005187917
September 2022,Hamina LNG,2.062e-06
January 2026,Gate Terminal (I),0.337913174
December 2025,Gate Terminal (I),1.403924714
November 2025,Gate Terminal (I),1.362734629
October 2025,Gate Terminal (I),1.355653715
September 2025,Gate Terminal (I),1.324130123
August 2025,Gate Terminal (I),1.220598145
July 2025,Gate Terminal (I),1.255407731
June 2025,Gate Terminal (I),1.359512566
May 2025,Gate Terminal (I),1.430960026
April 2025,Gate Terminal (I),1.388722728
March 2025,Gate Terminal (I),1.410615396
February 2025,Gate Terminal (I),1.28226153
January 2025,Gate Terminal (I),1.24504969
December 2024,Gate Terminal (I),1.414066682
November 2024,Gate Terminal (I),1.317062833
October 2024,Gate Terminal (I),1.06331326
September 2024,Gate Terminal (I),1.090096391
August 2024,Gate Terminal (I),0.864359218
July 2024,Gate Terminal (I),1.040395221
June 2024,Gate Terminal (I),0.978244021
May 2024,Gate Terminal (I),1.06184804
April 2024,Gate Terminal (I),1.298744839
March 2024,Gate Terminal (I),1.318841367
February 2024,Gate Terminal (I),1.334984979
January 2024,Gate Terminal (I),1.398016832
December 2023,Gate Terminal (I),1.437329637
November 2023,Gate Terminal (I),1.359977458
October 2023,Gate Terminal (I),1.236162086
September 2023,Gate Terminal (I),1.036660798
August 2023,Gate Terminal (I),1.095260308
July 2023,Gate Terminal (I),1.25993655
June 2023,Gate Terminal (I),1.348794392
May 2023,Gate Terminal (I),1.337337414
April 2023,Gate Terminal (I),1.416563122
March 2023,Gate Terminal (I),1.47402068
February 2023,Gate Terminal (I),1.265219185
January 2023,Gate Terminal (I),1.405662186
December 2022,Gate Terminal (I),1.427940433
November 2022,Gate Terminal (I),1.502125927
October 2022,Gate Terminal (I),1.398402176
September 2022,Gate Terminal (I),1.390718117
August 2022,Gate Terminal (I),1.468684302
July 2022,Gate Terminal (I),1.448191353
June 2022,Gate Terminal (I),1.33313057
May 2022,Gate Terminal (I),1.229297587
April 2022,Gate Terminal (I),1.277653724
March 2022,Gate Terminal (I),1.256331507
February 2022,Gate Terminal (I),1.003728403
January 2022,Gate Terminal (I),1.100581914
December 2021,Gate Terminal (I),0.993518552
November 2021,Gate Terminal (I),0.798722731
October 2021,Gate Terminal (I),0.776315876
September 2021,Gate Terminal (I),0.50461587
August 2021,Gate Terminal (I),0.234391186
July 2021,Gate Terminal (I),0.200315191
June 2021,Gate Terminal (I),0.43959946
May 2021,Gate Terminal (I),1.189583197
April 2021,Gate Terminal (I),1.062984849
March 2021,Gate Terminal (I),1.039340507
February 2021,Gate Terminal (I),0.505321379
January 2021,Gate Terminal (I),0.048554296
January 2026,Fos (Tonkin/Cavaou),0.058533555
December 2025,Fos (Tonkin/Cavaou),0.484729571
November 2025,Fos (Tonkin/Cavaou),0.602968054
October 2025,Fos (Tonkin/Cavaou),0.494282317
September 2025,Fos (Tonkin/Cavaou),0.309936732
August 2025,Fos (Tonkin/Cavaou),0.585491195
July 2025,Fos (Tonkin/Cavaou),0.467139032
June 2025,Fos (Tonkin/Cavaou),0.610447161
May 2025,Fos (Tonkin/Cavaou),1.104794502
April 2025,Fos (Tonkin/Cavaou),1.070252881
March 2025,Fos (Tonkin/Cavaou),1.222272746
February 2025,Fos (Tonkin/Cavaou),0.963171257
January 2025,Fos (Tonkin/Cavaou),0.815503946
December 2024,Fos (Tonkin/Cavaou),0.802206035
November 2024,Fos (Tonkin/Cavaou),0.74620804
October 2024,Fos (Tonkin/Cavaou),0.801508396
September 2024,Fos (Tonkin/Cavaou),0.357914404
August 2024,Fos (Tonkin/Cavaou),0.707952709
July 2024,Fos (Tonkin/Cavaou),0.369401837
June 2024,Fos (Tonkin/Cavaou),0.732392862
May 2024,Fos (Tonkin/Cavaou),0.614184955
April 2024,Fos (Tonkin/Cavaou),0.865339453
March 2024,Fos (Tonkin/Cavaou),0.782411354
February 2024,Fos (Tonkin/Cavaou),0.521918301
January 2024,Fos (Tonkin/Cavaou),0.705658959
December 2023,Fos (Tonkin/Cavaou),1.030895123
November 2023,Fos (Tonkin/Cavaou),1.188674184
October 2023,Fos (Tonkin/Cavaou),0.797821608
September 2023,Fos (Tonkin/Cavaou),0.416182415
August 2023,Fos (Tonkin/Cavaou),0.71030205
July 2023,Fos (Tonkin/Cavaou),0.805069874
June 2023,Fos (Tonkin/Cavaou),0.906487775
May 2023,Fos (Tonkin/Cavaou),1.048851359
April 2023,Fos (Tonkin/Cavaou),0.581285653
March 2023,Fos (Tonkin/Cavaou),0.194063599
February 2023,Fos (Tonkin/Cavaou),0.849840521
January 2023,Fos (Tonkin/Cavaou),1.053828922
December 2022,Fos (Tonkin/Cavaou),1.162671288
November 2022,Fos (Tonkin/Cavaou),1.176445832
October 2022,Fos (Tonkin/Cavaou),1.053233775
September 2022,Fos (Tonkin/Cavaou),0.943312045
August 2022,Fos (Tonkin/Cavaou),0.994113036
July 2022,Fos (Tonkin/Cavaou),1.058791122
June 2022,Fos (Tonkin/Cavaou),0.477042619
May 2022,Fos (Tonkin/Cavaou),1.043489707
April 2022,Fos (Tonkin/Cavaou),0.927401028
March 2022,Fos (Tonkin/Cavaou),0.929135856
February 2022,Fos (Tonkin/Cavaou),0.571377422
January 2022,Fos (Tonkin/Cavaou),1.047099902
December 2021,Fos (Tonkin/Cavaou),0.600143715
November 2021,Fos (Tonkin/Cavaou),0.708111212
October 2021,Fos (Tonkin/Cavaou),0.833173117
September 2021,Fos (Tonkin/Cavaou),0.513403166
August 2021,Fos (Tonkin/Cavaou),0.4041284
July 2021,Fos (Tonkin/Cavaou),0.356676357
June 2021,Fos (Tonkin/Cavaou),0.582824643
May 2021,Fos (Tonkin/Cavaou),0.971041167
April 2021,Fos (Tonkin/Cavaou),0.841277332
March 2021,Fos (Tonkin/Cavaou),0.720385364
February 2021,Fos (Tonkin/Cavaou),0.262169463
January 2021,Fos (Tonkin/Cavaou),0.193398482
January 2026,Eems Energy Terminal,0.048610121
December 2025,Eems Energy Terminal,0.26046342
November 2025,Eems Energy Terminal,0.482908858
October 2025,Eems Energy Terminal,0.807293534
September 2025,Eems Energy Terminal,0.862123438
August 2025,Eems Energy Terminal,0.835322984
July 2025,Eems Energy Terminal,0.907060593
June 2025,Eems Energy Terminal,0.842318745
May 2025,Eems Energy Terminal,0.79233595
April 2025,Eems Energy Terminal,0.495681127
March 2025,Eems Energy Terminal,0.369948011
February 2025,Eems Energy Terminal,0.09054193
January 2025,Eems Energy Terminal,0.09807393
December 2024,Eems Energy Terminal,0.10483464
November 2024,Eems Energy Terminal,0.16852615
October 2024,Eems Energy Terminal,0.240125652
September 2024,Eems Energy Terminal,0.410929945
August 2024,Eems Energy Terminal,0.463910393
July 2024,Eems Energy Terminal,0.459016333
June 2024,Eems Energy Terminal,0.413365714
May 2024,Eems Energy Terminal,0.554047808
April 2024,Eems Energy Terminal,0.593866488
March 2024,Eems Energy Terminal,0.29504564
February 2024,Eems Energy Terminal,0.167971301
January 2024,Eems Energy Terminal,0.209465671
December 2023,Eems Energy Terminal,0.352186436
November 2023,Eems Energy Terminal,0.397636924
October 2023,Eems Energy Terminal,0.645517729
September 2023,Eems Energy Terminal,0.542000817
August 2023,Eems Energy Terminal,0.754307387
July 2023,Eems Energy Terminal,0.756778626
June 2023,Eems Energy Terminal,0.739271523
May 2023,Eems Energy Terminal,0.71820539
April 2023,Eems Energy Terminal,0.579295426
March 2023,Eems Energy Terminal,0.560110033
February 2023,Eems Energy Terminal,0.155262891
January 2023,Eems Energy Terminal,0.093369391
December 2022,Eems Energy Terminal,0.096268929
November 2022,Eems Energy Terminal,0.205564324
October 2022,Eems Energy Terminal,0.475027195
September 2022,Eems Energy Terminal,0.274726661
January 2026,Dunkerque LNG / PEG North,0.31689823
December 2025,Dunkerque LNG / PEG North,1.219282925
November 2025,Dunkerque LNG / PEG North,1.399001248
October 2025,Dunkerque LNG / PEG North,1.476738408
September 2025,Dunkerque LNG / PEG North,1.070362651
August 2025,Dunkerque LNG / PEG North,0.852366522
July 2025,Dunkerque LNG / PEG North,0.691559701
June 2025,Dunkerque LNG / PEG North,0.83452729
May 2025,Dunkerque LNG / PEG North,1.40700778
April 2025,Dunkerque LNG / PEG North,1.430715742
March 2025,Dunkerque LNG / PEG North,1.400456947
February 2025,Dunkerque LNG / PEG North,1.305472164
January 2025,Dunkerque LNG / PEG North,1.146680294
December 2024,Dunkerque LNG / PEG North,0.937904419
November 2024,Dunkerque LNG / PEG North,1.037224286
October 2024,Dunkerque LNG / PEG North,1.12709538
September 2024,Dunkerque LNG / PEG North,0.811799075
August 2024,Dunkerque LNG / PEG North,0.649028684
July 2024,Dunkerque LNG / PEG North,0.86565269
June 2024,Dunkerque LNG / PEG North,0.678686306
May 2024,Dunkerque LNG / PEG North,1.035406088
April 2024,Dunkerque LNG / PEG North,1.184728588
March 2024,Dunkerque LNG / PEG North,0.94731139
February 2024,Dunkerque LNG / PEG North,1.16757088
January 2024,Dunkerque LNG / PEG North,1.110935665
December 2023,Dunkerque LNG / PEG North,1.011213875
November 2023,Dunkerque LNG / PEG North,1.152933098
October 2023,Dunkerque LNG / PEG North,0.884943676
September 2023,Dunkerque LNG / PEG North,0.820211646
August 2023,Dunkerque LNG / PEG North,0.572687904
July 2023,Dunkerque LNG / PEG North,0.75044016
June 2023,Dunkerque LNG / PEG North,1.169271655
May 2023,Dunkerque LNG / PEG North,1.052276497
April 2023,Dunkerque LNG / PEG North,1.325715577
March 2023,Dunkerque LNG / PEG North,0.903184345
February 2023,Dunkerque LNG / PEG North,0.997627391
January 2023,Dunkerque LNG / PEG North,1.04395864
December 2022,Dunkerque LNG / PEG North,1.259859277
November 2022,Dunkerque LNG / PEG North,1.227328834
October 2022,Dunkerque LNG / PEG North,1.2180119
September 2022,Dunkerque LNG / PEG North,0.889447575
August 2022,Dunkerque LNG / PEG North,1.031332642
July 2022,Dunkerque LNG / PEG North,1.071399133
June 2022,Dunkerque LNG / PEG North,0.922889979
May 2022,Dunkerque LNG / PEG North,1.28167252
April 2022,Dunkerque LNG / PEG North,1.336079685
March 2022,Dunkerque LNG / PEG North,1.310150995
February 2022,Dunkerque LNG / PEG North,0.987659018
January 2022,Dunkerque LNG / PEG North,1.152253024
December 2021,Dunkerque LNG / PEG North,0.478263233
November 2021,Dunkerque LNG / PEG North,0.254495837
October 2021,Dunkerque LNG / PEG North,0.148110935
September 2021,Dunkerque LNG / PEG North,0.111770784
August 2021,Dunkerque LNG / PEG North,0.08482209
July 2021,Dunkerque LNG / PEG North,0.355304905
June 2021,Dunkerque LNG / PEG North,0.326664477
May 2021,Dunkerque LNG / PEG North,0.89872089
April 2021,Dunkerque LNG / PEG North,1.047981687
March 2021,Dunkerque LNG / PEG North,0.923402046
February 2021,Dunkerque LNG / PEG North,0.276211458
January 2021,Dunkerque LNG / PEG North,0.069853865
January 2026,Croatia LNG,0.060602634
December 2025,Croatia LNG,0.286912645
November 2025,Croatia LNG,0.268542369
October 2025,Croatia LNG,0.034918396
September 2025,Croatia LNG,1.9138e-05
August 2025,Croatia LNG,0.178369094
July 2025,Croatia LNG,0.22519866
June 2025,Croatia LNG,0.230139914
May 2025,Croatia LNG,0.229565599
April 2025,Croatia LNG,0.214642039
March 2025,Croatia LNG,0.221482751
February 2025,Croatia LNG,0.188558893
January 2025,Croatia LNG,0.226028227
December 2024,Croatia LNG,0.219978637
November 2024,Croatia LNG,0.223573718
October 2024,Croatia LNG,0.193643038
September 2024,Croatia LNG,0.223007264
August 2024,Croatia LNG,0.223765138
July 2024,Croatia LNG,0.220127085
June 2024,Croatia LNG,0.172024285
May 2024,Croatia LNG,0.203261885
April 2024,Croatia LNG,0.201440894
March 2024,Croatia LNG,0.234002181
February 2024,Croatia LNG,0.217887359
January 2024,Croatia LNG,0.218765238
December 2023,Croatia LNG,0.225551951
November 2023,Croatia LNG,0.211607493
October 2023,Croatia LNG,0.214013338
September 2023,Croatia LNG,0.224284386
August 2023,Croatia LNG,0.237709273
July 2023,Croatia LNG,0.232730427
June 2023,Croatia LNG,0.236739786
May 2023,Croatia LNG,0.193856199
April 2023,Croatia LNG,0.230423687
March 2023,Croatia LNG,0.231896397
February 2023,Croatia LNG,0.21690042
January 2023,Croatia LNG,0.218971998
December 2022,Croatia LNG,0.232710801
November 2022,Croatia LNG,0.228465305
October 2022,Croatia LNG,0.240599652
September 2022,Croatia LNG,0.218853776
August 2022,Croatia LNG,0.234845255
July 2022,Croatia LNG,0.220707905
June 2022,Croatia LNG,0.210490257
May 2022,Croatia LNG,0.206652325
April 2022,Croatia LNG,0.196355123
March 2022,Croatia LNG,0.16146576
February 2022,Croatia LNG,0.18773557
January 2022,Croatia LNG,0.180978133
December 2021,Croatia LNG,0.205412248
November 2021,Croatia LNG,0.177052788
October 2021,Croatia LNG,0.073788515
January 2026,Cartagena,0.034925517
December 2025,Cartagena,0.224154091
November 2025,Cartagena,0.256957337
October 2025,Cartagena,0.205356246
September 2025,Cartagena,0.168065741
August 2025,Cartagena,0.15110016
July 2025,Cartagena,0.236255279
June 2025,Cartagena,0.258677095
May 2025,Cartagena,0.201816655
April 2025,Cartagena,0.217292589
March 2025,Cartagena,0.297038869
February 2025,Cartagena,0.233316441
January 2025,Cartagena,0.154540197
December 2024,Cartagena,0.219369324
November 2024,Cartagena,0.160749719
October 2024,Cartagena,0.139947064
September 2024,Cartagena,0.07534679
August 2024,Cartagena,0.202573803
July 2024,Cartagena,0.154963151
June 2024,Cartagena,0.170337117
May 2024,Cartagena,0.178387381
April 2024,Cartagena,0.176748116
March 2024,Cartagena,0.384115725
February 2024,Cartagena,0.268373109
January 2024,Cartagena,0.210175669
December 2023,Cartagena,0.146346308
November 2023,Cartagena,0.295837794
October 2023,Cartagena,0.305213334
September 2023,Cartagena,0.084191536
August 2023,Cartagena,0.231057302
July 2023,Cartagena,0.249873755
June 2023,Cartagena,0.312164037
May 2023,Cartagena,0.380757143
April 2023,Cartagena,0.459999576
March 2023,Cartagena,0.27075532
February 2023,Cartagena,0.278276736
January 2023,Cartagena,0.306578415
December 2022,Cartagena,0.316048418
November 2022,Cartagena,0.277909118
October 2022,Cartagena,0.347423165
September 2022,Cartagena,0.362577191
August 2022,Cartagena,0.191037835
July 2022,Cartagena,0.411218534
June 2022,Cartagena,0.549976041
May 2022,Cartagena,0.586713709
April 2022,Cartagena,0.439533191
March 2022,Cartagena,0.427689351
February 2022,Cartagena,0.409123224
January 2022,Cartagena,0.52703778
December 2021,Cartagena,0.368367709
November 2021,Cartagena,0.419612173
October 2021,Cartagena,0.214734858
September 2021,Cartagena,0.240837157
August 2021,Cartagena,0.164502039
July 2021,Cartagena,0.202557526
June 2021,Cartagena,0.151234024
May 2021,Cartagena,0.184727106
April 2021,Cartagena,0.39818338
March 2021,Cartagena,0.138007709
February 2021,Cartagena,0.124995635
January 2021,Cartagena,0.18471902
January 2026,Brunsbuettel Hafen FSRU,0.038730966
December 2025,Brunsbuettel Hafen FSRU,0.191930851
November 2025,Brunsbuettel Hafen FSRU,0.022309664
October 2025,Brunsbuettel Hafen FSRU,0
September 2025,Brunsbuettel Hafen FSRU,0.148672692
August 2025,Brunsbuettel Hafen FSRU,0.28454548
July 2025,Brunsbuettel Hafen FSRU,0.277649035
June 2025,Brunsbuettel Hafen FSRU,0.264228051
May 2025,Brunsbuettel Hafen FSRU,0.213749778
April 2025,Brunsbuettel Hafen FSRU,0.189043835
March 2025,Brunsbuettel Hafen FSRU,0.189886918
February 2025,Brunsbuettel Hafen FSRU,0.15788445
January 2025,Brunsbuettel Hafen FSRU,0.165824563
December 2024,Brunsbuettel Hafen FSRU,0.186792653
November 2024,Brunsbuettel Hafen FSRU,0.117417902
October 2024,Brunsbuettel Hafen FSRU,0.193285993
September 2024,Brunsbuettel Hafen FSRU,0.133272252
August 2024,Brunsbuettel Hafen FSRU,0.096307612
July 2024,Brunsbuettel Hafen FSRU,0.174278081
June 2024,Brunsbuettel Hafen FSRU,0.346774118
May 2024,Brunsbuettel Hafen FSRU,0.210919153
April 2024,Brunsbuettel Hafen FSRU,0.175276838
March 2024,Brunsbuettel Hafen FSRU,0.150346989
February 2024,Brunsbuettel Hafen FSRU,0.09126594
January 2024,Brunsbuettel Hafen FSRU,0.177149721
December 2023,Brunsbuettel Hafen FSRU,0.14934337
November 2023,Brunsbuettel Hafen FSRU,0.159722848
October 2023,Brunsbuettel Hafen FSRU,0.154287603
September 2023,Brunsbuettel Hafen FSRU,0.106385246
August 2023,Brunsbuettel Hafen FSRU,0.131885532
July 2023,Brunsbuettel Hafen FSRU,0.134567119
June 2023,Brunsbuettel Hafen FSRU,0.15291242
May 2023,Brunsbuettel Hafen FSRU,0.145402486
April 2023,Brunsbuettel Hafen FSRU,0.149341416
March 2023,Brunsbuettel Hafen FSRU,0.047556283
February 2023,Brunsbuettel Hafen FSRU,0
January 2026,Bilbao,0.160549423
December 2025,Bilbao,0.516224304
November 2025,Bilbao,0.396213912
October 2025,Bilbao,0.518077501
September 2025,Bilbao,0.448932883
August 2025,Bilbao,0.396236662
July 2025,Bilbao,0.24590586
June 2025,Bilbao,0.198990616
May 2025,Bilbao,0.245224582
April 2025,Bilbao,0.464177261
March 2025,Bilbao,0.574453035
February 2025,Bilbao,0.553139182
January 2025,Bilbao,0.492999856
December 2024,Bilbao,0.433351149
November 2024,Bilbao,0.434064228
October 2024,Bilbao,0.274590821
September 2024,Bilbao,0.27598479
August 2024,Bilbao,0.32259933
July 2024,Bilbao,0.396957449
June 2024,Bilbao,0.420713215
May 2024,Bilbao,0.398567426
April 2024,Bilbao,0.349155567
March 2024,Bilbao,0.485465091
February 2024,Bilbao,0.499730678
January 2024,Bilbao,0.539221856
December 2023,Bilbao,0.50661374
November 2023,Bilbao,0.434337304
October 2023,Bilbao,0.336339168
September 2023,Bilbao,0.462530786
August 2023,Bilbao,0.501408228
July 2023,Bilbao,0.380242203
June 2023,Bilbao,0.61016244
May 2023,Bilbao,0.503883863
April 2023,Bilbao,0.55176047
March 2023,Bilbao,0.66153502
February 2023,Bilbao,0.590781909
January 2023,Bilbao,0.447895651
December 2022,Bilbao,0.455372732
November 2022,Bilbao,0.526242284
October 2022,Bilbao,0.505311008
September 2022,Bilbao,0.38082095
August 2022,Bilbao,0.451201937
July 2022,Bilbao,0.5813382
June 2022,Bilbao,0.492874821
May 2022,Bilbao,0.545095679
April 2022,Bilbao,0.610216139
March 2022,Bilbao,0.535364562
February 2022,Bilbao,0.413185159
January 2022,Bilbao,0.429324685
December 2021,Bilbao,0.499340045
November 2021,Bilbao,0.580642358
October 2021,Bilbao,0.477133969
September 2021,Bilbao,0.207181018
August 2021,Bilbao,0.323051517
July 2021,Bilbao,0.371781045
June 2021,Bilbao,0.336753875
May 2021,Bilbao,0.188030452
April 2021,Bilbao,0.267195039
March 2021,Bilbao,0.292000813
February 2021,Bilbao,0.385581013
January 2021,Bilbao,0.386190802
January 2026,Barcelona,0.086710794
December 2025,Barcelona,0.299067282
November 2025,Barcelona,0.26327657
October 2025,Barcelona,0.355877499
September 2025,Barcelona,0.213184162
August 2025,Barcelona,0.164044162
July 2025,Barcelona,0.261266113
June 2025,Barcelona,0.211408095
May 2025,Barcelona,0.31961964
April 2025,Barcelona,0.427637688
March 2025,Barcelona,0.218520135
February 2025,Barcelona,0.188369119
January 2025,Barcelona,0.215392428
December 2024,Barcelona,0.353524749
November 2024,Barcelona,0.282583432
October 2024,Barcelona,0.207675192
September 2024,Barcelona,0.168381797
August 2024,Barcelona,0.132389258
July 2024,Barcelona,0.13991344
June 2024,Barcelona,0.127722698
May 2024,Barcelona,0.138130823
April 2024,Barcelona,0.131844433
March 2024,Barcelona,0.141262272
February 2024,Barcelona,0.208064951
January 2024,Barcelona,0.258333766
December 2023,Barcelona,0.299662748
November 2023,Barcelona,0.371588322
October 2023,Barcelona,0.343008873
September 2023,Barcelona,0.340005082
August 2023,Barcelona,0.192179812
July 2023,Barcelona,0.222311685
June 2023,Barcelona,0.362172052
May 2023,Barcelona,0.213718133
April 2023,Barcelona,0.297723952
March 2023,Barcelona,0.345484928
February 2023,Barcelona,0.325742166
January 2023,Barcelona,0.199895195
December 2022,Barcelona,0.378094298
November 2022,Barcelona,0.329735722
October 2022,Barcelona,0.150410524
September 2022,Barcelona,0.219839518
August 2022,Barcelona,0.227246667
July 2022,Barcelona,0.318679293
June 2022,Barcelona,0.48026281
May 2022,Barcelona,0.360290552
April 2022,Barcelona,0.342831685
March 2022,Barcelona,0.295811638
February 2022,Barcelona,0.557670823
January 2022,Barcelona,0.605370143
December 2021,Barcelona,0.34080838
November 2021,Barcelona,0.384993541
October 2021,Barcelona,0.217105275
September 2021,Barcelona,0.200317819
August 2021,Barcelona,0.214484511
July 2021,Barcelona,0.20509808
June 2021,Barcelona,0.230588191
May 2021,Barcelona,0.272525636
April 2021,Barcelona,0.230055493
March 2021,Barcelona,0.140881599
February 2021,Barcelona,0.16857328
January 2021,Barcelona,0.261567355
January 2026,Baltic Energy Gate,0.111667894
December 2025,Baltic Energy Gate,0.403993256
November 2025,Baltic Energy Gate,0.401529172
October 2025,Baltic Energy Gate,0.389982483
September 2025,Baltic Energy Gate,0.112928169
August 2025,Baltic Energy Gate,0.04479719
July 2025,Baltic Energy Gate,0.043068727
June 2025,Baltic Energy Gate,0.272672154
May 2025,Baltic Energy Gate,0.357060449
April 2025,Baltic Energy Gate,0.342115061
March 2025,Baltic Energy Gate,0.137508459
February 2025,Baltic Energy Gate,0.026402465
January 2025,Baltic Energy Gate,0.003017019
December 2024,Baltic Energy Gate,0.095337625
November 2024,Baltic Energy Gate,0.146615085
October 2024,Baltic Energy Gate,0.071503373
September 2024,Baltic Energy Gate,0.037871999
August 2024,Baltic Energy Gate,0.023444575
July 2024,Baltic Energy Gate,0.00014943
June 2024,Baltic Energy Gate,0.045834073
May 2024,Baltic Energy Gate,0
April 2024,Baltic Energy Gate,0.003428204
March 2024,Baltic Energy Gate,0.063622909
February 2024,Baltic Energy Gate,0.068871097
January 2024,Baltic Energy Gate,0.056020275
December 2023,Baltic Energy Gate,0.077862992
November 2023,Baltic Energy Gate,0.038077112
October 2023,Baltic Energy Gate,0.06863241
September 2023,Baltic Energy Gate,0.06415042
August 2023,Baltic Energy Gate,0.070671739
July 2023,Baltic Energy Gate,0.057790465
June 2023,Baltic Energy Gate,0.139968886
May 2023,Baltic Energy Gate,0.163524
April 2023,Baltic Energy Gate,0.108254628
March 2023,Baltic Energy Gate,0.127691179
February 2023,Baltic Energy Gate,0.080219288
January 2023,Baltic Energy Gate,0.040477263
December 2022,Baltic Energy Gate,0
December 2025,Alexandroupolis,0.090737704
November 2025,Alexandroupolis,0.067439481
October 2025,Alexandroupolis,0
September 2025,Alexandroupolis,0
August 2025,Alexandroupolis,0
July 2025,Alexandroupolis,0
June 2025,Alexandroupolis,0
May 2025,Alexandroupolis,0
April 2025,Alexandroupolis,0
March 2025,Alexandroupolis,0
February 2025,Alexandroupolis,0
January 2025,Alexandroupolis,0.098477374
December 2024,Alexandroupolis,0.087947247
November 2024,Alexandroupolis,0.083902332
October 2024,Alexandroupolis,0.029315645
September 2024,Alexandroupolis,0.001619084
August 2024,Alexandroupolis,0.014813722
July 2024,Alexandroupolis,0
June 2024,Alexandroupolis,0.001115465
May 2024,Alexandroupolis,0.010042956
April 2024,Alexandroupolis,0.026774647
March 2024,Alexandroupolis,0.000306557
February 2024,Alexandroupolis,0
January 2024,Alexandroupolis,0
December 2023,Alexandroupolis,0
November 2023,Alexandroupolis,0
October 2023,Alexandroupolis,0
September 2023,Alexandroupolis,0
August 2023,Alexandroupolis,0
July 2023,Alexandroupolis,0
June 2023,Alexandroupolis,0
May 2023,Alexandroupolis,0
April 2023,Alexandroupolis,0
March 2023,Alexandroupolis,0
February 2023,Alexandroupolis,0
January 2023,Alexandroupolis,0
December 2022,Alexandroupolis,0
November 2022,Alexandroupolis,0
October 2022,Alexandroupolis,0
September 2022,Alexandroupolis,0
August 2022,Alexandroupolis,0
July 2022,Alexandroupolis,0
June 2022,Alexandroupolis,0
May 2022,Alexandroupolis,0
April 2022,Alexandroupolis,0
March 2022,Alexandroupolis,0
February 2022,Alexandroupolis,0
January 2022,Alexandroupolis,0
December 2021,Alexandroupolis,0
November 2021,Alexandroupolis,0
October 2021,Alexandroupolis,0
September 2021,Alexandroupolis,0
August 2021,Alexandroupolis,0
July 2021,Alexandroupolis,0
June 2021,Alexandroupolis,0
May 2021,Alexandroupolis,0
April 2021,Alexandroupolis,0
March 2021,Alexandroupolis,0
February 2021,Alexandroupolis,0
January 2021,Alexandroupolis,0
