Month of Date,Target Country,Point,flows_bcm
January 2021,Belgium,Zeebrugge LNG,0.072113146
February 2021,Belgium,Zeebrugge LNG,0.108015348
March 2021,Belgium,Zeebrugge LNG,0.737930549
April 2021,Belgium,Zeebrugge LNG,0.636430449
May 2021,Belgium,Zeebrugge LNG,0.624004534
June 2021,Belgium,Zeebrugge LNG,0.347600708
July 2021,Belgium,Zeebrugge LNG,0.228208259
August 2021,Belgium,Zeebrugge LNG,0.31830197
September 2021,Belgium,Zeebrugge LNG,0.126136619
October 2021,Belgium,Zeebrugge LNG,0.318512195
November 2021,Belgium,Zeebrugge LNG,0.421589406
December 2021,Belgium,Zeebrugge LNG,0.252445025
January 2022,Belgium,Zeebrugge LNG,0.814852227
February 2022,Belgium,Zeebrugge LNG,0.673225187
March 2022,Belgium,Zeebrugge LNG,0.759793053
April 2022,Belgium,Zeebrugge LNG,1.099590458
May 2022,Belgium,Zeebrugge LNG,0.818046074
June 2022,Belgium,Zeebrugge LNG,1.074429049
July 2022,Belgium,Zeebrugge LNG,1.183209979
August 2022,Belgium,Zeebrugge LNG,0.948690137
September 2022,Belgium,Zeebrugge LNG,0.789756572
October 2022,Belgium,Zeebrugge LNG,1.084484448
November 2022,Belgium,Zeebrugge LNG,1.148300969
December 2022,Belgium,Zeebrugge LNG,1.147478753
January 2023,Belgium,Zeebrugge LNG,1.117643766
February 2023,Belgium,Zeebrugge LNG,0.961981891
March 2023,Belgium,Zeebrugge LNG,1.241373082
April 2023,Belgium,Zeebrugge LNG,1.314566769
May 2023,Belgium,Zeebrugge LNG,0.988478848
June 2023,Belgium,Zeebrugge LNG,0.845077349
July 2023,Belgium,Zeebrugge LNG,0.696511637
August 2023,Belgium,Zeebrugge LNG,0.742533946
September 2023,Belgium,Zeebrugge LNG,0.586769554
October 2023,Belgium,Zeebrugge LNG,0.943509001
November 2023,Belgium,Zeebrugge LNG,1.148589828
December 2023,Belgium,Zeebrugge LNG,0.84575653
January 2024,Belgium,Zeebrugge LNG,0.823815618
February 2024,Belgium,Zeebrugge LNG,0.734522396
March 2024,Belgium,Zeebrugge LNG,1.189279813
April 2024,Belgium,Zeebrugge LNG,0.903116341
May 2024,Belgium,Zeebrugge LNG,0.704871398
June 2024,Belgium,Zeebrugge LNG,0.552940028
July 2024,Belgium,Zeebrugge LNG,0.688371751
August 2024,Belgium,Zeebrugge LNG,0.174159142
September 2024,Belgium,Zeebrugge LNG,0.273069324
October 2024,Belgium,Zeebrugge LNG,0.442302371
November 2024,Belgium,Zeebrugge LNG,0.548915013
December 2024,Belgium,Zeebrugge LNG,0.727546336
January 2025,Belgium,Zeebrugge LNG,0.600100344
February 2025,Belgium,Zeebrugge LNG,1.223896002
March 2025,Belgium,Zeebrugge LNG,1.192932002
April 2025,Belgium,Zeebrugge LNG,1.474494968
May 2025,Belgium,Zeebrugge LNG,1.297585391
June 2025,Belgium,Zeebrugge LNG,1.322507684
July 2025,Belgium,Zeebrugge LNG,0.929193225
August 2025,Belgium,Zeebrugge LNG,0.581991158
September 2025,Belgium,Zeebrugge LNG,0.952270939
October 2025,Belgium,Zeebrugge LNG,1.613843059
November 2025,Belgium,Zeebrugge LNG,1.418616467
December 2025,Belgium,Zeebrugge LNG,1.297177714
January 2026,Belgium,Zeebrugge LNG,0.362515253
October 2021,Croatia,Croatia LNG,0.073788515
November 2021,Croatia,Croatia LNG,0.177052788
December 2021,Croatia,Croatia LNG,0.205412248
January 2022,Croatia,Croatia LNG,0.180978133
February 2022,Croatia,Croatia LNG,0.18773557
March 2022,Croatia,Croatia LNG,0.16146576
April 2022,Croatia,Croatia LNG,0.196355123
May 2022,Croatia,Croatia LNG,0.206652325
June 2022,Croatia,Croatia LNG,0.210490257
July 2022,Croatia,Croatia LNG,0.220707905
August 2022,Croatia,Croatia LNG,0.234845255
September 2022,Croatia,Croatia LNG,0.218853776
October 2022,Croatia,Croatia LNG,0.240599652
November 2022,Croatia,Croatia LNG,0.228465305
December 2022,Croatia,Croatia LNG,0.232710801
January 2023,Croatia,Croatia LNG,0.218971998
February 2023,Croatia,Croatia LNG,0.21690042
March 2023,Croatia,Croatia LNG,0.231896397
April 2023,Croatia,Croatia LNG,0.230423687
May 2023,Croatia,Croatia LNG,0.193856199
June 2023,Croatia,Croatia LNG,0.236739786
July 2023,Croatia,Croatia LNG,0.232730427
August 2023,Croatia,Croatia LNG,0.237709273
September 2023,Croatia,Croatia LNG,0.224284386
October 2023,Croatia,Croatia LNG,0.214013338
November 2023,Croatia,Croatia LNG,0.211607493
December 2023,Croatia,Croatia LNG,0.225551951
January 2024,Croatia,Croatia LNG,0.218765238
February 2024,Croatia,Croatia LNG,0.217887359
March 2024,Croatia,Croatia LNG,0.234002181
April 2024,Croatia,Croatia LNG,0.201440894
May 2024,Croatia,Croatia LNG,0.203261885
June 2024,Croatia,Croatia LNG,0.172024285
July 2024,Croatia,Croatia LNG,0.220127085
August 2024,Croatia,Croatia LNG,0.223765138
September 2024,Croatia,Croatia LNG,0.223007264
October 2024,Croatia,Croatia LNG,0.193643038
November 2024,Croatia,Croatia LNG,0.223573718
December 2024,Croatia,Croatia LNG,0.219978637
January 2025,Croatia,Croatia LNG,0.226028227
February 2025,Croatia,Croatia LNG,0.188558893
March 2025,Croatia,Croatia LNG,0.221482751
April 2025,Croatia,Croatia LNG,0.214642039
May 2025,Croatia,Croatia LNG,0.229565599
June 2025,Croatia,Croatia LNG,0.230139914
July 2025,Croatia,Croatia LNG,0.22519866
August 2025,Croatia,Croatia LNG,0.178369094
September 2025,Croatia,Croatia LNG,1.9138e-05
October 2025,Croatia,Croatia LNG,0.034918396
November 2025,Croatia,Croatia LNG,0.268542369
December 2025,Croatia,Croatia LNG,0.286912645
January 2026,Croatia,Croatia LNG,0.060602634
January 2023,Finland,Inkoo LNG (FI),0.004164822
February 2023,Finland,Inkoo LNG (FI),0.002013936
March 2023,Finland,Inkoo LNG (FI),0.0173375
April 2023,Finland,Inkoo LNG (FI),0.163884994
May 2023,Finland,Inkoo LNG (FI),0.170535463
June 2023,Finland,Inkoo LNG (FI),0.167065363
July 2023,Finland,Inkoo LNG (FI),0.085515654
August 2023,Finland,Inkoo LNG (FI),0.185466654
September 2023,Finland,Inkoo LNG (FI),0.180462353
October 2023,Finland,Inkoo LNG (FI),0.136450784
November 2023,Finland,Inkoo LNG (FI),0.125458974
December 2023,Finland,Inkoo LNG (FI),0.126960702
January 2024,Finland,Inkoo LNG (FI),0.189673501
February 2024,Finland,Inkoo LNG (FI),0.148713456
March 2024,Finland,Inkoo LNG (FI),0.144781604
April 2024,Finland,Inkoo LNG (FI),0.149851531
May 2024,Finland,Inkoo LNG (FI),0.240300153
June 2024,Finland,Inkoo LNG (FI),0.248200267
July 2024,Finland,Inkoo LNG (FI),0.093978917
August 2024,Finland,Inkoo LNG (FI),0.233892619
September 2024,Finland,Inkoo LNG (FI),0.124899429
October 2024,Finland,Inkoo LNG (FI),0.115936913
November 2024,Finland,Inkoo LNG (FI),0.089348729
December 2024,Finland,Inkoo LNG (FI),0.055543899
January 2025,Finland,Inkoo LNG (FI),0.024178342
February 2025,Finland,Inkoo LNG (FI),0.044093383
March 2025,Finland,Inkoo LNG (FI),0.030711055
April 2025,Finland,Inkoo LNG (FI),0.058158448
May 2025,Finland,Inkoo LNG (FI),0.163190182
June 2025,Finland,Inkoo LNG (FI),0.084015754
July 2025,Finland,Inkoo LNG (FI),0.213935436
August 2025,Finland,Inkoo LNG (FI),0.003996473
September 2025,Finland,Inkoo LNG (FI),1.253e-06
October 2025,Finland,Inkoo LNG (FI),0.130171834
November 2025,Finland,Inkoo LNG (FI),0.076210667
December 2025,Finland,Inkoo LNG (FI),0.061837621
January 2026,Finland,Inkoo LNG (FI),0.007732586
September 2022,Finland,Hamina LNG,2.062e-06
October 2022,Finland,Hamina LNG,0.005187917
November 2022,Finland,Hamina LNG,0.013677504
December 2022,Finland,Hamina LNG,0.013783615
January 2023,Finland,Hamina LNG,0.011264002
February 2023,Finland,Hamina LNG,0.005505069
March 2023,Finland,Hamina LNG,0.00853712
April 2023,Finland,Hamina LNG,0.005660214
May 2023,Finland,Hamina LNG,0.001105178
June 2023,Finland,Hamina LNG,0.004533296
July 2023,Finland,Hamina LNG,0.010359829
August 2023,Finland,Hamina LNG,0.003756077
September 2023,Finland,Hamina LNG,0.002308519
October 2023,Finland,Hamina LNG,0.007820957
November 2023,Finland,Hamina LNG,0.007140817
December 2023,Finland,Hamina LNG,0.009052077
January 2024,Finland,Hamina LNG,0.005284073
February 2024,Finland,Hamina LNG,0.00213495
March 2024,Finland,Hamina LNG,0.003823059
April 2024,Finland,Hamina LNG,0.001852263
May 2024,Finland,Hamina LNG,0.001573335
June 2024,Finland,Hamina LNG,0.001949512
July 2024,Finland,Hamina LNG,0.002260652
August 2024,Finland,Hamina LNG,0.001799762
September 2024,Finland,Hamina LNG,0.00188528
October 2024,Finland,Hamina LNG,0.001560237
November 2024,Finland,Hamina LNG,0.0018036
December 2024,Finland,Hamina LNG,0.002595823
January 2025,Finland,Hamina LNG,0.001468162
February 2025,Finland,Hamina LNG,0.001908465
March 2025,Finland,Hamina LNG,0.002727306
April 2025,Finland,Hamina LNG,0.002408113
May 2025,Finland,Hamina LNG,0.001381903
June 2025,Finland,Hamina LNG,0.002161872
July 2025,Finland,Hamina LNG,0.002049328
August 2025,Finland,Hamina LNG,0.001906722
September 2025,Finland,Hamina LNG,0.001599749
October 2025,Finland,Hamina LNG,0.00175161
November 2025,Finland,Hamina LNG,0.00165353
December 2025,Finland,Hamina LNG,0.001642551
January 2026,Finland,Hamina LNG,0.000670629
January 2021,France,Montoir de Bretagne,0.248666598
February 2021,France,Montoir de Bretagne,0.415695999
March 2021,France,Montoir de Bretagne,0.854332945
April 2021,France,Montoir de Bretagne,0.70672102
May 2021,France,Montoir de Bretagne,0.082212738
June 2021,France,Montoir de Bretagne,0.287509571
July 2021,France,Montoir de Bretagne,0.483717292
August 2021,France,Montoir de Bretagne,0.417544918
September 2021,France,Montoir de Bretagne,0.429186522
October 2021,France,Montoir de Bretagne,0.294506306
November 2021,France,Montoir de Bretagne,0.521957881
December 2021,France,Montoir de Bretagne,0.648639275
January 2022,France,Montoir de Bretagne,0.994913384
February 2022,France,Montoir de Bretagne,0.948901631
March 2022,France,Montoir de Bretagne,0.940568459
April 2022,France,Montoir de Bretagne,0.905510627
May 2022,France,Montoir de Bretagne,0.833050586
June 2022,France,Montoir de Bretagne,0.35099072
July 2022,France,Montoir de Bretagne,0.730699712
August 2022,France,Montoir de Bretagne,1.053016843
September 2022,France,Montoir de Bretagne,0.750187148
October 2022,France,Montoir de Bretagne,0.535973619
November 2022,France,Montoir de Bretagne,0.931807645
December 2022,France,Montoir de Bretagne,1.124509898
January 2023,France,Montoir de Bretagne,0.945040111
February 2023,France,Montoir de Bretagne,0.660000352
March 2023,France,Montoir de Bretagne,0.203666261
April 2023,France,Montoir de Bretagne,0.528821986
May 2023,France,Montoir de Bretagne,0.861430924
June 2023,France,Montoir de Bretagne,0.425487616
July 2023,France,Montoir de Bretagne,0.891554523
August 2023,France,Montoir de Bretagne,0.571583016
September 2023,France,Montoir de Bretagne,0.707581713
October 2023,France,Montoir de Bretagne,0.406659448
November 2023,France,Montoir de Bretagne,0.999652648
December 2023,France,Montoir de Bretagne,0.97198008
January 2024,France,Montoir de Bretagne,0.680099303
February 2024,France,Montoir de Bretagne,0.494290947
March 2024,France,Montoir de Bretagne,0.820576409
April 2024,France,Montoir de Bretagne,0.81926888
May 2024,France,Montoir de Bretagne,0.355151629
June 2024,France,Montoir de Bretagne,0.076463743
July 2024,France,Montoir de Bretagne,0.005373998
August 2024,France,Montoir de Bretagne,0.154397746
September 2024,France,Montoir de Bretagne,0.532603629
October 2024,France,Montoir de Bretagne,0.51603436
November 2024,France,Montoir de Bretagne,0.555223613
December 2024,France,Montoir de Bretagne,0.622072615
January 2025,France,Montoir de Bretagne,0.835764191
February 2025,France,Montoir de Bretagne,0.644798469
March 2025,France,Montoir de Bretagne,1.236982726
April 2025,France,Montoir de Bretagne,0.916200169
May 2025,France,Montoir de Bretagne,0.32992035
June 2025,France,Montoir de Bretagne,0.841831667
July 2025,France,Montoir de Bretagne,0.814791243
August 2025,France,Montoir de Bretagne,0.428870574
September 2025,France,Montoir de Bretagne,0.597072698
October 2025,France,Montoir de Bretagne,0.340166453
November 2025,France,Montoir de Bretagne,0.671258155
December 2025,France,Montoir de Bretagne,0.698058954
January 2026,France,Montoir de Bretagne,0.23469445
August 2023,France,Le Havre FSRU,0
September 2023,France,Le Havre FSRU,3.2298e-05
October 2023,France,Le Havre FSRU,0.049980069
November 2023,France,Le Havre FSRU,0.178130426
December 2023,France,Le Havre FSRU,0.202402675
January 2024,France,Le Havre FSRU,0.109180057
February 2024,France,Le Havre FSRU,0.081032535
March 2024,France,Le Havre FSRU,0.074854578
April 2024,France,Le Havre FSRU,0.085836637
May 2024,France,Le Havre FSRU,0.085642494
June 2024,France,Le Havre FSRU,0.077769044
July 2024,France,Le Havre FSRU,0.072668924
August 2024,France,Le Havre FSRU,0
September 2024,France,Le Havre FSRU,0
October 2024,France,Le Havre FSRU,0
November 2024,France,Le Havre FSRU,0
December 2024,France,Le Havre FSRU,0
January 2025,France,Le Havre FSRU,0
February 2025,France,Le Havre FSRU,0
March 2025,France,Le Havre FSRU,0
April 2025,France,Le Havre FSRU,0
May 2025,France,Le Havre FSRU,0
June 2025,France,Le Havre FSRU,0
July 2025,France,Le Havre FSRU,0
August 2025,France,Le Havre FSRU,0
September 2025,France,Le Havre FSRU,0
October 2025,France,Le Havre FSRU,0
November 2025,France,Le Havre FSRU,0
December 2025,France,Le Havre FSRU,0
January 2026,France,Le Havre FSRU,0
January 2021,France,Fos (Tonkin/Cavaou),0.193398482
February 2021,France,Fos (Tonkin/Cavaou),0.262169463
March 2021,France,Fos (Tonkin/Cavaou),0.720385364
April 2021,France,Fos (Tonkin/Cavaou),0.841277332
May 2021,France,Fos (Tonkin/Cavaou),0.971041167
June 2021,France,Fos (Tonkin/Cavaou),0.582824643
July 2021,France,Fos (Tonkin/Cavaou),0.356676357
August 2021,France,Fos (Tonkin/Cavaou),0.4041284
September 2021,France,Fos (Tonkin/Cavaou),0.513403166
October 2021,France,Fos (Tonkin/Cavaou),0.833173117
November 2021,France,Fos (Tonkin/Cavaou),0.708111212
December 2021,France,Fos (Tonkin/Cavaou),0.600143715
January 2022,France,Fos (Tonkin/Cavaou),1.047099902
February 2022,France,Fos (Tonkin/Cavaou),0.571377422
March 2022,France,Fos (Tonkin/Cavaou),0.929135856
April 2022,France,Fos (Tonkin/Cavaou),0.927401028
May 2022,France,Fos (Tonkin/Cavaou),1.043489707
June 2022,France,Fos (Tonkin/Cavaou),0.477042619
July 2022,France,Fos (Tonkin/Cavaou),1.058791122
August 2022,France,Fos (Tonkin/Cavaou),0.994113036
September 2022,France,Fos (Tonkin/Cavaou),0.943312045
October 2022,France,Fos (Tonkin/Cavaou),1.053233775
November 2022,France,Fos (Tonkin/Cavaou),1.176445832
December 2022,France,Fos (Tonkin/Cavaou),1.162671288
January 2023,France,Fos (Tonkin/Cavaou),1.053828922
February 2023,France,Fos (Tonkin/Cavaou),0.849840521
March 2023,France,Fos (Tonkin/Cavaou),0.194063599
April 2023,France,Fos (Tonkin/Cavaou),0.581285653
May 2023,France,Fos (Tonkin/Cavaou),1.048851359
June 2023,France,Fos (Tonkin/Cavaou),0.906487775
July 2023,France,Fos (Tonkin/Cavaou),0.805069874
August 2023,France,Fos (Tonkin/Cavaou),0.71030205
September 2023,France,Fos (Tonkin/Cavaou),0.416182415
October 2023,France,Fos (Tonkin/Cavaou),0.797821608
November 2023,France,Fos (Tonkin/Cavaou),1.188674184
December 2023,France,Fos (Tonkin/Cavaou),1.030895123
January 2024,France,Fos (Tonkin/Cavaou),0.705658959
February 2024,France,Fos (Tonkin/Cavaou),0.521918301
March 2024,France,Fos (Tonkin/Cavaou),0.782411354
April 2024,France,Fos (Tonkin/Cavaou),0.865339453
May 2024,France,Fos (Tonkin/Cavaou),0.614184955
June 2024,France,Fos (Tonkin/Cavaou),0.732392862
July 2024,France,Fos (Tonkin/Cavaou),0.369401837
August 2024,France,Fos (Tonkin/Cavaou),0.707952709
September 2024,France,Fos (Tonkin/Cavaou),0.357914404
October 2024,France,Fos (Tonkin/Cavaou),0.801508396
November 2024,France,Fos (Tonkin/Cavaou),0.74620804
December 2024,France,Fos (Tonkin/Cavaou),0.802206035
January 2025,France,Fos (Tonkin/Cavaou),0.815503946
February 2025,France,Fos (Tonkin/Cavaou),0.963171257
March 2025,France,Fos (Tonkin/Cavaou),1.222272746
April 2025,France,Fos (Tonkin/Cavaou),1.070252881
May 2025,France,Fos (Tonkin/Cavaou),1.104794502
June 2025,France,Fos (Tonkin/Cavaou),0.610447161
July 2025,France,Fos (Tonkin/Cavaou),0.467139032
August 2025,France,Fos (Tonkin/Cavaou),0.585491195
September 2025,France,Fos (Tonkin/Cavaou),0.309936732
October 2025,France,Fos (Tonkin/Cavaou),0.494282317
November 2025,France,Fos (Tonkin/Cavaou),0.602968054
December 2025,France,Fos (Tonkin/Cavaou),0.484729571
January 2026,France,Fos (Tonkin/Cavaou),0.058533555
January 2021,France,Dunkerque LNG / PEG North,0.069853865
February 2021,France,Dunkerque LNG / PEG North,0.276211458
March 2021,France,Dunkerque LNG / PEG North,0.923402046
April 2021,France,Dunkerque LNG / PEG North,1.047981687
May 2021,France,Dunkerque LNG / PEG North,0.89872089
June 2021,France,Dunkerque LNG / PEG North,0.326664477
July 2021,France,Dunkerque LNG / PEG North,0.355304905
August 2021,France,Dunkerque LNG / PEG North,0.08482209
September 2021,France,Dunkerque LNG / PEG North,0.111770784
October 2021,France,Dunkerque LNG / PEG North,0.148110935
November 2021,France,Dunkerque LNG / PEG North,0.254495837
December 2021,France,Dunkerque LNG / PEG North,0.478263233
January 2022,France,Dunkerque LNG / PEG North,1.152253024
February 2022,France,Dunkerque LNG / PEG North,0.987659018
March 2022,France,Dunkerque LNG / PEG North,1.310150995
April 2022,France,Dunkerque LNG / PEG North,1.336079685
May 2022,France,Dunkerque LNG / PEG North,1.28167252
June 2022,France,Dunkerque LNG / PEG North,0.922889979
July 2022,France,Dunkerque LNG / PEG North,1.071399133
August 2022,France,Dunkerque LNG / PEG North,1.031332642
September 2022,France,Dunkerque LNG / PEG North,0.889447575
October 2022,France,Dunkerque LNG / PEG North,1.2180119
November 2022,France,Dunkerque LNG / PEG North,1.227328834
December 2022,France,Dunkerque LNG / PEG North,1.259859277
January 2023,France,Dunkerque LNG / PEG North,1.04395864
February 2023,France,Dunkerque LNG / PEG North,0.997627391
March 2023,France,Dunkerque LNG / PEG North,0.903184345
April 2023,France,Dunkerque LNG / PEG North,1.325715577
May 2023,France,Dunkerque LNG / PEG North,1.052276497
June 2023,France,Dunkerque LNG / PEG North,1.169271655
July 2023,France,Dunkerque LNG / PEG North,0.75044016
August 2023,France,Dunkerque LNG / PEG North,0.572687904
September 2023,France,Dunkerque LNG / PEG North,0.820211646
October 2023,France,Dunkerque LNG / PEG North,0.884943676
November 2023,France,Dunkerque LNG / PEG North,1.152933098
December 2023,France,Dunkerque LNG / PEG North,1.011213875
January 2024,France,Dunkerque LNG / PEG North,1.110935665
February 2024,France,Dunkerque LNG / PEG North,1.16757088
March 2024,France,Dunkerque LNG / PEG North,0.94731139
April 2024,France,Dunkerque LNG / PEG North,1.184728588
May 2024,France,Dunkerque LNG / PEG North,1.035406088
June 2024,France,Dunkerque LNG / PEG North,0.678686306
July 2024,France,Dunkerque LNG / PEG North,0.86565269
August 2024,France,Dunkerque LNG / PEG North,0.649028684
September 2024,France,Dunkerque LNG / PEG North,0.811799075
October 2024,France,Dunkerque LNG / PEG North,1.12709538
November 2024,France,Dunkerque LNG / PEG North,1.037224286
December 2024,France,Dunkerque LNG / PEG North,0.937904419
January 2025,France,Dunkerque LNG / PEG North,1.146680294
February 2025,France,Dunkerque LNG / PEG North,1.305472164
March 2025,France,Dunkerque LNG / PEG North,1.400456947
April 2025,France,Dunkerque LNG / PEG North,1.430715742
May 2025,France,Dunkerque LNG / PEG North,1.40700778
June 2025,France,Dunkerque LNG / PEG North,0.83452729
July 2025,France,Dunkerque LNG / PEG North,0.691559701
August 2025,France,Dunkerque LNG / PEG North,0.852366522
September 2025,France,Dunkerque LNG / PEG North,1.070362651
October 2025,France,Dunkerque LNG / PEG North,1.476738408
November 2025,France,Dunkerque LNG / PEG North,1.399001248
December 2025,France,Dunkerque LNG / PEG North,1.219282925
January 2026,France,Dunkerque LNG / PEG North,0.31689823
December 2022,Germany,Wilhelmshaven LNG,0.087234785
January 2023,Germany,Wilhelmshaven LNG,0.305555786
February 2023,Germany,Wilhelmshaven LNG,0.346783837
March 2023,Germany,Wilhelmshaven LNG,0.291059924
April 2023,Germany,Wilhelmshaven LNG,0.39956749
May 2023,Germany,Wilhelmshaven LNG,0.369023895
June 2023,Germany,Wilhelmshaven LNG,0.361709663
July 2023,Germany,Wilhelmshaven LNG,0.322220399
August 2023,Germany,Wilhelmshaven LNG,0.386115246
September 2023,Germany,Wilhelmshaven LNG,0.3545949
October 2023,Germany,Wilhelmshaven LNG,0.396025731
November 2023,Germany,Wilhelmshaven LNG,0.359022363
December 2023,Germany,Wilhelmshaven LNG,0.399042486
January 2024,Germany,Wilhelmshaven LNG,0.378867262
February 2024,Germany,Wilhelmshaven LNG,0.292472727
March 2024,Germany,Wilhelmshaven LNG,0.295426814
April 2024,Germany,Wilhelmshaven LNG,0.310095049
May 2024,Germany,Wilhelmshaven LNG,0.395950233
June 2024,Germany,Wilhelmshaven LNG,0.359695043
July 2024,Germany,Wilhelmshaven LNG,0.245340473
August 2024,Germany,Wilhelmshaven LNG,0.21995085
September 2024,Germany,Wilhelmshaven LNG,0.291217979
October 2024,Germany,Wilhelmshaven LNG,0.24933304
November 2024,Germany,Wilhelmshaven LNG,0.16995639
December 2024,Germany,Wilhelmshaven LNG,0.36173118
January 2025,Germany,Wilhelmshaven LNG,0.182992111
February 2025,Germany,Wilhelmshaven LNG,0.096983197
March 2025,Germany,Wilhelmshaven LNG,0.163598129
April 2025,Germany,Wilhelmshaven LNG,0.082734823
February 2023,Germany,Brunsbuettel Hafen FSRU,0
March 2023,Germany,Brunsbuettel Hafen FSRU,0.047556283
April 2023,Germany,Brunsbuettel Hafen FSRU,0.149341416
May 2023,Germany,Brunsbuettel Hafen FSRU,0.145402486
June 2023,Germany,Brunsbuettel Hafen FSRU,0.15291242
July 2023,Germany,Brunsbuettel Hafen FSRU,0.134567119
August 2023,Germany,Brunsbuettel Hafen FSRU,0.131885532
September 2023,Germany,Brunsbuettel Hafen FSRU,0.106385246
October 2023,Germany,Brunsbuettel Hafen FSRU,0.154287603
November 2023,Germany,Brunsbuettel Hafen FSRU,0.159722848
December 2023,Germany,Brunsbuettel Hafen FSRU,0.14934337
January 2024,Germany,Brunsbuettel Hafen FSRU,0.177149721
February 2024,Germany,Brunsbuettel Hafen FSRU,0.09126594
March 2024,Germany,Brunsbuettel Hafen FSRU,0.150346989
April 2024,Germany,Brunsbuettel Hafen FSRU,0.175276838
May 2024,Germany,Brunsbuettel Hafen FSRU,0.210919153
June 2024,Germany,Brunsbuettel Hafen FSRU,0.346774118
July 2024,Germany,Brunsbuettel Hafen FSRU,0.174278081
August 2024,Germany,Brunsbuettel Hafen FSRU,0.096307612
September 2024,Germany,Brunsbuettel Hafen FSRU,0.133272252
October 2024,Germany,Brunsbuettel Hafen FSRU,0.193285993
November 2024,Germany,Brunsbuettel Hafen FSRU,0.117417902
December 2024,Germany,Brunsbuettel Hafen FSRU,0.186792653
January 2025,Germany,Brunsbuettel Hafen FSRU,0.165824563
February 2025,Germany,Brunsbuettel Hafen FSRU,0.15788445
March 2025,Germany,Brunsbuettel Hafen FSRU,0.189886918
April 2025,Germany,Brunsbuettel Hafen FSRU,0.189043835
May 2025,Germany,Brunsbuettel Hafen FSRU,0.213749778
June 2025,Germany,Brunsbuettel Hafen FSRU,0.264228051
July 2025,Germany,Brunsbuettel Hafen FSRU,0.277649035
August 2025,Germany,Brunsbuettel Hafen FSRU,0.28454548
September 2025,Germany,Brunsbuettel Hafen FSRU,0.148672692
October 2025,Germany,Brunsbuettel Hafen FSRU,0
November 2025,Germany,Brunsbuettel Hafen FSRU,0.022309664
December 2025,Germany,Brunsbuettel Hafen FSRU,0.191930851
January 2026,Germany,Brunsbuettel Hafen FSRU,0.038730966
December 2022,Germany,Baltic Energy Gate,0
January 2023,Germany,Baltic Energy Gate,0.040477263
February 2023,Germany,Baltic Energy Gate,0.080219288
March 2023,Germany,Baltic Energy Gate,0.127691179
April 2023,Germany,Baltic Energy Gate,0.108254628
May 2023,Germany,Baltic Energy Gate,0.163524
June 2023,Germany,Baltic Energy Gate,0.139968886
July 2023,Germany,Baltic Energy Gate,0.057790465
August 2023,Germany,Baltic Energy Gate,0.070671739
September 2023,Germany,Baltic Energy Gate,0.06415042
October 2023,Germany,Baltic Energy Gate,0.06863241
November 2023,Germany,Baltic Energy Gate,0.038077112
December 2023,Germany,Baltic Energy Gate,0.077862992
January 2024,Germany,Baltic Energy Gate,0.056020275
February 2024,Germany,Baltic Energy Gate,0.068871097
March 2024,Germany,Baltic Energy Gate,0.063622909
April 2024,Germany,Baltic Energy Gate,0.003428204
May 2024,Germany,Baltic Energy Gate,0
June 2024,Germany,Baltic Energy Gate,0.045834073
July 2024,Germany,Baltic Energy Gate,0.00014943
August 2024,Germany,Baltic Energy Gate,0.023444575
September 2024,Germany,Baltic Energy Gate,0.037871999
October 2024,Germany,Baltic Energy Gate,0.071503373
November 2024,Germany,Baltic Energy Gate,0.146615085
December 2024,Germany,Baltic Energy Gate,0.095337625
January 2025,Germany,Baltic Energy Gate,0.003017019
February 2025,Germany,Baltic Energy Gate,0.026402465
March 2025,Germany,Baltic Energy Gate,0.137508459
April 2025,Germany,Baltic Energy Gate,0.342115061
May 2025,Germany,Baltic Energy Gate,0.357060449
June 2025,Germany,Baltic Energy Gate,0.272672154
July 2025,Germany,Baltic Energy Gate,0.043068727
August 2025,Germany,Baltic Energy Gate,0.04479719
September 2025,Germany,Baltic Energy Gate,0.112928169
October 2025,Germany,Baltic Energy Gate,0.389982483
November 2025,Germany,Baltic Energy Gate,0.401529172
December 2025,Germany,Baltic Energy Gate,0.403993256
January 2026,Germany,Baltic Energy Gate,0.111667894
January 2021,Greece,Revithoussa,0.239377117
February 2021,Greece,Revithoussa,0.122510185
March 2021,Greece,Revithoussa,0.192401805
April 2021,Greece,Revithoussa,0.157523073
May 2021,Greece,Revithoussa,0.127848732
June 2021,Greece,Revithoussa,0.280496421
July 2021,Greece,Revithoussa,0.215400632
August 2021,Greece,Revithoussa,0.206635737
September 2021,Greece,Revithoussa,0.242073145
October 2021,Greece,Revithoussa,0.110301401
November 2021,Greece,Revithoussa,0.182937374
December 2021,Greece,Revithoussa,0.276980045
January 2022,Greece,Revithoussa,0.359014365
February 2022,Greece,Revithoussa,0.217048858
March 2022,Greece,Revithoussa,0.302485556
April 2022,Greece,Revithoussa,0.089851545
May 2022,Greece,Revithoussa,0.315614752
June 2022,Greece,Revithoussa,0.365991376
July 2022,Greece,Revithoussa,0.352837255
August 2022,Greece,Revithoussa,0.356585009
September 2022,Greece,Revithoussa,0.294923546
October 2022,Greece,Revithoussa,0.244469704
November 2022,Greece,Revithoussa,0.352718981
December 2022,Greece,Revithoussa,0.374823843
January 2023,Greece,Revithoussa,0.373020575
February 2023,Greece,Revithoussa,0.323275923
March 2023,Greece,Revithoussa,0.281750283
April 2023,Greece,Revithoussa,0.246024014
May 2023,Greece,Revithoussa,0.297337822
June 2023,Greece,Revithoussa,0.2584777
July 2023,Greece,Revithoussa,0.23862804
August 2023,Greece,Revithoussa,0.22926831
September 2023,Greece,Revithoussa,0.147650446
October 2023,Greece,Revithoussa,0.082302756
November 2023,Greece,Revithoussa,0.133466297
December 2023,Greece,Revithoussa,0.197730096
January 2024,Greece,Revithoussa,0.297929513
February 2024,Greece,Revithoussa,0.150176788
March 2024,Greece,Revithoussa,0.161373266
April 2024,Greece,Revithoussa,0.067842984
May 2024,Greece,Revithoussa,0.070765628
June 2024,Greece,Revithoussa,0.12820816
July 2024,Greece,Revithoussa,0.11512751
August 2024,Greece,Revithoussa,0.095711133
September 2024,Greece,Revithoussa,0.056966993
October 2024,Greece,Revithoussa,0.12495824
November 2024,Greece,Revithoussa,0.21196953
December 2024,Greece,Revithoussa,0.265226694
January 2025,Greece,Revithoussa,0.322304976
February 2025,Greece,Revithoussa,0.344566221
March 2025,Greece,Revithoussa,0.280422734
April 2025,Greece,Revithoussa,0.089821573
May 2025,Greece,Revithoussa,0.094872303
June 2025,Greece,Revithoussa,0.261994228
July 2025,Greece,Revithoussa,0.261119666
August 2025,Greece,Revithoussa,0.261978738
September 2025,Greece,Revithoussa,0.154975552
October 2025,Greece,Revithoussa,0.220094599
November 2025,Greece,Revithoussa,0.242883836
December 2025,Greece,Revithoussa,0.318459739
January 2021,Greece,Alexandroupolis,0
February 2021,Greece,Alexandroupolis,0
March 2021,Greece,Alexandroupolis,0
April 2021,Greece,Alexandroupolis,0
May 2021,Greece,Alexandroupolis,0
June 2021,Greece,Alexandroupolis,0
July 2021,Greece,Alexandroupolis,0
August 2021,Greece,Alexandroupolis,0
September 2021,Greece,Alexandroupolis,0
October 2021,Greece,Alexandroupolis,0
November 2021,Greece,Alexandroupolis,0
December 2021,Greece,Alexandroupolis,0
January 2022,Greece,Alexandroupolis,0
February 2022,Greece,Alexandroupolis,0
March 2022,Greece,Alexandroupolis,0
April 2022,Greece,Alexandroupolis,0
May 2022,Greece,Alexandroupolis,0
June 2022,Greece,Alexandroupolis,0
July 2022,Greece,Alexandroupolis,0
August 2022,Greece,Alexandroupolis,0
September 2022,Greece,Alexandroupolis,0
October 2022,Greece,Alexandroupolis,0
November 2022,Greece,Alexandroupolis,0
December 2022,Greece,Alexandroupolis,0
January 2023,Greece,Alexandroupolis,0
February 2023,Greece,Alexandroupolis,0
March 2023,Greece,Alexandroupolis,0
April 2023,Greece,Alexandroupolis,0
May 2023,Greece,Alexandroupolis,0
June 2023,Greece,Alexandroupolis,0
July 2023,Greece,Alexandroupolis,0
August 2023,Greece,Alexandroupolis,0
September 2023,Greece,Alexandroupolis,0
October 2023,Greece,Alexandroupolis,0
November 2023,Greece,Alexandroupolis,0
December 2023,Greece,Alexandroupolis,0
January 2024,Greece,Alexandroupolis,0
February 2024,Greece,Alexandroupolis,0
March 2024,Greece,Alexandroupolis,0.000306557
April 2024,Greece,Alexandroupolis,0.026774647
May 2024,Greece,Alexandroupolis,0.010042956
June 2024,Greece,Alexandroupolis,0.001115465
July 2024,Greece,Alexandroupolis,0
August 2024,Greece,Alexandroupolis,0.014813722
September 2024,Greece,Alexandroupolis,0.001619084
October 2024,Greece,Alexandroupolis,0.029315645
November 2024,Greece,Alexandroupolis,0.083902332
December 2024,Greece,Alexandroupolis,0.087947247
January 2025,Greece,Alexandroupolis,0.098477374
February 2025,Greece,Alexandroupolis,0
March 2025,Greece,Alexandroupolis,0
April 2025,Greece,Alexandroupolis,0
May 2025,Greece,Alexandroupolis,0
June 2025,Greece,Alexandroupolis,0
July 2025,Greece,Alexandroupolis,0
August 2025,Greece,Alexandroupolis,0
September 2025,Greece,Alexandroupolis,0
October 2025,Greece,Alexandroupolis,0
November 2025,Greece,Alexandroupolis,0.067439481
December 2025,Greece,Alexandroupolis,0.090737704
February 2023,Italy,LNG Piombino,0
March 2023,Italy,LNG Piombino,0
April 2023,Italy,LNG Piombino,0
May 2023,Italy,LNG Piombino,0.078471949
June 2023,Italy,LNG Piombino,0
July 2023,Italy,LNG Piombino,0.103418777
August 2023,Italy,LNG Piombino,0.008008696
September 2023,Italy,LNG Piombino,0
October 2023,Italy,LNG Piombino,0.2576842
November 2023,Italy,LNG Piombino,0.356807308
December 2023,Italy,LNG Piombino,0.344212042
January 2024,Italy,LNG Piombino,0.148192717
February 2024,Italy,LNG Piombino,0.341962353
March 2024,Italy,LNG Piombino,0.320038586
April 2024,Italy,LNG Piombino,0.327528099
May 2024,Italy,LNG Piombino,0.318856499
June 2024,Italy,LNG Piombino,0.14592384
July 2024,Italy,LNG Piombino,0.296084136
August 2024,Italy,LNG Piombino,0.323010571
September 2024,Italy,LNG Piombino,0.318192232
October 2024,Italy,LNG Piombino,0.345994487
November 2024,Italy,LNG Piombino,0.351821847
December 2024,Italy,LNG Piombino,0.378170561
January 2025,Italy,LNG Piombino,0.352761898
February 2025,Italy,LNG Piombino,0.342628724
March 2025,Italy,LNG Piombino,0.365063827
April 2025,Italy,LNG Piombino,0.19437162
May 2025,Italy,LNG Piombino,0.407870242
June 2025,Italy,LNG Piombino,0.369900817
July 2025,Italy,LNG Piombino,0.36079224
August 2025,Italy,LNG Piombino,0.390580926
September 2025,Italy,LNG Piombino,0.371160561
October 2025,Italy,LNG Piombino,0.372761909
November 2025,Italy,LNG Piombino,0.356841864
December 2025,Italy,LNG Piombino,0.375607573
January 2026,Italy,LNG Piombino,0.117356187
January 2021,Italy,LNG Panigaglia,0.02022333
February 2021,Italy,LNG Panigaglia,0.135162573
March 2021,Italy,LNG Panigaglia,0.148208473
April 2021,Italy,LNG Panigaglia,0.251119522
May 2021,Italy,LNG Panigaglia,0.222191334
June 2021,Italy,LNG Panigaglia,0
July 2021,Italy,LNG Panigaglia,0.130510379
August 2021,Italy,LNG Panigaglia,0.07458324
September 2021,Italy,LNG Panigaglia,0.082998762
October 2021,Italy,LNG Panigaglia,0.000458665
November 2021,Italy,LNG Panigaglia,0.000428379
December 2021,Italy,LNG Panigaglia,0.000402858
January 2022,Italy,LNG Panigaglia,0.043986703
February 2022,Italy,LNG Panigaglia,0.063686575
March 2022,Italy,LNG Panigaglia,0.022719461
April 2022,Italy,LNG Panigaglia,0.10997184
May 2022,Italy,LNG Panigaglia,0.26187951
June 2022,Italy,LNG Panigaglia,0.294853403
July 2022,Italy,LNG Panigaglia,0.292119307
August 2022,Italy,LNG Panigaglia,0.28557495
September 2022,Italy,LNG Panigaglia,0.004995085
October 2022,Italy,LNG Panigaglia,0.285583165
November 2022,Italy,LNG Panigaglia,0.304637303
December 2022,Italy,LNG Panigaglia,0.250204595
January 2023,Italy,LNG Panigaglia,0.260879815
February 2023,Italy,LNG Panigaglia,0.263339754
March 2023,Italy,LNG Panigaglia,0.33351244
April 2023,Italy,LNG Panigaglia,0.298924227
May 2023,Italy,LNG Panigaglia,0.330263131
June 2023,Italy,LNG Panigaglia,0.288953136
July 2023,Italy,LNG Panigaglia,0.200800315
August 2023,Italy,LNG Panigaglia,0.244149618
September 2023,Italy,LNG Panigaglia,0.053081955
October 2023,Italy,LNG Panigaglia,0.066685087
November 2023,Italy,LNG Panigaglia,0.184007188
December 2023,Italy,LNG Panigaglia,0.060352629
January 2024,Italy,LNG Panigaglia,0.106934768
February 2024,Italy,LNG Panigaglia,0.193427175
March 2024,Italy,LNG Panigaglia,0.167286555
April 2024,Italy,LNG Panigaglia,0.191553925
May 2024,Italy,LNG Panigaglia,0.130795218
June 2024,Italy,LNG Panigaglia,0.038047586
July 2024,Italy,LNG Panigaglia,0.123794672
August 2024,Italy,LNG Panigaglia,0.002075976
September 2024,Italy,LNG Panigaglia,0.000753266
October 2024,Italy,LNG Panigaglia,0.000884332
November 2024,Italy,LNG Panigaglia,0.000890647
December 2024,Italy,LNG Panigaglia,0.000894203
January 2025,Italy,LNG Panigaglia,0.020830005
February 2025,Italy,LNG Panigaglia,0.03803383
March 2025,Italy,LNG Panigaglia,0.077547988
April 2025,Italy,LNG Panigaglia,0.192430888
May 2025,Italy,LNG Panigaglia,0.282223396
June 2025,Italy,LNG Panigaglia,0.242667027
July 2025,Italy,LNG Panigaglia,0.251541582
August 2025,Italy,LNG Panigaglia,0.166051523
September 2025,Italy,LNG Panigaglia,0.209302781
October 2025,Italy,LNG Panigaglia,0.290219455
November 2025,Italy,LNG Panigaglia,0.097941564
December 2025,Italy,LNG Panigaglia,0.002949793
January 2026,Italy,LNG Panigaglia,0.000528558
January 2021,Italy,LNG Livorno,0
February 2021,Italy,LNG Livorno,0.031689809
March 2021,Italy,LNG Livorno,0.25601343
April 2021,Italy,LNG Livorno,0.334710762
May 2021,Italy,LNG Livorno,0.234272286
June 2021,Italy,LNG Livorno,0.303181143
July 2021,Italy,LNG Livorno,0.091471046
August 2021,Italy,LNG Livorno,0.086843048
September 2021,Italy,LNG Livorno,0.087281047
October 2021,Italy,LNG Livorno,0
November 2021,Italy,LNG Livorno,0
December 2021,Italy,LNG Livorno,0
January 2022,Italy,LNG Livorno,0.307277053
February 2022,Italy,LNG Livorno,0.305134172
March 2022,Italy,LNG Livorno,0.361892985
April 2022,Italy,LNG Livorno,0.358613691
May 2022,Italy,LNG Livorno,0.040912747
June 2022,Italy,LNG Livorno,0.344711484
July 2022,Italy,LNG Livorno,0.420747722
August 2022,Italy,LNG Livorno,0.412060694
September 2022,Italy,LNG Livorno,0.403350798
October 2022,Italy,LNG Livorno,0.190940375
November 2022,Italy,LNG Livorno,0.238284357
December 2022,Italy,LNG Livorno,0.358107115
January 2023,Italy,LNG Livorno,0.326676075
February 2023,Italy,LNG Livorno,0.356614278
March 2023,Italy,LNG Livorno,0.361068185
April 2023,Italy,LNG Livorno,0.408643757
May 2023,Italy,LNG Livorno,0.191768479
June 2023,Italy,LNG Livorno,0.359299313
July 2023,Italy,LNG Livorno,0.378430269
August 2023,Italy,LNG Livorno,0.350003077
September 2023,Italy,LNG Livorno,0.357005513
October 2023,Italy,LNG Livorno,0.196858993
November 2023,Italy,LNG Livorno,0.184774183
December 2023,Italy,LNG Livorno,0.339184131
January 2024,Italy,LNG Livorno,0.405402126
February 2024,Italy,LNG Livorno,0.259262383
March 2024,Italy,LNG Livorno,0
April 2024,Italy,LNG Livorno,0
May 2024,Italy,LNG Livorno,0
June 2024,Italy,LNG Livorno,0
July 2024,Italy,LNG Livorno,0
August 2024,Italy,LNG Livorno,0
September 2024,Italy,LNG Livorno,0
October 2024,Italy,LNG Livorno,0
November 2024,Italy,LNG Livorno,0.086527214
December 2024,Italy,LNG Livorno,0.365468234
January 2025,Italy,LNG Livorno,0.306193428
February 2025,Italy,LNG Livorno,0.388730283
March 2025,Italy,LNG Livorno,0.398497369
April 2025,Italy,LNG Livorno,0.363862415
May 2025,Italy,LNG Livorno,0.399035659
June 2025,Italy,LNG Livorno,0.401708193
July 2025,Italy,LNG Livorno,0.405662799
August 2025,Italy,LNG Livorno,0.408432289
September 2025,Italy,LNG Livorno,0.395728281
October 2025,Italy,LNG Livorno,0.080255973
November 2025,Italy,LNG Livorno,0.323343028
December 2025,Italy,LNG Livorno,0.374986434
January 2026,Italy,LNG Livorno,0.095521106
January 2021,Italy,LNG Cavarzere,0.552975616
February 2021,Italy,LNG Cavarzere,0.536352666
March 2021,Italy,LNG Cavarzere,0.636328571
April 2021,Italy,LNG Cavarzere,0.739816378
May 2021,Italy,LNG Cavarzere,0.544280093
June 2021,Italy,LNG Cavarzere,0.779513047
July 2021,Italy,LNG Cavarzere,0.664984188
August 2021,Italy,LNG Cavarzere,0.522841713
September 2021,Italy,LNG Cavarzere,0.564659904
October 2021,Italy,LNG Cavarzere,0.559356284
November 2021,Italy,LNG Cavarzere,0.638492477
December 2021,Italy,LNG Cavarzere,0.594743619
January 2022,Italy,LNG Cavarzere,0.614086263
February 2022,Italy,LNG Cavarzere,0.613348061
March 2022,Italy,LNG Cavarzere,0.69689057
April 2022,Italy,LNG Cavarzere,0.750949799
May 2022,Italy,LNG Cavarzere,0.832430045
June 2022,Italy,LNG Cavarzere,0.79266532
July 2022,Italy,LNG Cavarzere,0.75794655
August 2022,Italy,LNG Cavarzere,0.056125514
September 2022,Italy,LNG Cavarzere,0.76275295
October 2022,Italy,LNG Cavarzere,0.813163903
November 2022,Italy,LNG Cavarzere,0.800430492
December 2022,Italy,LNG Cavarzere,0.844798187
January 2023,Italy,LNG Cavarzere,0.644829798
February 2023,Italy,LNG Cavarzere,0.697571846
March 2023,Italy,LNG Cavarzere,0.838376841
April 2023,Italy,LNG Cavarzere,0.730434965
May 2023,Italy,LNG Cavarzere,0.759305862
June 2023,Italy,LNG Cavarzere,0.641450272
July 2023,Italy,LNG Cavarzere,0.839864605
August 2023,Italy,LNG Cavarzere,0.646265552
September 2023,Italy,LNG Cavarzere,0.757531188
October 2023,Italy,LNG Cavarzere,0.7813443
November 2023,Italy,LNG Cavarzere,0.815478519
December 2023,Italy,LNG Cavarzere,0.683426934
January 2024,Italy,LNG Cavarzere,0.752131874
February 2024,Italy,LNG Cavarzere,0.671431191
March 2024,Italy,LNG Cavarzere,0.770344097
April 2024,Italy,LNG Cavarzere,0.791569417
May 2024,Italy,LNG Cavarzere,0.832979312
June 2024,Italy,LNG Cavarzere,0.730125669
July 2024,Italy,LNG Cavarzere,0.736207594
August 2024,Italy,LNG Cavarzere,0.764279568
September 2024,Italy,LNG Cavarzere,0.755595722
October 2024,Italy,LNG Cavarzere,0.761626324
November 2024,Italy,LNG Cavarzere,0.758973865
December 2024,Italy,LNG Cavarzere,0.743498069
January 2025,Italy,LNG Cavarzere,0.739405962
February 2025,Italy,LNG Cavarzere,0.737114159
March 2025,Italy,LNG Cavarzere,0.813769945
April 2025,Italy,LNG Cavarzere,0.748028389
May 2025,Italy,LNG Cavarzere,0.865362857
June 2025,Italy,LNG Cavarzere,0.811481913
July 2025,Italy,LNG Cavarzere,0.78305536
August 2025,Italy,LNG Cavarzere,0.009223639
September 2025,Italy,LNG Cavarzere,0.640284879
October 2025,Italy,LNG Cavarzere,0.810824904
November 2025,Italy,LNG Cavarzere,0.754886438
December 2025,Italy,LNG Cavarzere,0.832472085
January 2026,Italy,LNG Cavarzere,0.260150837
January 2021,Lithuania,Klaipeda (LNG),0.0937812
February 2021,Lithuania,Klaipeda (LNG),0.101393807
March 2021,Lithuania,Klaipeda (LNG),0.174059237
April 2021,Lithuania,Klaipeda (LNG),0.14817429
May 2021,Lithuania,Klaipeda (LNG),0.208866142
June 2021,Lithuania,Klaipeda (LNG),0.164700502
July 2021,Lithuania,Klaipeda (LNG),0.117443933
August 2021,Lithuania,Klaipeda (LNG),0.133448819
September 2021,Lithuania,Klaipeda (LNG),0.137184293
October 2021,Lithuania,Klaipeda (LNG),0.087058752
November 2021,Lithuania,Klaipeda (LNG),0.107351774
December 2021,Lithuania,Klaipeda (LNG),0.082466657
January 2022,Lithuania,Klaipeda (LNG),0.05429672
February 2022,Lithuania,Klaipeda (LNG),0.101461037
March 2022,Lithuania,Klaipeda (LNG),0.16227573
April 2022,Lithuania,Klaipeda (LNG),0.263228502
May 2022,Lithuania,Klaipeda (LNG),0.330573001
June 2022,Lithuania,Klaipeda (LNG),0.327255552
July 2022,Lithuania,Klaipeda (LNG),0.324098513
August 2022,Lithuania,Klaipeda (LNG),0.341493834
September 2022,Lithuania,Klaipeda (LNG),0.260877988
October 2022,Lithuania,Klaipeda (LNG),0.299999587
November 2022,Lithuania,Klaipeda (LNG),0.297250983
December 2022,Lithuania,Klaipeda (LNG),0.293469256
January 2023,Lithuania,Klaipeda (LNG),0.331557823
February 2023,Lithuania,Klaipeda (LNG),0.21295832
March 2023,Lithuania,Klaipeda (LNG),0.307889258
April 2023,Lithuania,Klaipeda (LNG),0.238426039
May 2023,Lithuania,Klaipeda (LNG),0.219893981
June 2023,Lithuania,Klaipeda (LNG),0.247756303
July 2023,Lithuania,Klaipeda (LNG),0.293969542
August 2023,Lithuania,Klaipeda (LNG),0.298469929
September 2023,Lithuania,Klaipeda (LNG),0.228789212
October 2023,Lithuania,Klaipeda (LNG),0.30403873
November 2023,Lithuania,Klaipeda (LNG),0.209371809
December 2023,Lithuania,Klaipeda (LNG),0.145269641
January 2024,Lithuania,Klaipeda (LNG),0.139192275
February 2024,Lithuania,Klaipeda (LNG),0.178092248
March 2024,Lithuania,Klaipeda (LNG),0.209242739
April 2024,Lithuania,Klaipeda (LNG),0.214544286
May 2024,Lithuania,Klaipeda (LNG),0
June 2024,Lithuania,Klaipeda (LNG),0.13880193
July 2024,Lithuania,Klaipeda (LNG),0.296836581
August 2024,Lithuania,Klaipeda (LNG),0.119214358
September 2024,Lithuania,Klaipeda (LNG),0.252159651
October 2024,Lithuania,Klaipeda (LNG),0.252215265
November 2024,Lithuania,Klaipeda (LNG),0.268925587
December 2024,Lithuania,Klaipeda (LNG),0.202087422
January 2025,Lithuania,Klaipeda (LNG),0.262714768
February 2025,Lithuania,Klaipeda (LNG),0.196663394
March 2025,Lithuania,Klaipeda (LNG),0.248040243
April 2025,Lithuania,Klaipeda (LNG),0.16838617
May 2025,Lithuania,Klaipeda (LNG),0.288355804
June 2025,Lithuania,Klaipeda (LNG),0.195578765
July 2025,Lithuania,Klaipeda (LNG),0.138477503
August 2025,Lithuania,Klaipeda (LNG),0.242758512
September 2025,Lithuania,Klaipeda (LNG),0.306604695
October 2025,Lithuania,Klaipeda (LNG),0.273106258
November 2025,Lithuania,Klaipeda (LNG),0.280096144
December 2025,Lithuania,Klaipeda (LNG),0.307904695
January 2026,Lithuania,Klaipeda (LNG),0.068377004
January 2021,Netherlands,Gate Terminal (I),0.048554296
February 2021,Netherlands,Gate Terminal (I),0.505321379
March 2021,Netherlands,Gate Terminal (I),1.039340507
April 2021,Netherlands,Gate Terminal (I),1.062984849
May 2021,Netherlands,Gate Terminal (I),1.189583197
June 2021,Netherlands,Gate Terminal (I),0.43959946
July 2021,Netherlands,Gate Terminal (I),0.200315191
August 2021,Netherlands,Gate Terminal (I),0.234391186
September 2021,Netherlands,Gate Terminal (I),0.50461587
October 2021,Netherlands,Gate Terminal (I),0.776315876
November 2021,Netherlands,Gate Terminal (I),0.798722731
December 2021,Netherlands,Gate Terminal (I),0.993518552
January 2022,Netherlands,Gate Terminal (I),1.100581914
February 2022,Netherlands,Gate Terminal (I),1.003728403
March 2022,Netherlands,Gate Terminal (I),1.256331507
April 2022,Netherlands,Gate Terminal (I),1.277653724
May 2022,Netherlands,Gate Terminal (I),1.229297587
June 2022,Netherlands,Gate Terminal (I),1.33313057
July 2022,Netherlands,Gate Terminal (I),1.448191353
August 2022,Netherlands,Gate Terminal (I),1.468684302
September 2022,Netherlands,Gate Terminal (I),1.390718117
October 2022,Netherlands,Gate Terminal (I),1.398402176
November 2022,Netherlands,Gate Terminal (I),1.502125927
December 2022,Netherlands,Gate Terminal (I),1.427940433
January 2023,Netherlands,Gate Terminal (I),1.405662186
February 2023,Netherlands,Gate Terminal (I),1.265219185
March 2023,Netherlands,Gate Terminal (I),1.47402068
April 2023,Netherlands,Gate Terminal (I),1.416563122
May 2023,Netherlands,Gate Terminal (I),1.337337414
June 2023,Netherlands,Gate Terminal (I),1.348794392
July 2023,Netherlands,Gate Terminal (I),1.25993655
August 2023,Netherlands,Gate Terminal (I),1.095260308
September 2023,Netherlands,Gate Terminal (I),1.036660798
October 2023,Netherlands,Gate Terminal (I),1.236162086
November 2023,Netherlands,Gate Terminal (I),1.359977458
December 2023,Netherlands,Gate Terminal (I),1.437329637
January 2024,Netherlands,Gate Terminal (I),1.398016832
February 2024,Netherlands,Gate Terminal (I),1.334984979
March 2024,Netherlands,Gate Terminal (I),1.318841367
April 2024,Netherlands,Gate Terminal (I),1.298744839
May 2024,Netherlands,Gate Terminal (I),1.06184804
June 2024,Netherlands,Gate Terminal (I),0.978244021
July 2024,Netherlands,Gate Terminal (I),1.040395221
August 2024,Netherlands,Gate Terminal (I),0.864359218
September 2024,Netherlands,Gate Terminal (I),1.090096391
October 2024,Netherlands,Gate Terminal (I),1.06331326
November 2024,Netherlands,Gate Terminal (I),1.317062833
December 2024,Netherlands,Gate Terminal (I),1.414066682
January 2025,Netherlands,Gate Terminal (I),1.24504969
February 2025,Netherlands,Gate Terminal (I),1.28226153
March 2025,Netherlands,Gate Terminal (I),1.410615396
April 2025,Netherlands,Gate Terminal (I),1.388722728
May 2025,Netherlands,Gate Terminal (I),1.430960026
June 2025,Netherlands,Gate Terminal (I),1.359512566
July 2025,Netherlands,Gate Terminal (I),1.255407731
August 2025,Netherlands,Gate Terminal (I),1.220598145
September 2025,Netherlands,Gate Terminal (I),1.324130123
October 2025,Netherlands,Gate Terminal (I),1.355653715
November 2025,Netherlands,Gate Terminal (I),1.362734629
December 2025,Netherlands,Gate Terminal (I),1.403924714
January 2026,Netherlands,Gate Terminal (I),0.337913174
September 2022,Netherlands,Eems Energy Terminal,0.274726661
October 2022,Netherlands,Eems Energy Terminal,0.475027195
November 2022,Netherlands,Eems Energy Terminal,0.205564324
December 2022,Netherlands,Eems Energy Terminal,0.096268929
January 2023,Netherlands,Eems Energy Terminal,0.093369391
February 2023,Netherlands,Eems Energy Terminal,0.155262891
March 2023,Netherlands,Eems Energy Terminal,0.560110033
April 2023,Netherlands,Eems Energy Terminal,0.579295426
May 2023,Netherlands,Eems Energy Terminal,0.71820539
June 2023,Netherlands,Eems Energy Terminal,0.739271523
July 2023,Netherlands,Eems Energy Terminal,0.756778626
August 2023,Netherlands,Eems Energy Terminal,0.754307387
September 2023,Netherlands,Eems Energy Terminal,0.542000817
October 2023,Netherlands,Eems Energy Terminal,0.645517729
November 2023,Netherlands,Eems Energy Terminal,0.397636924
December 2023,Netherlands,Eems Energy Terminal,0.352186436
January 2024,Netherlands,Eems Energy Terminal,0.209465671
February 2024,Netherlands,Eems Energy Terminal,0.167971301
March 2024,Netherlands,Eems Energy Terminal,0.29504564
April 2024,Netherlands,Eems Energy Terminal,0.593866488
May 2024,Netherlands,Eems Energy Terminal,0.554047808
June 2024,Netherlands,Eems Energy Terminal,0.413365714
July 2024,Netherlands,Eems Energy Terminal,0.459016333
August 2024,Netherlands,Eems Energy Terminal,0.463910393
September 2024,Netherlands,Eems Energy Terminal,0.410929945
October 2024,Netherlands,Eems Energy Terminal,0.240125652
November 2024,Netherlands,Eems Energy Terminal,0.16852615
December 2024,Netherlands,Eems Energy Terminal,0.10483464
January 2025,Netherlands,Eems Energy Terminal,0.09807393
February 2025,Netherlands,Eems Energy Terminal,0.09054193
March 2025,Netherlands,Eems Energy Terminal,0.369948011
April 2025,Netherlands,Eems Energy Terminal,0.495681127
May 2025,Netherlands,Eems Energy Terminal,0.79233595
June 2025,Netherlands,Eems Energy Terminal,0.842318745
July 2025,Netherlands,Eems Energy Terminal,0.907060593
August 2025,Netherlands,Eems Energy Terminal,0.835322984
September 2025,Netherlands,Eems Energy Terminal,0.862123438
October 2025,Netherlands,Eems Energy Terminal,0.807293534
November 2025,Netherlands,Eems Energy Terminal,0.482908858
December 2025,Netherlands,Eems Energy Terminal,0.26046342
January 2026,Netherlands,Eems Energy Terminal,0.048610121
January 2021,Poland,Swinoujscie,0.173961324
February 2021,Poland,Swinoujscie,0.244879486
March 2021,Poland,Swinoujscie,0.409543937
April 2021,Poland,Swinoujscie,0.390293873
May 2021,Poland,Swinoujscie,0.439663727
June 2021,Poland,Swinoujscie,0.399851818
July 2021,Poland,Swinoujscie,0.410849059
August 2021,Poland,Swinoujscie,0.193581293
September 2021,Poland,Swinoujscie,0.187797955
October 2021,Poland,Swinoujscie,0.18894799
November 2021,Poland,Swinoujscie,0.401598575
December 2021,Poland,Swinoujscie,0.452579385
January 2022,Poland,Swinoujscie,0.261333357
February 2022,Poland,Swinoujscie,0.316176045
March 2022,Poland,Swinoujscie,0.510639309
April 2022,Poland,Swinoujscie,0.427258138
May 2022,Poland,Swinoujscie,0.607936497
June 2022,Poland,Swinoujscie,0.603644735
July 2022,Poland,Swinoujscie,0.61408405
August 2022,Poland,Swinoujscie,0.490961265
September 2022,Poland,Swinoujscie,0.423825714
October 2022,Poland,Swinoujscie,0.609411064
November 2022,Poland,Swinoujscie,0.613519514
December 2022,Poland,Swinoujscie,0.632621478
January 2023,Poland,Swinoujscie,0.60163917
February 2023,Poland,Swinoujscie,0.482007248
March 2023,Poland,Swinoujscie,0.443948205
April 2023,Poland,Swinoujscie,0.459902552
May 2023,Poland,Swinoujscie,0.563070834
June 2023,Poland,Swinoujscie,0.541439266
July 2023,Poland,Swinoujscie,0.630854727
August 2023,Poland,Swinoujscie,0.431555221
September 2023,Poland,Swinoujscie,0.5485972
October 2023,Poland,Swinoujscie,0.572816428
November 2023,Poland,Swinoujscie,0.561168026
December 2023,Poland,Swinoujscie,0.564027419
January 2024,Poland,Swinoujscie,0.342264036
February 2024,Poland,Swinoujscie,0.413571195
March 2024,Poland,Swinoujscie,0.473199651
April 2024,Poland,Swinoujscie,0.535983578
May 2024,Poland,Swinoujscie,0.594739684
June 2024,Poland,Swinoujscie,0.56912312
July 2024,Poland,Swinoujscie,0.619323132
August 2024,Poland,Swinoujscie,0.553182378
September 2024,Poland,Swinoujscie,0.555264858
October 2024,Poland,Swinoujscie,0.581224137
November 2024,Poland,Swinoujscie,0.532543337
December 2024,Poland,Swinoujscie,0.634347596
January 2025,Poland,Swinoujscie,0.714685948
February 2025,Poland,Swinoujscie,0.535014181
March 2025,Poland,Swinoujscie,0.739146356
April 2025,Poland,Swinoujscie,0.659132659
May 2025,Poland,Swinoujscie,0.658500258
June 2025,Poland,Swinoujscie,0.713304027
July 2025,Poland,Swinoujscie,0.654761142
August 2025,Poland,Swinoujscie,0.710750041
September 2025,Poland,Swinoujscie,0.714298151
October 2025,Poland,Swinoujscie,0.734556237
November 2025,Poland,Swinoujscie,0.727799665
December 2025,Poland,Swinoujscie,0.772035258
January 2026,Poland,Swinoujscie,0.172419401
January 2021,Portugal,Sines,0.532501477
February 2021,Portugal,Sines,0.434198975
March 2021,Portugal,Sines,0.510197873
April 2021,Portugal,Sines,0.473089995
May 2021,Portugal,Sines,0.497014558
June 2021,Portugal,Sines,0.522002373
July 2021,Portugal,Sines,0.412948338
August 2021,Portugal,Sines,0.464108952
September 2021,Portugal,Sines,0.480847905
October 2021,Portugal,Sines,0.4939812
November 2021,Portugal,Sines,0.524004174
December 2021,Portugal,Sines,0.462207334
January 2022,Portugal,Sines,0.524299389
February 2022,Portugal,Sines,0.49162128
March 2022,Portugal,Sines,0.547088721
April 2022,Portugal,Sines,0.499402343
May 2022,Portugal,Sines,0.557729539
June 2022,Portugal,Sines,0.542795387
July 2022,Portugal,Sines,0.541152528
August 2022,Portugal,Sines,0.458031437
September 2022,Portugal,Sines,0.399594495
October 2022,Portugal,Sines,0.298898245
November 2022,Portugal,Sines,0.488021876
December 2022,Portugal,Sines,0.348751425
January 2023,Portugal,Sines,0.40396973
February 2023,Portugal,Sines,0.350937778
March 2023,Portugal,Sines,0.331355099
April 2023,Portugal,Sines,0.418249854
May 2023,Portugal,Sines,0.47817436
June 2023,Portugal,Sines,0.468124999
July 2023,Portugal,Sines,0.452904389
August 2023,Portugal,Sines,0.441099563
September 2023,Portugal,Sines,0.407068104
October 2023,Portugal,Sines,0.36485117
November 2023,Portugal,Sines,0.325512138
December 2023,Portugal,Sines,0.368794364
January 2024,Portugal,Sines,0.378581428
February 2024,Portugal,Sines,0.361466002
March 2024,Portugal,Sines,0.303722565
April 2024,Portugal,Sines,0.342590961
May 2024,Portugal,Sines,0.310801106
June 2024,Portugal,Sines,0.39687128
July 2024,Portugal,Sines,0.406417596
August 2024,Portugal,Sines,0.378716983
September 2024,Portugal,Sines,0.423467729
October 2024,Portugal,Sines,0.346420758
November 2024,Portugal,Sines,0.391719867
December 2024,Portugal,Sines,0.401669195
January 2025,Portugal,Sines,0.396428666
February 2025,Portugal,Sines,0.345235721
March 2025,Portugal,Sines,0.233827754
April 2025,Portugal,Sines,0.416902437
May 2025,Portugal,Sines,0.415423644
June 2025,Portugal,Sines,0.326441966
July 2025,Portugal,Sines,0.337550131
August 2025,Portugal,Sines,0.354853052
September 2025,Portugal,Sines,0.356760232
October 2025,Portugal,Sines,0.334179968
November 2025,Portugal,Sines,0.348507388
December 2025,Portugal,Sines,0.37841419
January 2026,Portugal,Sines,0.086273386
January 2021,Spain,Sagunto,0.163189191
February 2021,Spain,Sagunto,0.092824325
March 2021,Spain,Sagunto,0.095681556
April 2021,Spain,Sagunto,0.160163321
May 2021,Spain,Sagunto,0.144919355
June 2021,Spain,Sagunto,0.171894024
July 2021,Spain,Sagunto,0.168658273
August 2021,Spain,Sagunto,0.121027117
September 2021,Spain,Sagunto,0.101411915
October 2021,Spain,Sagunto,0.346520347
November 2021,Spain,Sagunto,0.214148647
December 2021,Spain,Sagunto,0.290480475
January 2022,Spain,Sagunto,0.449701765
February 2022,Spain,Sagunto,0.337128768
March 2022,Spain,Sagunto,0.489517681
April 2022,Spain,Sagunto,0.388032604
May 2022,Spain,Sagunto,0.343402266
June 2022,Spain,Sagunto,0.246735457
July 2022,Spain,Sagunto,0.491141284
August 2022,Spain,Sagunto,0.45789975
September 2022,Spain,Sagunto,0.340461021
October 2022,Spain,Sagunto,0.299292938
November 2022,Spain,Sagunto,0.36778846
December 2022,Spain,Sagunto,0.264532763
January 2023,Spain,Sagunto,0.216193688
February 2023,Spain,Sagunto,0.180757604
March 2023,Spain,Sagunto,0.459415301
April 2023,Spain,Sagunto,0.300680596
May 2023,Spain,Sagunto,0.317474615
June 2023,Spain,Sagunto,0.411868635
July 2023,Spain,Sagunto,0.31508293
August 2023,Spain,Sagunto,0.243765086
September 2023,Spain,Sagunto,0.400088743
October 2023,Spain,Sagunto,0.253559422
November 2023,Spain,Sagunto,0.179137365
December 2023,Spain,Sagunto,0.199972324
January 2024,Spain,Sagunto,0.233744521
February 2024,Spain,Sagunto,0.153952813
March 2024,Spain,Sagunto,0.170243658
April 2024,Spain,Sagunto,0.181018197
May 2024,Spain,Sagunto,0.149388642
June 2024,Spain,Sagunto,0.101222112
July 2024,Spain,Sagunto,0.145921263
August 2024,Spain,Sagunto,0.117030096
September 2024,Spain,Sagunto,0.263441237
October 2024,Spain,Sagunto,0.105993547
November 2024,Spain,Sagunto,0.163768921
December 2024,Spain,Sagunto,0.256907059
January 2025,Spain,Sagunto,0.278972233
February 2025,Spain,Sagunto,0.253200422
March 2025,Spain,Sagunto,0.284684941
April 2025,Spain,Sagunto,0.182391939
May 2025,Spain,Sagunto,0.214896252
June 2025,Spain,Sagunto,0.263051487
July 2025,Spain,Sagunto,0.15844636
August 2025,Spain,Sagunto,0.127870087
September 2025,Spain,Sagunto,0.28299639
October 2025,Spain,Sagunto,0.354435562
November 2025,Spain,Sagunto,0.261234786
December 2025,Spain,Sagunto,0.302662156
January 2026,Spain,Sagunto,0.064620355
January 2021,Spain,Reganosa,0.214765175
February 2021,Spain,Reganosa,0.198661745
March 2021,Spain,Reganosa,0.22401948
April 2021,Spain,Reganosa,0.210219986
May 2021,Spain,Reganosa,0.192129133
June 2021,Spain,Reganosa,0.172871675
July 2021,Spain,Reganosa,0.109877325
August 2021,Spain,Reganosa,0.136402079
September 2021,Spain,Reganosa,0.176600206
October 2021,Spain,Reganosa,0.168601028
November 2021,Spain,Reganosa,0.177123131
December 2021,Spain,Reganosa,0.22009821
January 2022,Spain,Reganosa,0.174681599
February 2022,Spain,Reganosa,0.163507932
March 2022,Spain,Reganosa,0.1679096
April 2022,Spain,Reganosa,0.191724037
May 2022,Spain,Reganosa,0.152412463
June 2022,Spain,Reganosa,0.187173303
July 2022,Spain,Reganosa,0.174632291
August 2022,Spain,Reganosa,0.162624044
September 2022,Spain,Reganosa,0.213803048
October 2022,Spain,Reganosa,0.136662436
November 2022,Spain,Reganosa,0.199209128
December 2022,Spain,Reganosa,0.27860826
January 2023,Spain,Reganosa,0.266640358
February 2023,Spain,Reganosa,0.237403264
March 2023,Spain,Reganosa,0.242849858
April 2023,Spain,Reganosa,0.254160118
May 2023,Spain,Reganosa,0.224654018
June 2023,Spain,Reganosa,0.237125608
July 2023,Spain,Reganosa,0.192292472
August 2023,Spain,Reganosa,0.147093277
September 2023,Spain,Reganosa,0.177086548
October 2023,Spain,Reganosa,0.247742699
November 2023,Spain,Reganosa,0.214180229
December 2023,Spain,Reganosa,0.194153508
January 2024,Spain,Reganosa,0.235256574
February 2024,Spain,Reganosa,0.157066897
March 2024,Spain,Reganosa,0.222014845
April 2024,Spain,Reganosa,0.191888168
May 2024,Spain,Reganosa,0.188331488
June 2024,Spain,Reganosa,0.164789704
July 2024,Spain,Reganosa,0.161434784
August 2024,Spain,Reganosa,0.162698606
September 2024,Spain,Reganosa,0.157475059
October 2024,Spain,Reganosa,0.162199081
November 2024,Spain,Reganosa,0.169847067
December 2024,Spain,Reganosa,0.182821598
January 2025,Spain,Reganosa,0.179080659
February 2025,Spain,Reganosa,0.156178692
March 2025,Spain,Reganosa,0.234067349
April 2025,Spain,Reganosa,0.243626168
May 2025,Spain,Reganosa,0.242913101
June 2025,Spain,Reganosa,0.171483156
July 2025,Spain,Reganosa,0.162054308
August 2025,Spain,Reganosa,0.159650126
September 2025,Spain,Reganosa,0.194217562
October 2025,Spain,Reganosa,0.177848033
November 2025,Spain,Reganosa,0.217157616
December 2025,Spain,Reganosa,0.211575971
January 2026,Spain,Reganosa,0.060935278
January 2021,Spain,Huelva,0.342160276
February 2021,Spain,Huelva,0.231036503
March 2021,Spain,Huelva,0.416595
April 2021,Spain,Huelva,0.253585899
May 2021,Spain,Huelva,0.209731166
June 2021,Spain,Huelva,0.214389486
July 2021,Spain,Huelva,0.269216906
August 2021,Spain,Huelva,0.231331583
September 2021,Spain,Huelva,0.303968949
October 2021,Spain,Huelva,0.404987519
November 2021,Spain,Huelva,0.532811209
December 2021,Spain,Huelva,0.488884351
January 2022,Spain,Huelva,0.570036132
February 2022,Spain,Huelva,0.347996241
March 2022,Spain,Huelva,0.463783047
April 2022,Spain,Huelva,0.278568869
May 2022,Spain,Huelva,0.35830353
June 2022,Spain,Huelva,0.4782384
July 2022,Spain,Huelva,0.467944606
August 2022,Spain,Huelva,0.292265793
September 2022,Spain,Huelva,0.466777088
October 2022,Spain,Huelva,0.346969994
November 2022,Spain,Huelva,0.587736599
December 2022,Spain,Huelva,0.46468891
January 2023,Spain,Huelva,0.579920492
February 2023,Spain,Huelva,0.523749866
March 2023,Spain,Huelva,0.318903726
April 2023,Spain,Huelva,0.560391286
May 2023,Spain,Huelva,0.53005022
June 2023,Spain,Huelva,0.377710494
July 2023,Spain,Huelva,0.219947167
August 2023,Spain,Huelva,0.211817108
September 2023,Spain,Huelva,0.159630921
October 2023,Spain,Huelva,0.040294195
November 2023,Spain,Huelva,0.297322602
December 2023,Spain,Huelva,0.294089999
January 2024,Spain,Huelva,0.350843767
February 2024,Spain,Huelva,0.296291065
March 2024,Spain,Huelva,0.328886484
April 2024,Spain,Huelva,0.313205532
May 2024,Spain,Huelva,0.248358892
June 2024,Spain,Huelva,0.189369632
July 2024,Spain,Huelva,0.270981519
August 2024,Spain,Huelva,0.125349274
September 2024,Spain,Huelva,0.186298398
October 2024,Spain,Huelva,0.214526218
November 2024,Spain,Huelva,0.20879635
December 2024,Spain,Huelva,0.292785231
January 2025,Spain,Huelva,0.388256664
February 2025,Spain,Huelva,0.307896048
March 2025,Spain,Huelva,0.137534266
April 2025,Spain,Huelva,0.322866805
May 2025,Spain,Huelva,0.426337851
June 2025,Spain,Huelva,0.18061305
July 2025,Spain,Huelva,0.435617827
August 2025,Spain,Huelva,0.262995945
September 2025,Spain,Huelva,0.219659258
October 2025,Spain,Huelva,0.295099437
November 2025,Spain,Huelva,0.194047174
December 2025,Spain,Huelva,0.217676638
January 2026,Spain,Huelva,0.034709311
January 2021,Spain,Cartagena,0.18471902
February 2021,Spain,Cartagena,0.124995635
March 2021,Spain,Cartagena,0.138007709
April 2021,Spain,Cartagena,0.39818338
May 2021,Spain,Cartagena,0.184727106
June 2021,Spain,Cartagena,0.151234024
July 2021,Spain,Cartagena,0.202557526
August 2021,Spain,Cartagena,0.164502039
September 2021,Spain,Cartagena,0.240837157
October 2021,Spain,Cartagena,0.214734858
November 2021,Spain,Cartagena,0.419612173
December 2021,Spain,Cartagena,0.368367709
January 2022,Spain,Cartagena,0.52703778
February 2022,Spain,Cartagena,0.409123224
March 2022,Spain,Cartagena,0.427689351
April 2022,Spain,Cartagena,0.439533191
May 2022,Spain,Cartagena,0.586713709
June 2022,Spain,Cartagena,0.549976041
July 2022,Spain,Cartagena,0.411218534
August 2022,Spain,Cartagena,0.191037835
September 2022,Spain,Cartagena,0.362577191
October 2022,Spain,Cartagena,0.347423165
November 2022,Spain,Cartagena,0.277909118
December 2022,Spain,Cartagena,0.316048418
January 2023,Spain,Cartagena,0.306578415
February 2023,Spain,Cartagena,0.278276736
March 2023,Spain,Cartagena,0.27075532
April 2023,Spain,Cartagena,0.459999576
May 2023,Spain,Cartagena,0.380757143
June 2023,Spain,Cartagena,0.312164037
July 2023,Spain,Cartagena,0.249873755
August 2023,Spain,Cartagena,0.231057302
September 2023,Spain,Cartagena,0.084191536
October 2023,Spain,Cartagena,0.305213334
November 2023,Spain,Cartagena,0.295837794
December 2023,Spain,Cartagena,0.146346308
January 2024,Spain,Cartagena,0.210175669
February 2024,Spain,Cartagena,0.268373109
March 2024,Spain,Cartagena,0.384115725
April 2024,Spain,Cartagena,0.176748116
May 2024,Spain,Cartagena,0.178387381
June 2024,Spain,Cartagena,0.170337117
July 2024,Spain,Cartagena,0.154963151
August 2024,Spain,Cartagena,0.202573803
September 2024,Spain,Cartagena,0.07534679
October 2024,Spain,Cartagena,0.139947064
November 2024,Spain,Cartagena,0.160749719
December 2024,Spain,Cartagena,0.219369324
January 2025,Spain,Cartagena,0.154540197
February 2025,Spain,Cartagena,0.233316441
March 2025,Spain,Cartagena,0.297038869
April 2025,Spain,Cartagena,0.217292589
May 2025,Spain,Cartagena,0.201816655
June 2025,Spain,Cartagena,0.258677095
July 2025,Spain,Cartagena,0.236255279
August 2025,Spain,Cartagena,0.15110016
September 2025,Spain,Cartagena,0.168065741
October 2025,Spain,Cartagena,0.205356246
November 2025,Spain,Cartagena,0.256957337
December 2025,Spain,Cartagena,0.224154091
January 2026,Spain,Cartagena,0.034925517
January 2021,Spain,Bilbao,0.386190802
February 2021,Spain,Bilbao,0.385581013
March 2021,Spain,Bilbao,0.292000813
April 2021,Spain,Bilbao,0.267195039
May 2021,Spain,Bilbao,0.188030452
June 2021,Spain,Bilbao,0.336753875
July 2021,Spain,Bilbao,0.371781045
August 2021,Spain,Bilbao,0.323051517
September 2021,Spain,Bilbao,0.207181018
October 2021,Spain,Bilbao,0.477133969
November 2021,Spain,Bilbao,0.580642358
December 2021,Spain,Bilbao,0.499340045
January 2022,Spain,Bilbao,0.429324685
February 2022,Spain,Bilbao,0.413185159
March 2022,Spain,Bilbao,0.535364562
April 2022,Spain,Bilbao,0.610216139
May 2022,Spain,Bilbao,0.545095679
June 2022,Spain,Bilbao,0.492874821
July 2022,Spain,Bilbao,0.5813382
August 2022,Spain,Bilbao,0.451201937
September 2022,Spain,Bilbao,0.38082095
October 2022,Spain,Bilbao,0.505311008
November 2022,Spain,Bilbao,0.526242284
December 2022,Spain,Bilbao,0.455372732
January 2023,Spain,Bilbao,0.447895651
February 2023,Spain,Bilbao,0.590781909
March 2023,Spain,Bilbao,0.66153502
April 2023,Spain,Bilbao,0.55176047
May 2023,Spain,Bilbao,0.503883863
June 2023,Spain,Bilbao,0.61016244
July 2023,Spain,Bilbao,0.380242203
August 2023,Spain,Bilbao,0.501408228
September 2023,Spain,Bilbao,0.462530786
October 2023,Spain,Bilbao,0.336339168
November 2023,Spain,Bilbao,0.434337304
December 2023,Spain,Bilbao,0.50661374
January 2024,Spain,Bilbao,0.539221856
February 2024,Spain,Bilbao,0.499730678
March 2024,Spain,Bilbao,0.485465091
April 2024,Spain,Bilbao,0.349155567
May 2024,Spain,Bilbao,0.398567426
June 2024,Spain,Bilbao,0.420713215
July 2024,Spain,Bilbao,0.396957449
August 2024,Spain,Bilbao,0.32259933
September 2024,Spain,Bilbao,0.27598479
October 2024,Spain,Bilbao,0.274590821
November 2024,Spain,Bilbao,0.434064228
December 2024,Spain,Bilbao,0.433351149
January 2025,Spain,Bilbao,0.492999856
February 2025,Spain,Bilbao,0.553139182
March 2025,Spain,Bilbao,0.574453035
April 2025,Spain,Bilbao,0.464177261
May 2025,Spain,Bilbao,0.245224582
June 2025,Spain,Bilbao,0.198990616
July 2025,Spain,Bilbao,0.24590586
August 2025,Spain,Bilbao,0.396236662
September 2025,Spain,Bilbao,0.448932883
October 2025,Spain,Bilbao,0.518077501
November 2025,Spain,Bilbao,0.396213912
December 2025,Spain,Bilbao,0.516224304
January 2026,Spain,Bilbao,0.160549423
January 2021,Spain,Barcelona,0.261567355
February 2021,Spain,Barcelona,0.16857328
March 2021,Spain,Barcelona,0.140881599
April 2021,Spain,Barcelona,0.230055493
May 2021,Spain,Barcelona,0.272525636
June 2021,Spain,Barcelona,0.230588191
July 2021,Spain,Barcelona,0.20509808
August 2021,Spain,Barcelona,0.214484511
September 2021,Spain,Barcelona,0.200317819
October 2021,Spain,Barcelona,0.217105275
November 2021,Spain,Barcelona,0.384993541
December 2021,Spain,Barcelona,0.34080838
January 2022,Spain,Barcelona,0.605370143
February 2022,Spain,Barcelona,0.557670823
March 2022,Spain,Barcelona,0.295811638
April 2022,Spain,Barcelona,0.342831685
May 2022,Spain,Barcelona,0.360290552
June 2022,Spain,Barcelona,0.48026281
July 2022,Spain,Barcelona,0.318679293
August 2022,Spain,Barcelona,0.227246667
September 2022,Spain,Barcelona,0.219839518
October 2022,Spain,Barcelona,0.150410524
November 2022,Spain,Barcelona,0.329735722
December 2022,Spain,Barcelona,0.378094298
January 2023,Spain,Barcelona,0.199895195
February 2023,Spain,Barcelona,0.325742166
March 2023,Spain,Barcelona,0.345484928
April 2023,Spain,Barcelona,0.297723952
May 2023,Spain,Barcelona,0.213718133
June 2023,Spain,Barcelona,0.362172052
July 2023,Spain,Barcelona,0.222311685
August 2023,Spain,Barcelona,0.192179812
September 2023,Spain,Barcelona,0.340005082
October 2023,Spain,Barcelona,0.343008873
November 2023,Spain,Barcelona,0.371588322
December 2023,Spain,Barcelona,0.299662748
January 2024,Spain,Barcelona,0.258333766
February 2024,Spain,Barcelona,0.208064951
March 2024,Spain,Barcelona,0.141262272
April 2024,Spain,Barcelona,0.131844433
May 2024,Spain,Barcelona,0.138130823
June 2024,Spain,Barcelona,0.127722698
July 2024,Spain,Barcelona,0.13991344
August 2024,Spain,Barcelona,0.132389258
September 2024,Spain,Barcelona,0.168381797
October 2024,Spain,Barcelona,0.207675192
November 2024,Spain,Barcelona,0.282583432
December 2024,Spain,Barcelona,0.353524749
January 2025,Spain,Barcelona,0.215392428
February 2025,Spain,Barcelona,0.188369119
March 2025,Spain,Barcelona,0.218520135
April 2025,Spain,Barcelona,0.427637688
May 2025,Spain,Barcelona,0.31961964
June 2025,Spain,Barcelona,0.211408095
July 2025,Spain,Barcelona,0.261266113
August 2025,Spain,Barcelona,0.164044162
September 2025,Spain,Barcelona,0.213184162
October 2025,Spain,Barcelona,0.355877499
November 2025,Spain,Barcelona,0.26327657
December 2025,Spain,Barcelona,0.299067282
January 2026,Spain,Barcelona,0.086710794
January 2021,United Kingdom,Milford Haven,0.504818611
February 2021,United Kingdom,Milford Haven,1.175837911
March 2021,United Kingdom,Milford Haven,1.962381618
April 2021,United Kingdom,Milford Haven,1.057134824
May 2021,United Kingdom,Milford Haven,0.849420728
June 2021,United Kingdom,Milford Haven,0.811566941
July 2021,United Kingdom,Milford Haven,0.162441364
August 2021,United Kingdom,Milford Haven,0.170646008
September 2021,United Kingdom,Milford Haven,0.163090725
October 2021,United Kingdom,Milford Haven,0.490533022
November 2021,United Kingdom,Milford Haven,1.070856828
December 2021,United Kingdom,Milford Haven,1.461691116
January 2022,United Kingdom,Milford Haven,2.197981973
February 2022,United Kingdom,Milford Haven,1.617512941
March 2022,United Kingdom,Milford Haven,1.609403845
April 2022,United Kingdom,Milford Haven,1.99162476
May 2022,United Kingdom,Milford Haven,1.587995811
June 2022,United Kingdom,Milford Haven,1.285883853
July 2022,United Kingdom,Milford Haven,0.84591234
August 2022,United Kingdom,Milford Haven,1.083712656
September 2022,United Kingdom,Milford Haven,1.256878852
October 2022,United Kingdom,Milford Haven,1.106818103
November 2022,United Kingdom,Milford Haven,1.724857487
December 2022,United Kingdom,Milford Haven,2.18976274
January 2023,United Kingdom,Milford Haven,1.670566084
February 2023,United Kingdom,Milford Haven,1.73667311
March 2023,United Kingdom,Milford Haven,1.868431816
April 2023,United Kingdom,Milford Haven,1.686034072
May 2023,United Kingdom,Milford Haven,1.380814579
June 2023,United Kingdom,Milford Haven,0.425778931
July 2023,United Kingdom,Milford Haven,0.171891167
August 2023,United Kingdom,Milford Haven,0.259701106
September 2023,United Kingdom,Milford Haven,0.238473634
October 2023,United Kingdom,Milford Haven,0.696805685
November 2023,United Kingdom,Milford Haven,1.090573621
December 2023,United Kingdom,Milford Haven,1.35482598
January 2024,United Kingdom,Milford Haven,1.610109012
February 2024,United Kingdom,Milford Haven,1.199874554
March 2024,United Kingdom,Milford Haven,0.395907285
April 2024,United Kingdom,Milford Haven,0.432976913
May 2024,United Kingdom,Milford Haven,0.403738969
June 2024,United Kingdom,Milford Haven,0.173850779
July 2024,United Kingdom,Milford Haven,0.16755373
August 2024,United Kingdom,Milford Haven,0.198486236
September 2024,United Kingdom,Milford Haven,0.217171873
October 2024,United Kingdom,Milford Haven,0.396238916
November 2024,United Kingdom,Milford Haven,1.061443649
December 2024,United Kingdom,Milford Haven,1.610424859
January 2025,United Kingdom,Milford Haven,1.762586064
February 2025,United Kingdom,Milford Haven,1.938928147
March 2025,United Kingdom,Milford Haven,1.649433649
April 2025,United Kingdom,Milford Haven,0.470800363
May 2025,United Kingdom,Milford Haven,0.27375481
June 2025,United Kingdom,Milford Haven,0.178232796
July 2025,United Kingdom,Milford Haven,0.20300737
August 2025,United Kingdom,Milford Haven,0.173714755
September 2025,United Kingdom,Milford Haven,0.161804964
October 2025,United Kingdom,Milford Haven,0.619119138
November 2025,United Kingdom,Milford Haven,1.65788837
December 2025,United Kingdom,Milford Haven,1.5641165
January 2026,United Kingdom,Milford Haven,0.511927585
January 2021,United Kingdom,Isle of Grain,0.370556674
February 2021,United Kingdom,Isle of Grain,0.773241563
March 2021,United Kingdom,Isle of Grain,0.28943462
April 2021,United Kingdom,Isle of Grain,1.038207601
May 2021,United Kingdom,Isle of Grain,0.539817288
June 2021,United Kingdom,Isle of Grain,0.184245988
July 2021,United Kingdom,Isle of Grain,0.00265643
August 2021,United Kingdom,Isle of Grain,0.000109118
September 2021,United Kingdom,Isle of Grain,0.050160863
October 2021,United Kingdom,Isle of Grain,0.141585523
November 2021,United Kingdom,Isle of Grain,0.373215057
December 2021,United Kingdom,Isle of Grain,0.614956324
January 2022,United Kingdom,Isle of Grain,0.949923381
February 2022,United Kingdom,Isle of Grain,0.491801661
March 2022,United Kingdom,Isle of Grain,0.421517397
April 2022,United Kingdom,Isle of Grain,1.138696023
May 2022,United Kingdom,Isle of Grain,0.249335292
June 2022,United Kingdom,Isle of Grain,0.043327299
July 2022,United Kingdom,Isle of Grain,0.000364763
August 2022,United Kingdom,Isle of Grain,0.000264222
September 2022,United Kingdom,Isle of Grain,0.588080333
October 2022,United Kingdom,Isle of Grain,0.663590045
November 2022,United Kingdom,Isle of Grain,0.826758843
December 2022,United Kingdom,Isle of Grain,1.262200093
January 2023,United Kingdom,Isle of Grain,0.991506239
February 2023,United Kingdom,Isle of Grain,0.952486664
March 2023,United Kingdom,Isle of Grain,1.153323752
April 2023,United Kingdom,Isle of Grain,1.128251625
May 2023,United Kingdom,Isle of Grain,0.967149931
June 2023,United Kingdom,Isle of Grain,0.071308118
July 2023,United Kingdom,Isle of Grain,9.8206e-05
August 2023,United Kingdom,Isle of Grain,0.038678104
September 2023,United Kingdom,Isle of Grain,0.119376895
October 2023,United Kingdom,Isle of Grain,0.136962649
November 2023,United Kingdom,Isle of Grain,0.510315405
December 2023,United Kingdom,Isle of Grain,0.608460013
January 2024,United Kingdom,Isle of Grain,0.660831723
February 2024,United Kingdom,Isle of Grain,0.152062828
March 2024,United Kingdom,Isle of Grain,0.097841053
April 2024,United Kingdom,Isle of Grain,0.018524911
May 2024,United Kingdom,Isle of Grain,0.020423411
June 2024,United Kingdom,Isle of Grain,0.000233823
July 2024,United Kingdom,Isle of Grain,0.000201087
August 2024,United Kingdom,Isle of Grain,0.000138735
September 2024,United Kingdom,Isle of Grain,0
October 2024,United Kingdom,Isle of Grain,0.059436955
November 2024,United Kingdom,Isle of Grain,0.313238246
December 2024,United Kingdom,Isle of Grain,0.263021559
January 2025,United Kingdom,Isle of Grain,0.450309395
February 2025,United Kingdom,Isle of Grain,0.45323705
March 2025,United Kingdom,Isle of Grain,0.095831067
April 2025,United Kingdom,Isle of Grain,0.079640406
May 2025,United Kingdom,Isle of Grain,0.060501379
June 2025,United Kingdom,Isle of Grain,0.091755298
July 2025,United Kingdom,Isle of Grain,0.017767942
August 2025,United Kingdom,Isle of Grain,0.000163675
September 2025,United Kingdom,Isle of Grain,0.03691594
October 2025,United Kingdom,Isle of Grain,0.138267525
November 2025,United Kingdom,Isle of Grain,0.091863187
December 2025,United Kingdom,Isle of Grain,0.18769867
January 2026,United Kingdom,Isle of Grain,0.201563772
