Source,Copyright,Country,Group,Latitude (generated),Longitude (generated)
Source: Energy Intelligence,"COPYRIGHT © 2001-2022 ENERGY INTELLIGENCE GROUP, INC. / ENERGY INTELLIGENCE GROUP (UK) LIMITED.",United Arab Emirates,Opec-Plus,23.9299,53.9031
Source: Energy Intelligence,"COPYRIGHT © 2001-2022 ENERGY INTELLIGENCE GROUP, INC. / ENERGY INTELLIGENCE GROUP (UK) LIMITED.",Saudi Arabia,Opec-Plus,24.191,44.32
Source: Energy Intelligence,"COPYRIGHT © 2001-2022 ENERGY INTELLIGENCE GROUP, INC. / ENERGY INTELLIGENCE GROUP (UK) LIMITED.",Russia,Opec-Plus,64.736,104.062
Source: Energy Intelligence,"COPYRIGHT © 2001-2022 ENERGY INTELLIGENCE GROUP, INC. / ENERGY INTELLIGENCE GROUP (UK) LIMITED.",Oman,Opec-Plus,19.85,56.25
Source: Energy Intelligence,"COPYRIGHT © 2001-2022 ENERGY INTELLIGENCE GROUP, INC. / ENERGY INTELLIGENCE GROUP (UK) LIMITED.",Nigeria,Opec-Plus,9.3417,7.678
Source: Energy Intelligence,"COPYRIGHT © 2001-2022 ENERGY INTELLIGENCE GROUP, INC. / ENERGY INTELLIGENCE GROUP (UK) LIMITED.",Mexico,Opec-Plus,22.925,-101.68
Source: Energy Intelligence,"COPYRIGHT © 2001-2022 ENERGY INTELLIGENCE GROUP, INC. / ENERGY INTELLIGENCE GROUP (UK) LIMITED.",Malaysia,Opec-Plus,4.416,102.099
Source: Energy Intelligence,"COPYRIGHT © 2001-2022 ENERGY INTELLIGENCE GROUP, INC. / ENERGY INTELLIGENCE GROUP (UK) LIMITED.",Libya,Opec-Plus,27.24,17.571
Source: Energy Intelligence,"COPYRIGHT © 2001-2022 ENERGY INTELLIGENCE GROUP, INC. / ENERGY INTELLIGENCE GROUP (UK) LIMITED.",Kuwait,Opec-Plus,29.3169,47.4272
Source: Energy Intelligence,"COPYRIGHT © 2001-2022 ENERGY INTELLIGENCE GROUP, INC. / ENERGY INTELLIGENCE GROUP (UK) LIMITED.",Kazakhstan,Opec-Plus,48.866,69.772
Source: Energy Intelligence,"COPYRIGHT © 2001-2022 ENERGY INTELLIGENCE GROUP, INC. / ENERGY INTELLIGENCE GROUP (UK) LIMITED.",Iraq,Opec-Plus,33.545,43.278
Source: Energy Intelligence,"COPYRIGHT © 2001-2022 ENERGY INTELLIGENCE GROUP, INC. / ENERGY INTELLIGENCE GROUP (UK) LIMITED.",Iran,Opec-Plus,33.408,54.0418
Source: Energy Intelligence,"COPYRIGHT © 2001-2022 ENERGY INTELLIGENCE GROUP, INC. / ENERGY INTELLIGENCE GROUP (UK) LIMITED.",Gabon,Opec-Plus,-0.406,11.914
Source: Energy Intelligence,"COPYRIGHT © 2001-2022 ENERGY INTELLIGENCE GROUP, INC. / ENERGY INTELLIGENCE GROUP (UK) LIMITED.",Brunei,Opec-Plus,4.452,114.557
Source: Energy Intelligence,"COPYRIGHT © 2001-2022 ENERGY INTELLIGENCE GROUP, INC. / ENERGY INTELLIGENCE GROUP (UK) LIMITED.",Azerbaijan,Opec-Plus,40.46,47.883
Source: Energy Intelligence,"COPYRIGHT © 2001-2022 ENERGY INTELLIGENCE GROUP, INC. / ENERGY INTELLIGENCE GROUP (UK) LIMITED.",Algeria,Opec-Plus,28.6045,2.64
Source: Energy Intelligence,"COPYRIGHT © 2001-2022 ENERGY INTELLIGENCE GROUP, INC. / ENERGY INTELLIGENCE GROUP (UK) LIMITED.",Vietnam,Non-Opec-Plus,21.75,105.373
Source: Energy Intelligence,"COPYRIGHT © 2001-2022 ENERGY INTELLIGENCE GROUP, INC. / ENERGY INTELLIGENCE GROUP (UK) LIMITED.",United States,Non-Opec-Plus,40.0792,-98.8164
Source: Energy Intelligence,"COPYRIGHT © 2001-2022 ENERGY INTELLIGENCE GROUP, INC. / ENERGY INTELLIGENCE GROUP (UK) LIMITED.",United Kingdom,Non-Opec-Plus,52.289,-1.259
Source: Energy Intelligence,"COPYRIGHT © 2001-2022 ENERGY INTELLIGENCE GROUP, INC. / ENERGY INTELLIGENCE GROUP (UK) LIMITED.",Uganda,Non-Opec-Plus,1.9392,32.7415
Source: Energy Intelligence,"COPYRIGHT © 2001-2022 ENERGY INTELLIGENCE GROUP, INC. / ENERGY INTELLIGENCE GROUP (UK) LIMITED.",Turkmenistan,Non-Opec-Plus,39.584,59.597
Source: Energy Intelligence,"COPYRIGHT © 2001-2022 ENERGY INTELLIGENCE GROUP, INC. / ENERGY INTELLIGENCE GROUP (UK) LIMITED.",Turkey,Non-Opec-Plus,39.144,34.188
Source: Energy Intelligence,"COPYRIGHT © 2001-2022 ENERGY INTELLIGENCE GROUP, INC. / ENERGY INTELLIGENCE GROUP (UK) LIMITED.",Trinidad and Tobago,Non-Opec-Plus,10.4435,-61.2604
Source: Energy Intelligence,"COPYRIGHT © 2001-2022 ENERGY INTELLIGENCE GROUP, INC. / ENERGY INTELLIGENCE GROUP (UK) LIMITED.",Thailand,Non-Opec-Plus,15.688,100.845
Source: Energy Intelligence,"COPYRIGHT © 2001-2022 ENERGY INTELLIGENCE GROUP, INC. / ENERGY INTELLIGENCE GROUP (UK) LIMITED.",Suriname,Non-Opec-Plus,4.248,-55.848
Source: Energy Intelligence,"COPYRIGHT © 2001-2022 ENERGY INTELLIGENCE GROUP, INC. / ENERGY INTELLIGENCE GROUP (UK) LIMITED.",Senegal,Non-Opec-Plus,15.044,-15.081
Source: Energy Intelligence,"COPYRIGHT © 2001-2022 ENERGY INTELLIGENCE GROUP, INC. / ENERGY INTELLIGENCE GROUP (UK) LIMITED.",Qatar,Non-Opec-Plus,25.3174,51.1522
Source: Energy Intelligence,"COPYRIGHT © 2001-2022 ENERGY INTELLIGENCE GROUP, INC. / ENERGY INTELLIGENCE GROUP (UK) LIMITED.",Norway,Non-Opec-Plus,61.3701,9.3031
Source: Energy Intelligence,"COPYRIGHT © 2001-2022 ENERGY INTELLIGENCE GROUP, INC. / ENERGY INTELLIGENCE GROUP (UK) LIMITED.",Niger,Non-Opec-Plus,16.996,9.915
Source: Energy Intelligence,"COPYRIGHT © 2001-2022 ENERGY INTELLIGENCE GROUP, INC. / ENERGY INTELLIGENCE GROUP (UK) LIMITED.",Neutral Zone,Non-Opec-Plus,,
Source: Energy Intelligence,"COPYRIGHT © 2001-2022 ENERGY INTELLIGENCE GROUP, INC. / ENERGY INTELLIGENCE GROUP (UK) LIMITED.",Namibia,Non-Opec-Plus,-21.276,17.219
Source: Energy Intelligence,"COPYRIGHT © 2001-2022 ENERGY INTELLIGENCE GROUP, INC. / ENERGY INTELLIGENCE GROUP (UK) LIMITED.",Indonesia,Non-Opec-Plus,-0.739,114.045
Source: Energy Intelligence,"COPYRIGHT © 2001-2022 ENERGY INTELLIGENCE GROUP, INC. / ENERGY INTELLIGENCE GROUP (UK) LIMITED.",India,Non-Opec-Plus,22.741,78.236
Source: Energy Intelligence,"COPYRIGHT © 2001-2022 ENERGY INTELLIGENCE GROUP, INC. / ENERGY INTELLIGENCE GROUP (UK) LIMITED.",Guyana,Non-Opec-Plus,5.17,-58.939
Source: Energy Intelligence,"COPYRIGHT © 2001-2022 ENERGY INTELLIGENCE GROUP, INC. / ENERGY INTELLIGENCE GROUP (UK) LIMITED.",Ghana,Non-Opec-Plus,7.258,-1.062
Source: Energy Intelligence,"COPYRIGHT © 2001-2022 ENERGY INTELLIGENCE GROUP, INC. / ENERGY INTELLIGENCE GROUP (UK) LIMITED.",Egypt,Non-Opec-Plus,26.16,28.742
Source: Energy Intelligence,"COPYRIGHT © 2001-2022 ENERGY INTELLIGENCE GROUP, INC. / ENERGY INTELLIGENCE GROUP (UK) LIMITED.",Ecuador,Non-Opec-Plus,-1.151,-78.308
Source: Energy Intelligence,"COPYRIGHT © 2001-2022 ENERGY INTELLIGENCE GROUP, INC. / ENERGY INTELLIGENCE GROUP (UK) LIMITED.",Denmark,Non-Opec-Plus,56.113,9.096
Source: Energy Intelligence,"COPYRIGHT © 2001-2022 ENERGY INTELLIGENCE GROUP, INC. / ENERGY INTELLIGENCE GROUP (UK) LIMITED.",Cote d'Ivoire,Non-Opec-Plus,7.497,-5.336
Source: Energy Intelligence,"COPYRIGHT © 2001-2022 ENERGY INTELLIGENCE GROUP, INC. / ENERGY INTELLIGENCE GROUP (UK) LIMITED.",China,Non-Opec-Plus,35.1753,99.3877
Source: Energy Intelligence,"COPYRIGHT © 2001-2022 ENERGY INTELLIGENCE GROUP, INC. / ENERGY INTELLIGENCE GROUP (UK) LIMITED.",Canada,Non-Opec-Plus,59.2067,-111.1937
Source: Energy Intelligence,"COPYRIGHT © 2001-2022 ENERGY INTELLIGENCE GROUP, INC. / ENERGY INTELLIGENCE GROUP (UK) LIMITED.",Cameroon,Non-Opec-Plus,4.4,12.131
Source: Energy Intelligence,"COPYRIGHT © 2001-2022 ENERGY INTELLIGENCE GROUP, INC. / ENERGY INTELLIGENCE GROUP (UK) LIMITED.",Brazil,Non-Opec-Plus,-11.694,-48.978
Source: Energy Intelligence,"COPYRIGHT © 2001-2022 ENERGY INTELLIGENCE GROUP, INC. / ENERGY INTELLIGENCE GROUP (UK) LIMITED.",Australia,Non-Opec-Plus,-24.578,133.582
Source: Energy Intelligence,"COPYRIGHT © 2001-2022 ENERGY INTELLIGENCE GROUP, INC. / ENERGY INTELLIGENCE GROUP (UK) LIMITED.",Argentina,Non-Opec-Plus,-33.166,-64.31
Source: Energy Intelligence,"COPYRIGHT © 2001-2022 ENERGY INTELLIGENCE GROUP, INC. / ENERGY INTELLIGENCE GROUP (UK) LIMITED.",Angola,Non-Opec-Plus,-12.836,17.808
