Importer,Sourced,Copyright,Year of Year,DataValue
United States,Source: Energy Intelligence,"COPYRIGHT © 2001-2021 ENERGY INTELLIGENCE GROUP, INC. / ENERGY INTELLIGENCE GROUP (UK) LIMITED.",2019,6762.922134
United Kingdom,Source: Energy Intelligence,"COPYRIGHT © 2001-2021 ENERGY INTELLIGENCE GROUP, INC. / ENERGY INTELLIGENCE GROUP (UK) LIMITED.",2019,905.425698
Turkey,Source: Energy Intelligence,"COPYRIGHT © 2001-2021 ENERGY INTELLIGENCE GROUP, INC. / ENERGY INTELLIGENCE GROUP (UK) LIMITED.",2019,624.054111
Thailand,Source: Energy Intelligence,"COPYRIGHT © 2001-2021 ENERGY INTELLIGENCE GROUP, INC. / ENERGY INTELLIGENCE GROUP (UK) LIMITED.",2019,854.073486
Taiwan,Source: Energy Intelligence,"COPYRIGHT © 2001-2021 ENERGY INTELLIGENCE GROUP, INC. / ENERGY INTELLIGENCE GROUP (UK) LIMITED.",2019,891.041097
Switzerland,Source: Energy Intelligence,"COPYRIGHT © 2001-2021 ENERGY INTELLIGENCE GROUP, INC. / ENERGY INTELLIGENCE GROUP (UK) LIMITED.",2019,54.884631
Sweden,Source: Energy Intelligence,"COPYRIGHT © 2001-2021 ENERGY INTELLIGENCE GROUP, INC. / ENERGY INTELLIGENCE GROUP (UK) LIMITED.",2019,342.501781
Spain,Source: Energy Intelligence,"COPYRIGHT © 2001-2021 ENERGY INTELLIGENCE GROUP, INC. / ENERGY INTELLIGENCE GROUP (UK) LIMITED.",2019,1331.509561
South Korea,Source: Energy Intelligence,"COPYRIGHT © 2001-2021 ENERGY INTELLIGENCE GROUP, INC. / ENERGY INTELLIGENCE GROUP (UK) LIMITED.",2019,2936.780822
Slovakia,Source: Energy Intelligence,"COPYRIGHT © 2001-2021 ENERGY INTELLIGENCE GROUP, INC. / ENERGY INTELLIGENCE GROUP (UK) LIMITED.",2019,103.26263
Singapore,Source: Energy Intelligence,"COPYRIGHT © 2001-2021 ENERGY INTELLIGENCE GROUP, INC. / ENERGY INTELLIGENCE GROUP (UK) LIMITED.",2019,979.096657
Portugal,Source: Energy Intelligence,"COPYRIGHT © 2001-2021 ENERGY INTELLIGENCE GROUP, INC. / ENERGY INTELLIGENCE GROUP (UK) LIMITED.",2019,225.502931
Poland,Source: Energy Intelligence,"COPYRIGHT © 2001-2021 ENERGY INTELLIGENCE GROUP, INC. / ENERGY INTELLIGENCE GROUP (UK) LIMITED.",2019,534.628109
Norway,Source: Energy Intelligence,"COPYRIGHT © 2001-2021 ENERGY INTELLIGENCE GROUP, INC. / ENERGY INTELLIGENCE GROUP (UK) LIMITED.",2019,61.652329
New Zealand,Source: Energy Intelligence,"COPYRIGHT © 2001-2021 ENERGY INTELLIGENCE GROUP, INC. / ENERGY INTELLIGENCE GROUP (UK) LIMITED.",2019,103.061808
Netherlands,Source: Energy Intelligence,"COPYRIGHT © 2001-2021 ENERGY INTELLIGENCE GROUP, INC. / ENERGY INTELLIGENCE GROUP (UK) LIMITED.",2019,1146.69315
Lithuania,Source: Energy Intelligence,"COPYRIGHT © 2001-2021 ENERGY INTELLIGENCE GROUP, INC. / ENERGY INTELLIGENCE GROUP (UK) LIMITED.",2019,193.371425
Japan,Source: Energy Intelligence,"COPYRIGHT © 2001-2021 ENERGY INTELLIGENCE GROUP, INC. / ENERGY INTELLIGENCE GROUP (UK) LIMITED.",2019,3024.086968
Italy,Source: Energy Intelligence,"COPYRIGHT © 2001-2021 ENERGY INTELLIGENCE GROUP, INC. / ENERGY INTELLIGENCE GROUP (UK) LIMITED.",2019,1268.090001
Israel,Source: Energy Intelligence,"COPYRIGHT © 2001-2021 ENERGY INTELLIGENCE GROUP, INC. / ENERGY INTELLIGENCE GROUP (UK) LIMITED.",2019,247.251945
Ireland,Source: Energy Intelligence,"COPYRIGHT © 2001-2021 ENERGY INTELLIGENCE GROUP, INC. / ENERGY INTELLIGENCE GROUP (UK) LIMITED.",2019,52.113288
India,Source: Energy Intelligence,"COPYRIGHT © 2001-2021 ENERGY INTELLIGENCE GROUP, INC. / ENERGY INTELLIGENCE GROUP (UK) LIMITED.",2019,4495.801644
Hungary,Source: Energy Intelligence,"COPYRIGHT © 2001-2021 ENERGY INTELLIGENCE GROUP, INC. / ENERGY INTELLIGENCE GROUP (UK) LIMITED.",2019,122.68211
Greece,Source: Energy Intelligence,"COPYRIGHT © 2001-2021 ENERGY INTELLIGENCE GROUP, INC. / ENERGY INTELLIGENCE GROUP (UK) LIMITED.",2019,458.476439
Germany,Source: Energy Intelligence,"COPYRIGHT © 2001-2021 ENERGY INTELLIGENCE GROUP, INC. / ENERGY INTELLIGENCE GROUP (UK) LIMITED.",2019,1727.590631
France,Source: Energy Intelligence,"COPYRIGHT © 2001-2021 ENERGY INTELLIGENCE GROUP, INC. / ENERGY INTELLIGENCE GROUP (UK) LIMITED.",2019,970.793234
Finland,Source: Energy Intelligence,"COPYRIGHT © 2001-2021 ENERGY INTELLIGENCE GROUP, INC. / ENERGY INTELLIGENCE GROUP (UK) LIMITED.",2019,237.451836
Denmark,Source: Energy Intelligence,"COPYRIGHT © 2001-2021 ENERGY INTELLIGENCE GROUP, INC. / ENERGY INTELLIGENCE GROUP (UK) LIMITED.",2019,101.093754
Czech Republic,Source: Energy Intelligence,"COPYRIGHT © 2001-2021 ENERGY INTELLIGENCE GROUP, INC. / ENERGY INTELLIGENCE GROUP (UK) LIMITED.",2019,155.396001
China,Source: Energy Intelligence,"COPYRIGHT © 2001-2021 ENERGY INTELLIGENCE GROUP, INC. / ENERGY INTELLIGENCE GROUP (UK) LIMITED.",2019,10187.181472
Chile,Source: Energy Intelligence,"COPYRIGHT © 2001-2021 ENERGY INTELLIGENCE GROUP, INC. / ENERGY INTELLIGENCE GROUP (UK) LIMITED.",2019,183.772137
Canada,Source: Energy Intelligence,"COPYRIGHT © 2001-2021 ENERGY INTELLIGENCE GROUP, INC. / ENERGY INTELLIGENCE GROUP (UK) LIMITED.",2019,847.006602
Belgium,Source: Energy Intelligence,"COPYRIGHT © 2001-2021 ENERGY INTELLIGENCE GROUP, INC. / ENERGY INTELLIGENCE GROUP (UK) LIMITED.",2019,692.695039
Austria,Source: Energy Intelligence,"COPYRIGHT © 2001-2021 ENERGY INTELLIGENCE GROUP, INC. / ENERGY INTELLIGENCE GROUP (UK) LIMITED.",2019,172.485945
Australia,Source: Energy Intelligence,"COPYRIGHT © 2001-2021 ENERGY INTELLIGENCE GROUP, INC. / ENERGY INTELLIGENCE GROUP (UK) LIMITED.",2019,357.197448
United States,Source: Energy Intelligence,"COPYRIGHT © 2001-2021 ENERGY INTELLIGENCE GROUP, INC. / ENERGY INTELLIGENCE GROUP (UK) LIMITED.",2020,5885.969013
United Kingdom,Source: Energy Intelligence,"COPYRIGHT © 2001-2021 ENERGY INTELLIGENCE GROUP, INC. / ENERGY INTELLIGENCE GROUP (UK) LIMITED.",2020,709.20754
Turkey,Source: Energy Intelligence,"COPYRIGHT © 2001-2021 ENERGY INTELLIGENCE GROUP, INC. / ENERGY INTELLIGENCE GROUP (UK) LIMITED.",2020,588.222486
Thailand,Source: Energy Intelligence,"COPYRIGHT © 2001-2021 ENERGY INTELLIGENCE GROUP, INC. / ENERGY INTELLIGENCE GROUP (UK) LIMITED.",2020,848.760711
Taiwan,Source: Energy Intelligence,"COPYRIGHT © 2001-2021 ENERGY INTELLIGENCE GROUP, INC. / ENERGY INTELLIGENCE GROUP (UK) LIMITED.",2020,738.455737
Switzerland,Source: Energy Intelligence,"COPYRIGHT © 2001-2021 ENERGY INTELLIGENCE GROUP, INC. / ENERGY INTELLIGENCE GROUP (UK) LIMITED.",2020,56.156613
Sweden,Source: Energy Intelligence,"COPYRIGHT © 2001-2021 ENERGY INTELLIGENCE GROUP, INC. / ENERGY INTELLIGENCE GROUP (UK) LIMITED.",2020,372.908743
Spain,Source: Energy Intelligence,"COPYRIGHT © 2001-2021 ENERGY INTELLIGENCE GROUP, INC. / ENERGY INTELLIGENCE GROUP (UK) LIMITED.",2020,1098.598772
South Korea,Source: Energy Intelligence,"COPYRIGHT © 2001-2021 ENERGY INTELLIGENCE GROUP, INC. / ENERGY INTELLIGENCE GROUP (UK) LIMITED.",2020,2677.425637
Slovakia,Source: Energy Intelligence,"COPYRIGHT © 2001-2021 ENERGY INTELLIGENCE GROUP, INC. / ENERGY INTELLIGENCE GROUP (UK) LIMITED.",2020,113.294562
Singapore,Source: Energy Intelligence,"COPYRIGHT © 2001-2021 ENERGY INTELLIGENCE GROUP, INC. / ENERGY INTELLIGENCE GROUP (UK) LIMITED.",2020,848.662242
Portugal,Source: Energy Intelligence,"COPYRIGHT © 2001-2021 ENERGY INTELLIGENCE GROUP, INC. / ENERGY INTELLIGENCE GROUP (UK) LIMITED.",2020,211.067951
Poland,Source: Energy Intelligence,"COPYRIGHT © 2001-2021 ENERGY INTELLIGENCE GROUP, INC. / ENERGY INTELLIGENCE GROUP (UK) LIMITED.",2020,498.760438
Norway,Source: Energy Intelligence,"COPYRIGHT © 2001-2021 ENERGY INTELLIGENCE GROUP, INC. / ENERGY INTELLIGENCE GROUP (UK) LIMITED.",2020,61.523935
New Zealand,Source: Energy Intelligence,"COPYRIGHT © 2001-2021 ENERGY INTELLIGENCE GROUP, INC. / ENERGY INTELLIGENCE GROUP (UK) LIMITED.",2020,78.707377
Netherlands,Source: Energy Intelligence,"COPYRIGHT © 2001-2021 ENERGY INTELLIGENCE GROUP, INC. / ENERGY INTELLIGENCE GROUP (UK) LIMITED.",2020,992.353826
Lithuania,Source: Energy Intelligence,"COPYRIGHT © 2001-2021 ENERGY INTELLIGENCE GROUP, INC. / ENERGY INTELLIGENCE GROUP (UK) LIMITED.",2020,157.034235
Japan,Source: Energy Intelligence,"COPYRIGHT © 2001-2021 ENERGY INTELLIGENCE GROUP, INC. / ENERGY INTELLIGENCE GROUP (UK) LIMITED.",2020,2478.311062
Italy,Source: Energy Intelligence,"COPYRIGHT © 2001-2021 ENERGY INTELLIGENCE GROUP, INC. / ENERGY INTELLIGENCE GROUP (UK) LIMITED.",2020,1008.736175
Israel,Source: Energy Intelligence,"COPYRIGHT © 2001-2021 ENERGY INTELLIGENCE GROUP, INC. / ENERGY INTELLIGENCE GROUP (UK) LIMITED.",2020,222.543607
Ireland,Source: Energy Intelligence,"COPYRIGHT © 2001-2021 ENERGY INTELLIGENCE GROUP, INC. / ENERGY INTELLIGENCE GROUP (UK) LIMITED.",2020,62.124754
India,Source: Energy Intelligence,"COPYRIGHT © 2001-2021 ENERGY INTELLIGENCE GROUP, INC. / ENERGY INTELLIGENCE GROUP (UK) LIMITED.",2020,4038.585573
Hungary,Source: Energy Intelligence,"COPYRIGHT © 2001-2021 ENERGY INTELLIGENCE GROUP, INC. / ENERGY INTELLIGENCE GROUP (UK) LIMITED.",2020,122.186694
Greece,Source: Energy Intelligence,"COPYRIGHT © 2001-2021 ENERGY INTELLIGENCE GROUP, INC. / ENERGY INTELLIGENCE GROUP (UK) LIMITED.",2020,456.042159
Germany,Source: Energy Intelligence,"COPYRIGHT © 2001-2021 ENERGY INTELLIGENCE GROUP, INC. / ENERGY INTELLIGENCE GROUP (UK) LIMITED.",2020,1656.640085
France,Source: Energy Intelligence,"COPYRIGHT © 2001-2021 ENERGY INTELLIGENCE GROUP, INC. / ENERGY INTELLIGENCE GROUP (UK) LIMITED.",2020,662.563908
Finland,Source: Energy Intelligence,"COPYRIGHT © 2001-2021 ENERGY INTELLIGENCE GROUP, INC. / ENERGY INTELLIGENCE GROUP (UK) LIMITED.",2020,209.445738
Denmark,Source: Energy Intelligence,"COPYRIGHT © 2001-2021 ENERGY INTELLIGENCE GROUP, INC. / ENERGY INTELLIGENCE GROUP (UK) LIMITED.",2020,93.527595
Czech Republic,Source: Energy Intelligence,"COPYRIGHT © 2001-2021 ENERGY INTELLIGENCE GROUP, INC. / ENERGY INTELLIGENCE GROUP (UK) LIMITED.",2020,123.648688
China,Source: Energy Intelligence,"COPYRIGHT © 2001-2021 ENERGY INTELLIGENCE GROUP, INC. / ENERGY INTELLIGENCE GROUP (UK) LIMITED.",2020,10865.242075
Chile,Source: Energy Intelligence,"COPYRIGHT © 2001-2021 ENERGY INTELLIGENCE GROUP, INC. / ENERGY INTELLIGENCE GROUP (UK) LIMITED.",2020,146.439781
Canada,Source: Energy Intelligence,"COPYRIGHT © 2001-2021 ENERGY INTELLIGENCE GROUP, INC. / ENERGY INTELLIGENCE GROUP (UK) LIMITED.",2020,761.639072
Belgium,Source: Energy Intelligence,"COPYRIGHT © 2001-2021 ENERGY INTELLIGENCE GROUP, INC. / ENERGY INTELLIGENCE GROUP (UK) LIMITED.",2020,547.927514
Austria,Source: Energy Intelligence,"COPYRIGHT © 2001-2021 ENERGY INTELLIGENCE GROUP, INC. / ENERGY INTELLIGENCE GROUP (UK) LIMITED.",2020,149.043333
Australia,Source: Energy Intelligence,"COPYRIGHT © 2001-2021 ENERGY INTELLIGENCE GROUP, INC. / ENERGY INTELLIGENCE GROUP (UK) LIMITED.",2020,250.401803
United States,Source: Energy Intelligence,"COPYRIGHT © 2001-2021 ENERGY INTELLIGENCE GROUP, INC. / ENERGY INTELLIGENCE GROUP (UK) LIMITED.",2021,5694.640822
United Kingdom,Source: Energy Intelligence,"COPYRIGHT © 2001-2021 ENERGY INTELLIGENCE GROUP, INC. / ENERGY INTELLIGENCE GROUP (UK) LIMITED.",2021,730.128245
Turkey,Source: Energy Intelligence,"COPYRIGHT © 2001-2021 ENERGY INTELLIGENCE GROUP, INC. / ENERGY INTELLIGENCE GROUP (UK) LIMITED.",2021,630.942303
Thailand,Source: Energy Intelligence,"COPYRIGHT © 2001-2021 ENERGY INTELLIGENCE GROUP, INC. / ENERGY INTELLIGENCE GROUP (UK) LIMITED.",2021,862.417338
Taiwan,Source: Energy Intelligence,"COPYRIGHT © 2001-2021 ENERGY INTELLIGENCE GROUP, INC. / ENERGY INTELLIGENCE GROUP (UK) LIMITED.",2021,764.837559
Switzerland,Source: Energy Intelligence,"COPYRIGHT © 2001-2021 ENERGY INTELLIGENCE GROUP, INC. / ENERGY INTELLIGENCE GROUP (UK) LIMITED.",2021,45.70707
Sweden,Source: Energy Intelligence,"COPYRIGHT © 2001-2021 ENERGY INTELLIGENCE GROUP, INC. / ENERGY INTELLIGENCE GROUP (UK) LIMITED.",2021,360.55567
Spain,Source: Energy Intelligence,"COPYRIGHT © 2001-2021 ENERGY INTELLIGENCE GROUP, INC. / ENERGY INTELLIGENCE GROUP (UK) LIMITED.",2021,1128.036791
South Korea,Source: Energy Intelligence,"COPYRIGHT © 2001-2021 ENERGY INTELLIGENCE GROUP, INC. / ENERGY INTELLIGENCE GROUP (UK) LIMITED.",2021,2629.107642
Slovakia,Source: Energy Intelligence,"COPYRIGHT © 2001-2021 ENERGY INTELLIGENCE GROUP, INC. / ENERGY INTELLIGENCE GROUP (UK) LIMITED.",2021,109.809424
Singapore,Source: Energy Intelligence,"COPYRIGHT © 2001-2021 ENERGY INTELLIGENCE GROUP, INC. / ENERGY INTELLIGENCE GROUP (UK) LIMITED.",2021,867.905447
Portugal,Source: Energy Intelligence,"COPYRIGHT © 2001-2021 ENERGY INTELLIGENCE GROUP, INC. / ENERGY INTELLIGENCE GROUP (UK) LIMITED.",2021,188.029562
Poland,Source: Energy Intelligence,"COPYRIGHT © 2001-2021 ENERGY INTELLIGENCE GROUP, INC. / ENERGY INTELLIGENCE GROUP (UK) LIMITED.",2021,474.301206
Norway,Source: Energy Intelligence,"COPYRIGHT © 2001-2021 ENERGY INTELLIGENCE GROUP, INC. / ENERGY INTELLIGENCE GROUP (UK) LIMITED.",2021,48.538658
New Zealand,Source: Energy Intelligence,"COPYRIGHT © 2001-2021 ENERGY INTELLIGENCE GROUP, INC. / ENERGY INTELLIGENCE GROUP (UK) LIMITED.",2021,68.741342
Netherlands,Source: Energy Intelligence,"COPYRIGHT © 2001-2021 ENERGY INTELLIGENCE GROUP, INC. / ENERGY INTELLIGENCE GROUP (UK) LIMITED.",2021,1054.174494
Lithuania,Source: Energy Intelligence,"COPYRIGHT © 2001-2021 ENERGY INTELLIGENCE GROUP, INC. / ENERGY INTELLIGENCE GROUP (UK) LIMITED.",2021,160.79811
Japan,Source: Energy Intelligence,"COPYRIGHT © 2001-2021 ENERGY INTELLIGENCE GROUP, INC. / ENERGY INTELLIGENCE GROUP (UK) LIMITED.",2021,2496.518611
Italy,Source: Energy Intelligence,"COPYRIGHT © 2001-2021 ENERGY INTELLIGENCE GROUP, INC. / ENERGY INTELLIGENCE GROUP (UK) LIMITED.",2021,1139.081997
Israel,Source: Energy Intelligence,"COPYRIGHT © 2001-2021 ENERGY INTELLIGENCE GROUP, INC. / ENERGY INTELLIGENCE GROUP (UK) LIMITED.",2021,234.479671
Ireland,Source: Energy Intelligence,"COPYRIGHT © 2001-2021 ENERGY INTELLIGENCE GROUP, INC. / ENERGY INTELLIGENCE GROUP (UK) LIMITED.",2021,61.21052
India,Source: Energy Intelligence,"COPYRIGHT © 2001-2021 ENERGY INTELLIGENCE GROUP, INC. / ENERGY INTELLIGENCE GROUP (UK) LIMITED.",2021,4199.202696
Hungary,Source: Energy Intelligence,"COPYRIGHT © 2001-2021 ENERGY INTELLIGENCE GROUP, INC. / ENERGY INTELLIGENCE GROUP (UK) LIMITED.",2021,120.573478
Greece,Source: Energy Intelligence,"COPYRIGHT © 2001-2021 ENERGY INTELLIGENCE GROUP, INC. / ENERGY INTELLIGENCE GROUP (UK) LIMITED.",2021,470.023698
Germany,Source: Energy Intelligence,"COPYRIGHT © 2001-2021 ENERGY INTELLIGENCE GROUP, INC. / ENERGY INTELLIGENCE GROUP (UK) LIMITED.",2021,1632.441207
France,Source: Energy Intelligence,"COPYRIGHT © 2001-2021 ENERGY INTELLIGENCE GROUP, INC. / ENERGY INTELLIGENCE GROUP (UK) LIMITED.",2021,679.501039
Finland,Source: Energy Intelligence,"COPYRIGHT © 2001-2021 ENERGY INTELLIGENCE GROUP, INC. / ENERGY INTELLIGENCE GROUP (UK) LIMITED.",2021,160.034987
Denmark,Source: Energy Intelligence,"COPYRIGHT © 2001-2021 ENERGY INTELLIGENCE GROUP, INC. / ENERGY INTELLIGENCE GROUP (UK) LIMITED.",2021,104.146247
Czech Republic,Source: Energy Intelligence,"COPYRIGHT © 2001-2021 ENERGY INTELLIGENCE GROUP, INC. / ENERGY INTELLIGENCE GROUP (UK) LIMITED.",2021,137.382275
China,Source: Energy Intelligence,"COPYRIGHT © 2001-2021 ENERGY INTELLIGENCE GROUP, INC. / ENERGY INTELLIGENCE GROUP (UK) LIMITED.",2021,10308.228236
Chile,Source: Energy Intelligence,"COPYRIGHT © 2001-2021 ENERGY INTELLIGENCE GROUP, INC. / ENERGY INTELLIGENCE GROUP (UK) LIMITED.",2021,163.268219
Canada,Source: Energy Intelligence,"COPYRIGHT © 2001-2021 ENERGY INTELLIGENCE GROUP, INC. / ENERGY INTELLIGENCE GROUP (UK) LIMITED.",2021,657.611451
Belgium,Source: Energy Intelligence,"COPYRIGHT © 2001-2021 ENERGY INTELLIGENCE GROUP, INC. / ENERGY INTELLIGENCE GROUP (UK) LIMITED.",2021,576.298656
Austria,Source: Energy Intelligence,"COPYRIGHT © 2001-2021 ENERGY INTELLIGENCE GROUP, INC. / ENERGY INTELLIGENCE GROUP (UK) LIMITED.",2021,151.881616
Australia,Source: Energy Intelligence,"COPYRIGHT © 2001-2021 ENERGY INTELLIGENCE GROUP, INC. / ENERGY INTELLIGENCE GROUP (UK) LIMITED.",2021,223.958485
United States,Source: Energy Intelligence,"COPYRIGHT © 2001-2021 ENERGY INTELLIGENCE GROUP, INC. / ENERGY INTELLIGENCE GROUP (UK) LIMITED.",2022,6277.875889
United Kingdom,Source: Energy Intelligence,"COPYRIGHT © 2001-2021 ENERGY INTELLIGENCE GROUP, INC. / ENERGY INTELLIGENCE GROUP (UK) LIMITED.",2022,843.291398
Turkey,Source: Energy Intelligence,"COPYRIGHT © 2001-2021 ENERGY INTELLIGENCE GROUP, INC. / ENERGY INTELLIGENCE GROUP (UK) LIMITED.",2022,672.512439
Thailand,Source: Energy Intelligence,"COPYRIGHT © 2001-2021 ENERGY INTELLIGENCE GROUP, INC. / ENERGY INTELLIGENCE GROUP (UK) LIMITED.",2022,931.64578
Taiwan,Source: Energy Intelligence,"COPYRIGHT © 2001-2021 ENERGY INTELLIGENCE GROUP, INC. / ENERGY INTELLIGENCE GROUP (UK) LIMITED.",2022,815.897653
Switzerland,Source: Energy Intelligence,"COPYRIGHT © 2001-2021 ENERGY INTELLIGENCE GROUP, INC. / ENERGY INTELLIGENCE GROUP (UK) LIMITED.",2022,61.110109
Sweden,Source: Energy Intelligence,"COPYRIGHT © 2001-2021 ENERGY INTELLIGENCE GROUP, INC. / ENERGY INTELLIGENCE GROUP (UK) LIMITED.",2022,378.468987
Spain,Source: Energy Intelligence,"COPYRIGHT © 2001-2021 ENERGY INTELLIGENCE GROUP, INC. / ENERGY INTELLIGENCE GROUP (UK) LIMITED.",2022,1277.147069
South Korea,Source: Energy Intelligence,"COPYRIGHT © 2001-2021 ENERGY INTELLIGENCE GROUP, INC. / ENERGY INTELLIGENCE GROUP (UK) LIMITED.",2022,2830.691209
Slovakia,Source: Energy Intelligence,"COPYRIGHT © 2001-2021 ENERGY INTELLIGENCE GROUP, INC. / ENERGY INTELLIGENCE GROUP (UK) LIMITED.",2022,109.628685
Singapore,Source: Energy Intelligence,"COPYRIGHT © 2001-2021 ENERGY INTELLIGENCE GROUP, INC. / ENERGY INTELLIGENCE GROUP (UK) LIMITED.",2022,887.328285
Portugal,Source: Energy Intelligence,"COPYRIGHT © 2001-2021 ENERGY INTELLIGENCE GROUP, INC. / ENERGY INTELLIGENCE GROUP (UK) LIMITED.",2022,202.127261
Poland,Source: Energy Intelligence,"COPYRIGHT © 2001-2021 ENERGY INTELLIGENCE GROUP, INC. / ENERGY INTELLIGENCE GROUP (UK) LIMITED.",2022,525.93252
Norway,Source: Energy Intelligence,"COPYRIGHT © 2001-2021 ENERGY INTELLIGENCE GROUP, INC. / ENERGY INTELLIGENCE GROUP (UK) LIMITED.",2022,6.004576
New Zealand,Source: Energy Intelligence,"COPYRIGHT © 2001-2021 ENERGY INTELLIGENCE GROUP, INC. / ENERGY INTELLIGENCE GROUP (UK) LIMITED.",2022,16.527644
Netherlands,Source: Energy Intelligence,"COPYRIGHT © 2001-2021 ENERGY INTELLIGENCE GROUP, INC. / ENERGY INTELLIGENCE GROUP (UK) LIMITED.",2022,1068.211946
Lithuania,Source: Energy Intelligence,"COPYRIGHT © 2001-2021 ENERGY INTELLIGENCE GROUP, INC. / ENERGY INTELLIGENCE GROUP (UK) LIMITED.",2022,164.493233
Japan,Source: Energy Intelligence,"COPYRIGHT © 2001-2021 ENERGY INTELLIGENCE GROUP, INC. / ENERGY INTELLIGENCE GROUP (UK) LIMITED.",2022,2738.901871
Italy,Source: Energy Intelligence,"COPYRIGHT © 2001-2021 ENERGY INTELLIGENCE GROUP, INC. / ENERGY INTELLIGENCE GROUP (UK) LIMITED.",2022,1253.269339
Israel,Source: Energy Intelligence,"COPYRIGHT © 2001-2021 ENERGY INTELLIGENCE GROUP, INC. / ENERGY INTELLIGENCE GROUP (UK) LIMITED.",2022,245.324055
Ireland,Source: Energy Intelligence,"COPYRIGHT © 2001-2021 ENERGY INTELLIGENCE GROUP, INC. / ENERGY INTELLIGENCE GROUP (UK) LIMITED.",2022,62.877342
India,Source: Energy Intelligence,"COPYRIGHT © 2001-2021 ENERGY INTELLIGENCE GROUP, INC. / ENERGY INTELLIGENCE GROUP (UK) LIMITED.",2022,4562.165266
Hungary,Source: Energy Intelligence,"COPYRIGHT © 2001-2021 ENERGY INTELLIGENCE GROUP, INC. / ENERGY INTELLIGENCE GROUP (UK) LIMITED.",2022,120.553396
Greece,Source: Energy Intelligence,"COPYRIGHT © 2001-2021 ENERGY INTELLIGENCE GROUP, INC. / ENERGY INTELLIGENCE GROUP (UK) LIMITED.",2022,440.362301
Germany,Source: Energy Intelligence,"COPYRIGHT © 2001-2021 ENERGY INTELLIGENCE GROUP, INC. / ENERGY INTELLIGENCE GROUP (UK) LIMITED.",2022,1771.811618
France,Source: Energy Intelligence,"COPYRIGHT © 2001-2021 ENERGY INTELLIGENCE GROUP, INC. / ENERGY INTELLIGENCE GROUP (UK) LIMITED.",2022,819.75507
Finland,Source: Energy Intelligence,"COPYRIGHT © 2001-2021 ENERGY INTELLIGENCE GROUP, INC. / ENERGY INTELLIGENCE GROUP (UK) LIMITED.",2022,183.370493
Denmark,Source: Energy Intelligence,"COPYRIGHT © 2001-2021 ENERGY INTELLIGENCE GROUP, INC. / ENERGY INTELLIGENCE GROUP (UK) LIMITED.",2022,89.566575
Czech Republic,Source: Energy Intelligence,"COPYRIGHT © 2001-2021 ENERGY INTELLIGENCE GROUP, INC. / ENERGY INTELLIGENCE GROUP (UK) LIMITED.",2022,149.110274
China,Source: Energy Intelligence,"COPYRIGHT © 2001-2021 ENERGY INTELLIGENCE GROUP, INC. / ENERGY INTELLIGENCE GROUP (UK) LIMITED.",2022,10215.367848
Chile,Source: Energy Intelligence,"COPYRIGHT © 2001-2021 ENERGY INTELLIGENCE GROUP, INC. / ENERGY INTELLIGENCE GROUP (UK) LIMITED.",2022,145.154082
Canada,Source: Energy Intelligence,"COPYRIGHT © 2001-2021 ENERGY INTELLIGENCE GROUP, INC. / ENERGY INTELLIGENCE GROUP (UK) LIMITED.",2022,628.612767
Belgium,Source: Energy Intelligence,"COPYRIGHT © 2001-2021 ENERGY INTELLIGENCE GROUP, INC. / ENERGY INTELLIGENCE GROUP (UK) LIMITED.",2022,556.397205
Austria,Source: Energy Intelligence,"COPYRIGHT © 2001-2021 ENERGY INTELLIGENCE GROUP, INC. / ENERGY INTELLIGENCE GROUP (UK) LIMITED.",2022,103.08189
Australia,Source: Energy Intelligence,"COPYRIGHT © 2001-2021 ENERGY INTELLIGENCE GROUP, INC. / ENERGY INTELLIGENCE GROUP (UK) LIMITED.",2022,183.373515
United States,Source: Energy Intelligence,"COPYRIGHT © 2001-2021 ENERGY INTELLIGENCE GROUP, INC. / ENERGY INTELLIGENCE GROUP (UK) LIMITED.",2023,6454.767314
United Kingdom,Source: Energy Intelligence,"COPYRIGHT © 2001-2021 ENERGY INTELLIGENCE GROUP, INC. / ENERGY INTELLIGENCE GROUP (UK) LIMITED.",2023,825.79981
Turkey,Source: Energy Intelligence,"COPYRIGHT © 2001-2021 ENERGY INTELLIGENCE GROUP, INC. / ENERGY INTELLIGENCE GROUP (UK) LIMITED.",2023,630.620988
Thailand,Source: Energy Intelligence,"COPYRIGHT © 2001-2021 ENERGY INTELLIGENCE GROUP, INC. / ENERGY INTELLIGENCE GROUP (UK) LIMITED.",2023,978.357778
Taiwan,Source: Energy Intelligence,"COPYRIGHT © 2001-2021 ENERGY INTELLIGENCE GROUP, INC. / ENERGY INTELLIGENCE GROUP (UK) LIMITED.",2023,808.361321
Switzerland,Source: Energy Intelligence,"COPYRIGHT © 2001-2021 ENERGY INTELLIGENCE GROUP, INC. / ENERGY INTELLIGENCE GROUP (UK) LIMITED.",2023,56.491205
Sweden,Source: Energy Intelligence,"COPYRIGHT © 2001-2021 ENERGY INTELLIGENCE GROUP, INC. / ENERGY INTELLIGENCE GROUP (UK) LIMITED.",2023,348.044466
Spain,Source: Energy Intelligence,"COPYRIGHT © 2001-2021 ENERGY INTELLIGENCE GROUP, INC. / ENERGY INTELLIGENCE GROUP (UK) LIMITED.",2023,1236.219558
South Korea,Source: Energy Intelligence,"COPYRIGHT © 2001-2021 ENERGY INTELLIGENCE GROUP, INC. / ENERGY INTELLIGENCE GROUP (UK) LIMITED.",2023,2755.630167
Slovakia,Source: Energy Intelligence,"COPYRIGHT © 2001-2021 ENERGY INTELLIGENCE GROUP, INC. / ENERGY INTELLIGENCE GROUP (UK) LIMITED.",2023,108.805315
Singapore,Source: Energy Intelligence,"COPYRIGHT © 2001-2021 ENERGY INTELLIGENCE GROUP, INC. / ENERGY INTELLIGENCE GROUP (UK) LIMITED.",2023,855.768718
Portugal,Source: Energy Intelligence,"COPYRIGHT © 2001-2021 ENERGY INTELLIGENCE GROUP, INC. / ENERGY INTELLIGENCE GROUP (UK) LIMITED.",2023,185.218053
Poland,Source: Energy Intelligence,"COPYRIGHT © 2001-2021 ENERGY INTELLIGENCE GROUP, INC. / ENERGY INTELLIGENCE GROUP (UK) LIMITED.",2023,491.93337
Norway,Source: Energy Intelligence,"COPYRIGHT © 2001-2021 ENERGY INTELLIGENCE GROUP, INC. / ENERGY INTELLIGENCE GROUP (UK) LIMITED.",2023,35.525397
Netherlands,Source: Energy Intelligence,"COPYRIGHT © 2001-2021 ENERGY INTELLIGENCE GROUP, INC. / ENERGY INTELLIGENCE GROUP (UK) LIMITED.",2023,1079.357563
Lithuania,Source: Energy Intelligence,"COPYRIGHT © 2001-2021 ENERGY INTELLIGENCE GROUP, INC. / ENERGY INTELLIGENCE GROUP (UK) LIMITED.",2023,182.747945
Japan,Source: Energy Intelligence,"COPYRIGHT © 2001-2021 ENERGY INTELLIGENCE GROUP, INC. / ENERGY INTELLIGENCE GROUP (UK) LIMITED.",2023,2552.238167
Italy,Source: Energy Intelligence,"COPYRIGHT © 2001-2021 ENERGY INTELLIGENCE GROUP, INC. / ENERGY INTELLIGENCE GROUP (UK) LIMITED.",2023,1229.291207
Israel,Source: Energy Intelligence,"COPYRIGHT © 2001-2021 ENERGY INTELLIGENCE GROUP, INC. / ENERGY INTELLIGENCE GROUP (UK) LIMITED.",2023,264.120986
Ireland,Source: Energy Intelligence,"COPYRIGHT © 2001-2021 ENERGY INTELLIGENCE GROUP, INC. / ENERGY INTELLIGENCE GROUP (UK) LIMITED.",2023,57.294493
India,Source: Energy Intelligence,"COPYRIGHT © 2001-2021 ENERGY INTELLIGENCE GROUP, INC. / ENERGY INTELLIGENCE GROUP (UK) LIMITED.",2023,4587.489763
Hungary,Source: Energy Intelligence,"COPYRIGHT © 2001-2021 ENERGY INTELLIGENCE GROUP, INC. / ENERGY INTELLIGENCE GROUP (UK) LIMITED.",2023,124.71041
Greece,Source: Energy Intelligence,"COPYRIGHT © 2001-2021 ENERGY INTELLIGENCE GROUP, INC. / ENERGY INTELLIGENCE GROUP (UK) LIMITED.",2023,468.638027
Germany,Source: Energy Intelligence,"COPYRIGHT © 2001-2021 ENERGY INTELLIGENCE GROUP, INC. / ENERGY INTELLIGENCE GROUP (UK) LIMITED.",2023,1553.31737
France,Source: Energy Intelligence,"COPYRIGHT © 2001-2021 ENERGY INTELLIGENCE GROUP, INC. / ENERGY INTELLIGENCE GROUP (UK) LIMITED.",2023,913.860219
Finland,Source: Energy Intelligence,"COPYRIGHT © 2001-2021 ENERGY INTELLIGENCE GROUP, INC. / ENERGY INTELLIGENCE GROUP (UK) LIMITED.",2023,192.969781
Denmark,Source: Energy Intelligence,"COPYRIGHT © 2001-2021 ENERGY INTELLIGENCE GROUP, INC. / ENERGY INTELLIGENCE GROUP (UK) LIMITED.",2023,94.948603
Czech Republic,Source: Energy Intelligence,"COPYRIGHT © 2001-2021 ENERGY INTELLIGENCE GROUP, INC. / ENERGY INTELLIGENCE GROUP (UK) LIMITED.",2023,148.728713
China,Source: Energy Intelligence,"COPYRIGHT © 2001-2021 ENERGY INTELLIGENCE GROUP, INC. / ENERGY INTELLIGENCE GROUP (UK) LIMITED.",2023,11336.486428
Chile,Source: Energy Intelligence,"COPYRIGHT © 2001-2021 ENERGY INTELLIGENCE GROUP, INC. / ENERGY INTELLIGENCE GROUP (UK) LIMITED.",2023,178.088877
Canada,Source: Energy Intelligence,"COPYRIGHT © 2001-2021 ENERGY INTELLIGENCE GROUP, INC. / ENERGY INTELLIGENCE GROUP (UK) LIMITED.",2023,602.164521
Belgium,Source: Energy Intelligence,"COPYRIGHT © 2001-2021 ENERGY INTELLIGENCE GROUP, INC. / ENERGY INTELLIGENCE GROUP (UK) LIMITED.",2023,606.040385
Austria,Source: Energy Intelligence,"COPYRIGHT © 2001-2021 ENERGY INTELLIGENCE GROUP, INC. / ENERGY INTELLIGENCE GROUP (UK) LIMITED.",2023,151.901698
Australia,Source: Energy Intelligence,"COPYRIGHT © 2001-2021 ENERGY INTELLIGENCE GROUP, INC. / ENERGY INTELLIGENCE GROUP (UK) LIMITED.",2023,163.071463
United States,Source: Energy Intelligence,"COPYRIGHT © 2001-2021 ENERGY INTELLIGENCE GROUP, INC. / ENERGY INTELLIGENCE GROUP (UK) LIMITED.",2024,6584.854292
United Kingdom,Source: Energy Intelligence,"COPYRIGHT © 2001-2021 ENERGY INTELLIGENCE GROUP, INC. / ENERGY INTELLIGENCE GROUP (UK) LIMITED.",2024,838.443853
Turkey,Source: Energy Intelligence,"COPYRIGHT © 2001-2021 ENERGY INTELLIGENCE GROUP, INC. / ENERGY INTELLIGENCE GROUP (UK) LIMITED.",2024,601.280301
Thailand,Source: Energy Intelligence,"COPYRIGHT © 2001-2021 ENERGY INTELLIGENCE GROUP, INC. / ENERGY INTELLIGENCE GROUP (UK) LIMITED.",2024,977.748151
Taiwan,Source: Energy Intelligence,"COPYRIGHT © 2001-2021 ENERGY INTELLIGENCE GROUP, INC. / ENERGY INTELLIGENCE GROUP (UK) LIMITED.",2024,778.616173
Switzerland,Source: Energy Intelligence,"COPYRIGHT © 2001-2021 ENERGY INTELLIGENCE GROUP, INC. / ENERGY INTELLIGENCE GROUP (UK) LIMITED.",2024,50.62907
Sweden,Source: Energy Intelligence,"COPYRIGHT © 2001-2021 ENERGY INTELLIGENCE GROUP, INC. / ENERGY INTELLIGENCE GROUP (UK) LIMITED.",2024,364.296995
Spain,Source: Energy Intelligence,"COPYRIGHT © 2001-2021 ENERGY INTELLIGENCE GROUP, INC. / ENERGY INTELLIGENCE GROUP (UK) LIMITED.",2024,1293.564756
South Korea,Source: Energy Intelligence,"COPYRIGHT © 2001-2021 ENERGY INTELLIGENCE GROUP, INC. / ENERGY INTELLIGENCE GROUP (UK) LIMITED.",2024,2813.622574
Slovakia,Source: Energy Intelligence,"COPYRIGHT © 2001-2021 ENERGY INTELLIGENCE GROUP, INC. / ENERGY INTELLIGENCE GROUP (UK) LIMITED.",2024,93.527596
Singapore,Source: Energy Intelligence,"COPYRIGHT © 2001-2021 ENERGY INTELLIGENCE GROUP, INC. / ENERGY INTELLIGENCE GROUP (UK) LIMITED.",2024,895.940663
Portugal,Source: Energy Intelligence,"COPYRIGHT © 2001-2021 ENERGY INTELLIGENCE GROUP, INC. / ENERGY INTELLIGENCE GROUP (UK) LIMITED.",2024,211.128033
Poland,Source: Energy Intelligence,"COPYRIGHT © 2001-2021 ENERGY INTELLIGENCE GROUP, INC. / ENERGY INTELLIGENCE GROUP (UK) LIMITED.",2024,510.977103
Norway,Source: Energy Intelligence,"COPYRIGHT © 2001-2021 ENERGY INTELLIGENCE GROUP, INC. / ENERGY INTELLIGENCE GROUP (UK) LIMITED.",2024,21.99
Netherlands,Source: Energy Intelligence,"COPYRIGHT © 2001-2021 ENERGY INTELLIGENCE GROUP, INC. / ENERGY INTELLIGENCE GROUP (UK) LIMITED.",2024,968.801692
Lithuania,Source: Energy Intelligence,"COPYRIGHT © 2001-2021 ENERGY INTELLIGENCE GROUP, INC. / ENERGY INTELLIGENCE GROUP (UK) LIMITED.",2024,177.381994
Japan,Source: Energy Intelligence,"COPYRIGHT © 2001-2021 ENERGY INTELLIGENCE GROUP, INC. / ENERGY INTELLIGENCE GROUP (UK) LIMITED.",2024,2323.184472
Italy,Source: Energy Intelligence,"COPYRIGHT © 2001-2021 ENERGY INTELLIGENCE GROUP, INC. / ENERGY INTELLIGENCE GROUP (UK) LIMITED.",2024,1122.591502
Israel,Source: Energy Intelligence,"COPYRIGHT © 2001-2021 ENERGY INTELLIGENCE GROUP, INC. / ENERGY INTELLIGENCE GROUP (UK) LIMITED.",2024,250.661967
Ireland,Source: Energy Intelligence,"COPYRIGHT © 2001-2021 ENERGY INTELLIGENCE GROUP, INC. / ENERGY INTELLIGENCE GROUP (UK) LIMITED.",2024,39.994562
India,Source: Energy Intelligence,"COPYRIGHT © 2001-2021 ENERGY INTELLIGENCE GROUP, INC. / ENERGY INTELLIGENCE GROUP (UK) LIMITED.",2024,4838.714921
Hungary,Source: Energy Intelligence,"COPYRIGHT © 2001-2021 ENERGY INTELLIGENCE GROUP, INC. / ENERGY INTELLIGENCE GROUP (UK) LIMITED.",2024,115.237213
Greece,Source: Energy Intelligence,"COPYRIGHT © 2001-2021 ENERGY INTELLIGENCE GROUP, INC. / ENERGY INTELLIGENCE GROUP (UK) LIMITED.",2024,479.634344
Germany,Source: Energy Intelligence,"COPYRIGHT © 2001-2021 ENERGY INTELLIGENCE GROUP, INC. / ENERGY INTELLIGENCE GROUP (UK) LIMITED.",2024,1680.072051
France,Source: Energy Intelligence,"COPYRIGHT © 2001-2021 ENERGY INTELLIGENCE GROUP, INC. / ENERGY INTELLIGENCE GROUP (UK) LIMITED.",2024,892.757952
Finland,Source: Energy Intelligence,"COPYRIGHT © 2001-2021 ENERGY INTELLIGENCE GROUP, INC. / ENERGY INTELLIGENCE GROUP (UK) LIMITED.",2024,162.721995
Denmark,Source: Energy Intelligence,"COPYRIGHT © 2001-2021 ENERGY INTELLIGENCE GROUP, INC. / ENERGY INTELLIGENCE GROUP (UK) LIMITED.",2024,90.183033
Czech Republic,Source: Energy Intelligence,"COPYRIGHT © 2001-2021 ENERGY INTELLIGENCE GROUP, INC. / ENERGY INTELLIGENCE GROUP (UK) LIMITED.",2024,130.197622
China,Source: Energy Intelligence,"COPYRIGHT © 2001-2021 ENERGY INTELLIGENCE GROUP, INC. / ENERGY INTELLIGENCE GROUP (UK) LIMITED.",2024,11089.541896
Chile,Source: Energy Intelligence,"COPYRIGHT © 2001-2021 ENERGY INTELLIGENCE GROUP, INC. / ENERGY INTELLIGENCE GROUP (UK) LIMITED.",2024,179.324645
Canada,Source: Energy Intelligence,"COPYRIGHT © 2001-2021 ENERGY INTELLIGENCE GROUP, INC. / ENERGY INTELLIGENCE GROUP (UK) LIMITED.",2024,654.352707
Belgium,Source: Energy Intelligence,"COPYRIGHT © 2001-2021 ENERGY INTELLIGENCE GROUP, INC. / ENERGY INTELLIGENCE GROUP (UK) LIMITED.",2024,617.582541
Austria,Source: Energy Intelligence,"COPYRIGHT © 2001-2021 ENERGY INTELLIGENCE GROUP, INC. / ENERGY INTELLIGENCE GROUP (UK) LIMITED.",2024,152.94866
Australia,Source: Energy Intelligence,"COPYRIGHT © 2001-2021 ENERGY INTELLIGENCE GROUP, INC. / ENERGY INTELLIGENCE GROUP (UK) LIMITED.",2024,163.647948
United States,Source: Energy Intelligence,"COPYRIGHT © 2001-2021 ENERGY INTELLIGENCE GROUP, INC. / ENERGY INTELLIGENCE GROUP (UK) LIMITED.",2025,6153.624914
United Kingdom,Source: Energy Intelligence,"COPYRIGHT © 2001-2021 ENERGY INTELLIGENCE GROUP, INC. / ENERGY INTELLIGENCE GROUP (UK) LIMITED.",2025,836.518962
Turkey,Source: Energy Intelligence,"COPYRIGHT © 2001-2021 ENERGY INTELLIGENCE GROUP, INC. / ENERGY INTELLIGENCE GROUP (UK) LIMITED.",2025,633.664669
Thailand,Source: Energy Intelligence,"COPYRIGHT © 2001-2021 ENERGY INTELLIGENCE GROUP, INC. / ENERGY INTELLIGENCE GROUP (UK) LIMITED.",2025,999.527309
Taiwan,Source: Energy Intelligence,"COPYRIGHT © 2001-2021 ENERGY INTELLIGENCE GROUP, INC. / ENERGY INTELLIGENCE GROUP (UK) LIMITED.",2025,848.125028
Switzerland,Source: Energy Intelligence,"COPYRIGHT © 2001-2021 ENERGY INTELLIGENCE GROUP, INC. / ENERGY INTELLIGENCE GROUP (UK) LIMITED.",2025,65.071039
Sweden,Source: Energy Intelligence,"COPYRIGHT © 2001-2021 ENERGY INTELLIGENCE GROUP, INC. / ENERGY INTELLIGENCE GROUP (UK) LIMITED.",2025,336.246463
Spain,Source: Energy Intelligence,"COPYRIGHT © 2001-2021 ENERGY INTELLIGENCE GROUP, INC. / ENERGY INTELLIGENCE GROUP (UK) LIMITED.",2025,1214.117689
South Korea,Source: Energy Intelligence,"COPYRIGHT © 2001-2021 ENERGY INTELLIGENCE GROUP, INC. / ENERGY INTELLIGENCE GROUP (UK) LIMITED.",2025,2792.417725
Slovakia,Source: Energy Intelligence,"COPYRIGHT © 2001-2021 ENERGY INTELLIGENCE GROUP, INC. / ENERGY INTELLIGENCE GROUP (UK) LIMITED.",2025,119.596556
Singapore,Source: Energy Intelligence,"COPYRIGHT © 2001-2021 ENERGY INTELLIGENCE GROUP, INC. / ENERGY INTELLIGENCE GROUP (UK) LIMITED.",2025,918.384225
Portugal,Source: Energy Intelligence,"COPYRIGHT © 2001-2021 ENERGY INTELLIGENCE GROUP, INC. / ENERGY INTELLIGENCE GROUP (UK) LIMITED.",2025,207.660282
Poland,Source: Energy Intelligence,"COPYRIGHT © 2001-2021 ENERGY INTELLIGENCE GROUP, INC. / ENERGY INTELLIGENCE GROUP (UK) LIMITED.",2025,486.788067
Norway,Source: Energy Intelligence,"COPYRIGHT © 2001-2021 ENERGY INTELLIGENCE GROUP, INC. / ENERGY INTELLIGENCE GROUP (UK) LIMITED.",2025,20.779858
Netherlands,Source: Energy Intelligence,"COPYRIGHT © 2001-2021 ENERGY INTELLIGENCE GROUP, INC. / ENERGY INTELLIGENCE GROUP (UK) LIMITED.",2025,1032.631036
Lithuania,Source: Energy Intelligence,"COPYRIGHT © 2001-2021 ENERGY INTELLIGENCE GROUP, INC. / ENERGY INTELLIGENCE GROUP (UK) LIMITED.",2025,190.476274
Japan,Source: Energy Intelligence,"COPYRIGHT © 2001-2021 ENERGY INTELLIGENCE GROUP, INC. / ENERGY INTELLIGENCE GROUP (UK) LIMITED.",2025,2360.464028
Italy,Source: Energy Intelligence,"COPYRIGHT © 2001-2021 ENERGY INTELLIGENCE GROUP, INC. / ENERGY INTELLIGENCE GROUP (UK) LIMITED.",2025,1111.324811
Israel,Source: Energy Intelligence,"COPYRIGHT © 2001-2021 ENERGY INTELLIGENCE GROUP, INC. / ENERGY INTELLIGENCE GROUP (UK) LIMITED.",2025,252.435519
Ireland,Source: Energy Intelligence,"COPYRIGHT © 2001-2021 ENERGY INTELLIGENCE GROUP, INC. / ENERGY INTELLIGENCE GROUP (UK) LIMITED.",2025,58.086793
India,Source: Energy Intelligence,"COPYRIGHT © 2001-2021 ENERGY INTELLIGENCE GROUP, INC. / ENERGY INTELLIGENCE GROUP (UK) LIMITED.",2025,5423.150884
Hungary,Source: Energy Intelligence,"COPYRIGHT © 2001-2021 ENERGY INTELLIGENCE GROUP, INC. / ENERGY INTELLIGENCE GROUP (UK) LIMITED.",2025,114.513962
Greece,Source: Energy Intelligence,"COPYRIGHT © 2001-2021 ENERGY INTELLIGENCE GROUP, INC. / ENERGY INTELLIGENCE GROUP (UK) LIMITED.",2025,355.850756
Germany,Source: Energy Intelligence,"COPYRIGHT © 2001-2021 ENERGY INTELLIGENCE GROUP, INC. / ENERGY INTELLIGENCE GROUP (UK) LIMITED.",2025,1583.314577
France,Source: Energy Intelligence,"COPYRIGHT © 2001-2021 ENERGY INTELLIGENCE GROUP, INC. / ENERGY INTELLIGENCE GROUP (UK) LIMITED.",2025,864.179342
Finland,Source: Energy Intelligence,"COPYRIGHT © 2001-2021 ENERGY INTELLIGENCE GROUP, INC. / ENERGY INTELLIGENCE GROUP (UK) LIMITED.",2025,203.234623
Denmark,Source: Energy Intelligence,"COPYRIGHT © 2001-2021 ENERGY INTELLIGENCE GROUP, INC. / ENERGY INTELLIGENCE GROUP (UK) LIMITED.",2025,97.087925
Czech Republic,Source: Energy Intelligence,"COPYRIGHT © 2001-2021 ENERGY INTELLIGENCE GROUP, INC. / ENERGY INTELLIGENCE GROUP (UK) LIMITED.",2025,130.937311
China,Source: Energy Intelligence,"COPYRIGHT © 2001-2021 ENERGY INTELLIGENCE GROUP, INC. / ENERGY INTELLIGENCE GROUP (UK) LIMITED.",2025,11311.206495
Chile,Source: Energy Intelligence,"COPYRIGHT © 2001-2021 ENERGY INTELLIGENCE GROUP, INC. / ENERGY INTELLIGENCE GROUP (UK) LIMITED.",2025,180.103632
Canada,Source: Energy Intelligence,"COPYRIGHT © 2001-2021 ENERGY INTELLIGENCE GROUP, INC. / ENERGY INTELLIGENCE GROUP (UK) LIMITED.",2025,687.222075
Belgium,Source: Energy Intelligence,"COPYRIGHT © 2001-2021 ENERGY INTELLIGENCE GROUP, INC. / ENERGY INTELLIGENCE GROUP (UK) LIMITED.",2025,611.328916
Austria,Source: Energy Intelligence,"COPYRIGHT © 2001-2021 ENERGY INTELLIGENCE GROUP, INC. / ENERGY INTELLIGENCE GROUP (UK) LIMITED.",2025,168.140518
Australia,Source: Energy Intelligence,"COPYRIGHT © 2001-2021 ENERGY INTELLIGENCE GROUP, INC. / ENERGY INTELLIGENCE GROUP (UK) LIMITED.",2025,167.503693
