Day of Date,Country,adjusted_unit,adjusted_unit_value
1 January 2019,Vietnam,Billion Cubic Meter,0.882
1 February 2019,Vietnam,Billion Cubic Meter,0.833
1 March 2019,Vietnam,Billion Cubic Meter,0.8134
1 April 2019,Vietnam,Billion Cubic Meter,0.7938
1 May 2019,Vietnam,Billion Cubic Meter,0.7644
1 June 2019,Vietnam,Billion Cubic Meter,0.7448
1 July 2019,Vietnam,Billion Cubic Meter,0.735
1 August 2019,Vietnam,Billion Cubic Meter,0.7546
1 September 2019,Vietnam,Billion Cubic Meter,0.8134
1 October 2019,Vietnam,Billion Cubic Meter,0.8428
1 November 2019,Vietnam,Billion Cubic Meter,0.8918
1 December 2019,Vietnam,Billion Cubic Meter,0.931
1 January 2020,Vietnam,Billion Cubic Meter,0.792
1 February 2020,Vietnam,Billion Cubic Meter,0.748
1 March 2020,Vietnam,Billion Cubic Meter,0.7304
1 April 2020,Vietnam,Billion Cubic Meter,0.7128
1 May 2020,Vietnam,Billion Cubic Meter,0.6864
1 June 2020,Vietnam,Billion Cubic Meter,0.6688
1 July 2020,Vietnam,Billion Cubic Meter,0.66
1 August 2020,Vietnam,Billion Cubic Meter,0.6776
1 September 2020,Vietnam,Billion Cubic Meter,0.7304
1 October 2020,Vietnam,Billion Cubic Meter,0.7568
1 November 2020,Vietnam,Billion Cubic Meter,0.8008
1 December 2020,Vietnam,Billion Cubic Meter,0.836
1 January 2021,Vietnam,Billion Cubic Meter,0.648
1 February 2021,Vietnam,Billion Cubic Meter,0.612
1 March 2021,Vietnam,Billion Cubic Meter,0.5976
1 April 2021,Vietnam,Billion Cubic Meter,0.5832
1 May 2021,Vietnam,Billion Cubic Meter,0.5616
1 June 2021,Vietnam,Billion Cubic Meter,0.5472
1 July 2021,Vietnam,Billion Cubic Meter,0.54
1 August 2021,Vietnam,Billion Cubic Meter,0.5544
1 September 2021,Vietnam,Billion Cubic Meter,0.5976
1 October 2021,Vietnam,Billion Cubic Meter,0.6192
1 November 2021,Vietnam,Billion Cubic Meter,0.6552
1 December 2021,Vietnam,Billion Cubic Meter,0.684
1 January 2022,Vietnam,Billion Cubic Meter,0.702
1 February 2022,Vietnam,Billion Cubic Meter,0.663
1 March 2022,Vietnam,Billion Cubic Meter,0.6474
1 April 2022,Vietnam,Billion Cubic Meter,0.6318
1 May 2022,Vietnam,Billion Cubic Meter,0.6084
1 June 2022,Vietnam,Billion Cubic Meter,0.5928
1 July 2022,Vietnam,Billion Cubic Meter,0.585
1 August 2022,Vietnam,Billion Cubic Meter,0.6006
1 September 2022,Vietnam,Billion Cubic Meter,0.6474
1 October 2022,Vietnam,Billion Cubic Meter,0.6708
1 November 2022,Vietnam,Billion Cubic Meter,0.7098
1 December 2022,Vietnam,Billion Cubic Meter,0.741
1 January 2023,Vietnam,Billion Cubic Meter,0.648
1 February 2023,Vietnam,Billion Cubic Meter,0.612
1 March 2023,Vietnam,Billion Cubic Meter,0.5976
1 April 2023,Vietnam,Billion Cubic Meter,0.5832
1 May 2023,Vietnam,Billion Cubic Meter,0.5616
1 June 2023,Vietnam,Billion Cubic Meter,0.5472
1 July 2023,Vietnam,Billion Cubic Meter,0.54
1 August 2023,Vietnam,Billion Cubic Meter,0.5544
1 September 2023,Vietnam,Billion Cubic Meter,0.5976
1 October 2023,Vietnam,Billion Cubic Meter,0.6192
1 November 2023,Vietnam,Billion Cubic Meter,0.6552
1 December 2023,Vietnam,Billion Cubic Meter,0.684
1 January 2024,Vietnam,Billion Cubic Meter,0.6228
1 February 2024,Vietnam,Billion Cubic Meter,0.5882
1 March 2024,Vietnam,Billion Cubic Meter,0.57436
1 April 2024,Vietnam,Billion Cubic Meter,0.56052
1 May 2024,Vietnam,Billion Cubic Meter,0.53976
1 June 2024,Vietnam,Billion Cubic Meter,0.52592
1 July 2024,Vietnam,Billion Cubic Meter,0.519
1 August 2024,Vietnam,Billion Cubic Meter,0.53284
1 September 2024,Vietnam,Billion Cubic Meter,0.57436
1 October 2024,Vietnam,Billion Cubic Meter,0.59512
1 November 2024,Vietnam,Billion Cubic Meter,0.62972
1 December 2024,Vietnam,Billion Cubic Meter,0.6574
1 January 2025,Vietnam,Billion Cubic Meter,0.567
1 February 2025,Vietnam,Billion Cubic Meter,0.5355
1 March 2025,Vietnam,Billion Cubic Meter,0.5229
1 April 2025,Vietnam,Billion Cubic Meter,0.5103
1 May 2025,Vietnam,Billion Cubic Meter,0.4914
1 June 2025,Vietnam,Billion Cubic Meter,0.4788
1 July 2025,Vietnam,Billion Cubic Meter,0.4725
1 August 2025,Vietnam,Billion Cubic Meter,0.4851
1 September 2025,Vietnam,Billion Cubic Meter,0.5229
1 January 2019,Thailand,Billion Cubic Meter,3.86506
1 February 2019,Thailand,Billion Cubic Meter,3.79944
1 March 2019,Thailand,Billion Cubic Meter,4.33732
1 April 2019,Thailand,Billion Cubic Meter,4.23393
1 May 2019,Thailand,Billion Cubic Meter,4.4014
1 June 2019,Thailand,Billion Cubic Meter,4.18636
1 July 2019,Thailand,Billion Cubic Meter,4.20916
1 August 2019,Thailand,Billion Cubic Meter,4.0371
1 September 2019,Thailand,Billion Cubic Meter,3.96209
1 October 2019,Thailand,Billion Cubic Meter,4.19423
1 November 2019,Thailand,Billion Cubic Meter,4.18212
1 December 2019,Thailand,Billion Cubic Meter,3.80799
1 January 2020,Thailand,Billion Cubic Meter,3.88085
1 February 2020,Thailand,Billion Cubic Meter,3.73312
1 March 2020,Thailand,Billion Cubic Meter,4.23198
1 April 2020,Thailand,Billion Cubic Meter,3.60955
1 May 2020,Thailand,Billion Cubic Meter,3.67281
1 June 2020,Thailand,Billion Cubic Meter,3.6775
1 July 2020,Thailand,Billion Cubic Meter,3.98443
1 August 2020,Thailand,Billion Cubic Meter,3.72636
1 September 2020,Thailand,Billion Cubic Meter,3.75226
1 October 2020,Thailand,Billion Cubic Meter,3.71758
1 November 2020,Thailand,Billion Cubic Meter,3.68601
1 December 2020,Thailand,Billion Cubic Meter,3.59732
1 January 2021,Thailand,Billion Cubic Meter,3.64032
1 February 2021,Thailand,Billion Cubic Meter,3.59806
1 March 2021,Thailand,Billion Cubic Meter,4.34873
1 April 2021,Thailand,Billion Cubic Meter,3.87629
1 May 2021,Thailand,Billion Cubic Meter,4.31625
1 June 2021,Thailand,Billion Cubic Meter,3.96124
1 July 2021,Thailand,Billion Cubic Meter,3.56308
1 August 2021,Thailand,Billion Cubic Meter,3.72372
1 September 2021,Thailand,Billion Cubic Meter,3.63928
1 October 2021,Thailand,Billion Cubic Meter,3.6412
1 November 2021,Thailand,Billion Cubic Meter,3.64182
1 December 2021,Thailand,Billion Cubic Meter,3.47266
1 January 2022,Thailand,Billion Cubic Meter,3.54816
1 February 2022,Thailand,Billion Cubic Meter,3.46168
1 March 2022,Thailand,Billion Cubic Meter,4.17843
1 April 2022,Thailand,Billion Cubic Meter,3.6758
1 May 2022,Thailand,Billion Cubic Meter,3.68597
1 June 2022,Thailand,Billion Cubic Meter,3.67412
1 July 2022,Thailand,Billion Cubic Meter,3.61136
1 August 2022,Thailand,Billion Cubic Meter,3.54377
1 September 2022,Thailand,Billion Cubic Meter,3.44389
1 October 2022,Thailand,Billion Cubic Meter,3.25935
1 November 2022,Thailand,Billion Cubic Meter,3.48127
1 December 2022,Thailand,Billion Cubic Meter,3.25497
1 January 2023,Thailand,Billion Cubic Meter,3.1505
1 February 2023,Thailand,Billion Cubic Meter,3.27536
1 March 2023,Thailand,Billion Cubic Meter,3.88084
1 April 2023,Thailand,Billion Cubic Meter,3.99097
1 May 2023,Thailand,Billion Cubic Meter,4.36717
1 June 2023,Thailand,Billion Cubic Meter,4.06319
1 July 2023,Thailand,Billion Cubic Meter,4.15122
1 August 2023,Thailand,Billion Cubic Meter,4.0371
1 September 2023,Thailand,Billion Cubic Meter,3.70299
1 October 2023,Thailand,Billion Cubic Meter,3.75181
1 November 2023,Thailand,Billion Cubic Meter,3.62994
1 December 2023,Thailand,Billion Cubic Meter,3.58151
1 January 2024,Thailand,Billion Cubic Meter,3.71231
1 February 2024,Thailand,Billion Cubic Meter,3.70931
1 March 2024,Thailand,Billion Cubic Meter,4.29869
1 April 2024,Thailand,Billion Cubic Meter,4.29934
1 May 2024,Thailand,Billion Cubic Meter,4.43476
1 June 2024,Thailand,Billion Cubic Meter,4.16513
1 July 2024,Thailand,Billion Cubic Meter,3.89314
1 August 2024,Thailand,Billion Cubic Meter,4.13367
1 September 2024,Thailand,Billion Cubic Meter,3.73697
1 October 2024,Thailand,Billion Cubic Meter,3.90982
1 November 2024,Thailand,Billion Cubic Meter,3.80408
1 December 2024,Thailand,Billion Cubic Meter,3.53499
1 January 2025,Thailand,Billion Cubic Meter,3.64823
1 February 2025,Thailand,Billion Cubic Meter,3.60122
1 March 2025,Thailand,Billion Cubic Meter,4.08011
1 April 2025,Thailand,Billion Cubic Meter,4.05469
1 May 2025,Thailand,Billion Cubic Meter,4.12401
1 June 2025,Thailand,Billion Cubic Meter,3.81004
1 July 2025,Thailand,Billion Cubic Meter,3.83432
1 August 2025,Thailand,Billion Cubic Meter,3.874416415
1 September 2025,Thailand,Billion Cubic Meter,3.604363662
1 January 2019,Taiwan,Billion Cubic Meter,1.848
1 February 2019,Taiwan,Billion Cubic Meter,1.472
1 March 2019,Taiwan,Billion Cubic Meter,1.724039543
1 April 2019,Taiwan,Billion Cubic Meter,1.855524347
1 May 2019,Taiwan,Billion Cubic Meter,1.784
1 June 2019,Taiwan,Billion Cubic Meter,1.679
1 July 2019,Taiwan,Billion Cubic Meter,2.023
1 August 2019,Taiwan,Billion Cubic Meter,1.878
1 September 2019,Taiwan,Billion Cubic Meter,1.769
1 October 2019,Taiwan,Billion Cubic Meter,1.946
1 November 2019,Taiwan,Billion Cubic Meter,2.054
1 December 2019,Taiwan,Billion Cubic Meter,1.941
1 January 2020,Taiwan,Billion Cubic Meter,1.827
1 February 2020,Taiwan,Billion Cubic Meter,1.886
1 March 2020,Taiwan,Billion Cubic Meter,2.064
1 April 2020,Taiwan,Billion Cubic Meter,1.843
1 May 2020,Taiwan,Billion Cubic Meter,2.033
1 June 2020,Taiwan,Billion Cubic Meter,2.01814933
1 July 2020,Taiwan,Billion Cubic Meter,2.087
1 August 2020,Taiwan,Billion Cubic Meter,2.032
1 September 2020,Taiwan,Billion Cubic Meter,1.929
1 October 2020,Taiwan,Billion Cubic Meter,2.015
1 November 2020,Taiwan,Billion Cubic Meter,2.066
1 December 2020,Taiwan,Billion Cubic Meter,2.149
1 January 2021,Taiwan,Billion Cubic Meter,2.092
1 February 2021,Taiwan,Billion Cubic Meter,1.66
1 March 2021,Taiwan,Billion Cubic Meter,2.09
1 April 2021,Taiwan,Billion Cubic Meter,2.05
1 May 2021,Taiwan,Billion Cubic Meter,2.207053412
1 June 2021,Taiwan,Billion Cubic Meter,2.085
1 July 2021,Taiwan,Billion Cubic Meter,2.332
1 August 2021,Taiwan,Billion Cubic Meter,2.262
1 September 2021,Taiwan,Billion Cubic Meter,2.209
1 October 2021,Taiwan,Billion Cubic Meter,2.336
1 November 2021,Taiwan,Billion Cubic Meter,2.315
1 December 2021,Taiwan,Billion Cubic Meter,2.285
1 January 2022,Taiwan,Billion Cubic Meter,2.246
1 February 2022,Taiwan,Billion Cubic Meter,1.87
1 March 2022,Taiwan,Billion Cubic Meter,2.351
1 April 2022,Taiwan,Billion Cubic Meter,2.075
1 May 2022,Taiwan,Billion Cubic Meter,2.173
1 June 2022,Taiwan,Billion Cubic Meter,2.279
1 July 2022,Taiwan,Billion Cubic Meter,2.498
1 August 2022,Taiwan,Billion Cubic Meter,2.461
1 September 2022,Taiwan,Billion Cubic Meter,2.297
1 October 2022,Taiwan,Billion Cubic Meter,2.298
1 November 2022,Taiwan,Billion Cubic Meter,2.123
1 December 2022,Taiwan,Billion Cubic Meter,2.307
1 January 2023,Taiwan,Billion Cubic Meter,1.995
1 February 2023,Taiwan,Billion Cubic Meter,2.082
1 March 2023,Taiwan,Billion Cubic Meter,2.276
1 April 2023,Taiwan,Billion Cubic Meter,2.121
1 May 2023,Taiwan,Billion Cubic Meter,2.226
1 June 2023,Taiwan,Billion Cubic Meter,2.189
1 July 2023,Taiwan,Billion Cubic Meter,2.37
1 August 2023,Taiwan,Billion Cubic Meter,2.375
1 September 2023,Taiwan,Billion Cubic Meter,2.229
1 October 2023,Taiwan,Billion Cubic Meter,2.23888023
1 November 2023,Taiwan,Billion Cubic Meter,2.170255678
1 December 2023,Taiwan,Billion Cubic Meter,2.314
1 January 2024,Taiwan,Billion Cubic Meter,2.365
1 February 2024,Taiwan,Billion Cubic Meter,1.953
1 March 2024,Taiwan,Billion Cubic Meter,2.183
1 April 2024,Taiwan,Billion Cubic Meter,2.255
1 May 2024,Taiwan,Billion Cubic Meter,2.288
1 June 2024,Taiwan,Billion Cubic Meter,2.422
1 July 2024,Taiwan,Billion Cubic Meter,2.618530015
1 August 2024,Taiwan,Billion Cubic Meter,2.653
1 September 2024,Taiwan,Billion Cubic Meter,2.523
1 October 2024,Taiwan,Billion Cubic Meter,2.479
1 November 2024,Taiwan,Billion Cubic Meter,2.396
1 December 2024,Taiwan,Billion Cubic Meter,2.381
1 January 2025,Taiwan,Billion Cubic Meter,2.331
1 February 2025,Taiwan,Billion Cubic Meter,2.219
1 March 2025,Taiwan,Billion Cubic Meter,2.416
1 April 2025,Taiwan,Billion Cubic Meter,2.348
1 May 2025,Taiwan,Billion Cubic Meter,2.542527929
1 June 2025,Taiwan,Billion Cubic Meter,2.69
1 July 2025,Taiwan,Billion Cubic Meter,3.201
1 August 2025,Taiwan,Billion Cubic Meter,2.707455029
1 September 2025,Taiwan,Billion Cubic Meter,2.577638989
1 January 2019,South Korea,Billion Cubic Meter,6.850728
1 February 2019,South Korea,Billion Cubic Meter,5.559952
1 March 2019,South Korea,Billion Cubic Meter,5.192616
1 April 2019,South Korea,Billion Cubic Meter,4.51384
1 May 2019,South Korea,Billion Cubic Meter,3.703824
1 June 2019,South Korea,Billion Cubic Meter,3.314184
1 July 2019,South Korea,Billion Cubic Meter,3.859952
1 August 2019,South Korea,Billion Cubic Meter,3.843224
1 September 2019,South Korea,Billion Cubic Meter,3.30548
1 October 2019,South Korea,Billion Cubic Meter,3.756456
1 November 2019,South Korea,Billion Cubic Meter,5.060968
1 December 2019,South Korea,Billion Cubic Meter,6.804488
1 January 2020,South Korea,Billion Cubic Meter,6.688208
1 February 2020,South Korea,Billion Cubic Meter,5.98332
1 March 2020,South Korea,Billion Cubic Meter,5.381384
1 April 2020,South Korea,Billion Cubic Meter,4.04328
1 May 2020,South Korea,Billion Cubic Meter,3.070744
1 June 2020,South Korea,Billion Cubic Meter,3.267536
1 July 2020,South Korea,Billion Cubic Meter,3.51016
1 August 2020,South Korea,Billion Cubic Meter,4.02492
1 September 2020,South Korea,Billion Cubic Meter,3.808136
1 October 2020,South Korea,Billion Cubic Meter,4.174248
1 November 2020,South Korea,Billion Cubic Meter,5.166504
1 December 2020,South Korea,Billion Cubic Meter,7.31476
1 January 2021,South Korea,Billion Cubic Meter,7.896704
1 February 2021,South Korea,Billion Cubic Meter,6.05676
1 March 2021,South Korea,Billion Cubic Meter,5.827328
1 April 2021,South Korea,Billion Cubic Meter,4.669288
1 May 2021,South Korea,Billion Cubic Meter,4.169624
1 June 2021,South Korea,Billion Cubic Meter,4.165544
1 July 2021,South Korea,Billion Cubic Meter,4.619648
1 August 2021,South Korea,Billion Cubic Meter,4.186352
1 September 2021,South Korea,Billion Cubic Meter,3.949712
1 October 2021,South Korea,Billion Cubic Meter,4.4914
1 November 2021,South Korea,Billion Cubic Meter,5.379616
1 December 2021,South Korea,Billion Cubic Meter,6.89724
1 January 2022,South Korea,Billion Cubic Meter,7.4358
1 February 2022,South Korea,Billion Cubic Meter,6.55044
1 March 2022,South Korea,Billion Cubic Meter,6.268104
1 April 2022,South Korea,Billion Cubic Meter,4.607136
1 May 2022,South Korea,Billion Cubic Meter,4.12352
1 June 2022,South Korea,Billion Cubic Meter,4.05144
1 July 2022,South Korea,Billion Cubic Meter,4.453456
1 August 2022,South Korea,Billion Cubic Meter,4.059872
1 September 2022,South Korea,Billion Cubic Meter,3.64956
1 October 2022,South Korea,Billion Cubic Meter,4.115496
1 November 2022,South Korea,Billion Cubic Meter,4.860096
1 December 2022,South Korea,Billion Cubic Meter,7.795792
1 January 2023,South Korea,Billion Cubic Meter,7.236016
1 February 2023,South Korea,Billion Cubic Meter,5.951496
1 March 2023,South Korea,Billion Cubic Meter,5.359216
1 April 2023,South Korea,Billion Cubic Meter,4.315185616
1 May 2023,South Korea,Billion Cubic Meter,4.0935694
1 June 2023,South Korea,Billion Cubic Meter,3.914896
1 July 2023,South Korea,Billion Cubic Meter,4.307256
1 August 2023,South Korea,Billion Cubic Meter,4.338201304
1 September 2023,South Korea,Billion Cubic Meter,4.03784
1 October 2023,South Korea,Billion Cubic Meter,4.065448
1 November 2023,South Korea,Billion Cubic Meter,5.302504
1 December 2023,South Korea,Billion Cubic Meter,6.820825136
1 January 2024,South Korea,Billion Cubic Meter,7.39615056
1 February 2024,South Korea,Billion Cubic Meter,6.05239168
1 March 2024,South Korea,Billion Cubic Meter,6.09139104
1 April 2024,South Korea,Billion Cubic Meter,4.4785004
1 May 2024,South Korea,Billion Cubic Meter,4.38545736
1 June 2024,South Korea,Billion Cubic Meter,4.34281864
1 July 2024,South Korea,Billion Cubic Meter,4.758096
1 August 2024,South Korea,Billion Cubic Meter,5.033904
1 September 2024,South Korea,Billion Cubic Meter,4.27055232
1 October 2024,South Korea,Billion Cubic Meter,4.23019432
1 November 2024,South Korea,Billion Cubic Meter,5.15490592
1 December 2024,South Korea,Billion Cubic Meter,7.09230616
1 January 2025,South Korea,Billion Cubic Meter,7.44135288
1 February 2025,South Korea,Billion Cubic Meter,7.091142
1 March 2025,South Korea,Billion Cubic Meter,5.79101328
1 April 2025,South Korea,Billion Cubic Meter,5.06347448
1 May 2025,South Korea,Billion Cubic Meter,4.35723192
1 June 2025,South Korea,Billion Cubic Meter,3.9873568
1 July 2025,South Korea,Billion Cubic Meter,4.39523712
1 August 2025,South Korea,Billion Cubic Meter,4.689854857
1 September 2025,South Korea,Billion Cubic Meter,4.178993742
1 January 2019,Singapore,Billion Cubic Meter,1.132879999
1 February 2019,Singapore,Billion Cubic Meter,0.96968
1 March 2019,Singapore,Billion Cubic Meter,1.175040001
1 April 2019,Singapore,Billion Cubic Meter,1.33824
1 May 2019,Singapore,Billion Cubic Meter,1.238960001
1 June 2019,Singapore,Billion Cubic Meter,0.99688
1 July 2019,Singapore,Billion Cubic Meter,1.07168
1 August 2019,Singapore,Billion Cubic Meter,1.101599999
1 September 2019,Singapore,Billion Cubic Meter,1.096160001
1 October 2019,Singapore,Billion Cubic Meter,0.942480001
1 November 2019,Singapore,Billion Cubic Meter,1.08528
1 December 2019,Singapore,Billion Cubic Meter,1.013199999
1 January 2020,Singapore,Billion Cubic Meter,0.96288
1 February 2020,Singapore,Billion Cubic Meter,1.23624
1 March 2020,Singapore,Billion Cubic Meter,1.51232
1 April 2020,Singapore,Billion Cubic Meter,1.094799999
1 May 2020,Singapore,Billion Cubic Meter,1.108400001
1 June 2020,Singapore,Billion Cubic Meter,0.932960001
1 July 2020,Singapore,Billion Cubic Meter,1.16416
1 August 2020,Singapore,Billion Cubic Meter,1.23624
1 September 2020,Singapore,Billion Cubic Meter,1.0744
1 October 2020,Singapore,Billion Cubic Meter,1.003680001
1 November 2020,Singapore,Billion Cubic Meter,0.97104
1 December 2020,Singapore,Billion Cubic Meter,0.97784
1 January 2021,Singapore,Billion Cubic Meter,1.00776
1 February 2021,Singapore,Billion Cubic Meter,1.09208
1 March 2021,Singapore,Billion Cubic Meter,1.3396
1 April 2021,Singapore,Billion Cubic Meter,1.24848
1 May 2021,Singapore,Billion Cubic Meter,1.252559999
1 June 2021,Singapore,Billion Cubic Meter,1.02952
1 July 2021,Singapore,Billion Cubic Meter,1.251200001
1 August 2021,Singapore,Billion Cubic Meter,1.101599999
1 September 2021,Singapore,Billion Cubic Meter,1.22128
1 October 2021,Singapore,Billion Cubic Meter,1.22944
1 November 2021,Singapore,Billion Cubic Meter,1.312399999
1 December 2021,Singapore,Billion Cubic Meter,0.98192
1 January 2022,Singapore,Billion Cubic Meter,1.326
1 February 2022,Singapore,Billion Cubic Meter,0.74392
1 March 2022,Singapore,Billion Cubic Meter,1.04856
1 April 2022,Singapore,Billion Cubic Meter,1.521839999
1 May 2022,Singapore,Billion Cubic Meter,1.01592
1 June 2022,Singapore,Billion Cubic Meter,1.11112
1 July 2022,Singapore,Billion Cubic Meter,1.21584
1 August 2022,Singapore,Billion Cubic Meter,1.233520001
1 September 2022,Singapore,Billion Cubic Meter,1.17504
1 October 2022,Singapore,Billion Cubic Meter,1.060800001
1 November 2022,Singapore,Billion Cubic Meter,1.14784
1 December 2022,Singapore,Billion Cubic Meter,1.15192
1 January 2023,Singapore,Billion Cubic Meter,0.5372
1 February 2023,Singapore,Billion Cubic Meter,1.12336
1 March 2023,Singapore,Billion Cubic Meter,0.88672
1 April 2023,Singapore,Billion Cubic Meter,1.16824
1 May 2023,Singapore,Billion Cubic Meter,1.1628
1 June 2023,Singapore,Billion Cubic Meter,1.26208
1 July 2023,Singapore,Billion Cubic Meter,1.1016
1 August 2023,Singapore,Billion Cubic Meter,1.24304
1 September 2023,Singapore,Billion Cubic Meter,1.17912
1 October 2023,Singapore,Billion Cubic Meter,1.06352
1 November 2023,Singapore,Billion Cubic Meter,1.17232
1 December 2023,Singapore,Billion Cubic Meter,1.088
1 January 2024,Singapore,Billion Cubic Meter,0.79016
1 February 2024,Singapore,Billion Cubic Meter,1.20496
1 March 2024,Singapore,Billion Cubic Meter,1.1288
1 April 2024,Singapore,Billion Cubic Meter,1.3192
1 May 2024,Singapore,Billion Cubic Meter,1.22264
1 June 2024,Singapore,Billion Cubic Meter,1.20632
1 July 2024,Singapore,Billion Cubic Meter,3.05184
1 August 2024,Singapore,Billion Cubic Meter,1.14376
1 September 2024,Singapore,Billion Cubic Meter,0.61336
1 October 2024,Singapore,Billion Cubic Meter,1.19816
1 November 2024,Singapore,Billion Cubic Meter,1.15736
1 December 2024,Singapore,Billion Cubic Meter,1.32736
1 January 2025,Singapore,Billion Cubic Meter,1.147689783
1 February 2025,Singapore,Billion Cubic Meter,1.191119807
1 March 2025,Singapore,Billion Cubic Meter,1.079912629
1 April 2025,Singapore,Billion Cubic Meter,1.21604552
1 May 2025,Singapore,Billion Cubic Meter,0.994495517
1 June 2025,Singapore,Billion Cubic Meter,1.378712749
1 July 2025,Singapore,Billion Cubic Meter,1.306170644
1 August 2025,Singapore,Billion Cubic Meter,1.216599726
1 September 2025,Singapore,Billion Cubic Meter,1.215597055
1 January 2019,Philippines,Billion Cubic Meter,0.366
1 February 2019,Philippines,Billion Cubic Meter,0.338
1 March 2019,Philippines,Billion Cubic Meter,0.393
1 April 2019,Philippines,Billion Cubic Meter,0.411
1 May 2019,Philippines,Billion Cubic Meter,0.415
1 June 2019,Philippines,Billion Cubic Meter,0.412
1 July 2019,Philippines,Billion Cubic Meter,0.377
1 August 2019,Philippines,Billion Cubic Meter,0.306
1 September 2019,Philippines,Billion Cubic Meter,0.336
1 October 2019,Philippines,Billion Cubic Meter,0.311
1 November 2019,Philippines,Billion Cubic Meter,0.345
1 December 2019,Philippines,Billion Cubic Meter,0.358
1 January 2020,Philippines,Billion Cubic Meter,0.339
1 February 2020,Philippines,Billion Cubic Meter,0.332
1 March 2020,Philippines,Billion Cubic Meter,0.346
1 April 2020,Philippines,Billion Cubic Meter,0.34
1 May 2020,Philippines,Billion Cubic Meter,0.388
1 June 2020,Philippines,Billion Cubic Meter,0.317
1 July 2020,Philippines,Billion Cubic Meter,0.342
1 August 2020,Philippines,Billion Cubic Meter,0.328
1 September 2020,Philippines,Billion Cubic Meter,0.302
1 October 2020,Philippines,Billion Cubic Meter,0.292
1 November 2020,Philippines,Billion Cubic Meter,0.302
1 December 2020,Philippines,Billion Cubic Meter,0.32
1 January 2021,Philippines,Billion Cubic Meter,0.335
1 February 2021,Philippines,Billion Cubic Meter,0.262
1 March 2021,Philippines,Billion Cubic Meter,0.342
1 April 2021,Philippines,Billion Cubic Meter,0.324
1 May 2021,Philippines,Billion Cubic Meter,0.338
1 June 2021,Philippines,Billion Cubic Meter,0.32
1 July 2021,Philippines,Billion Cubic Meter,0.301
1 August 2021,Philippines,Billion Cubic Meter,0.314
1 September 2021,Philippines,Billion Cubic Meter,0.279
1 October 2021,Philippines,Billion Cubic Meter,0.048
1 November 2021,Philippines,Billion Cubic Meter,0.25
1 December 2021,Philippines,Billion Cubic Meter,0.287
1 January 2022,Philippines,Billion Cubic Meter,0.302
1 February 2022,Philippines,Billion Cubic Meter,0.264
1 March 2022,Philippines,Billion Cubic Meter,0.306
1 April 2022,Philippines,Billion Cubic Meter,0.269
1 May 2022,Philippines,Billion Cubic Meter,0.295
1 June 2022,Philippines,Billion Cubic Meter,0.281
1 July 2022,Philippines,Billion Cubic Meter,0.256
1 August 2022,Philippines,Billion Cubic Meter,0.227
1 September 2022,Philippines,Billion Cubic Meter,0.264
1 October 2022,Philippines,Billion Cubic Meter,0.262
1 November 2022,Philippines,Billion Cubic Meter,0.234
1 December 2022,Philippines,Billion Cubic Meter,0.238
1 January 2023,Philippines,Billion Cubic Meter,0.241
1 February 2023,Philippines,Billion Cubic Meter,0.074
1 March 2023,Philippines,Billion Cubic Meter,0.214
1 April 2023,Philippines,Billion Cubic Meter,0.238
1 May 2023,Philippines,Billion Cubic Meter,0.26
1 June 2023,Philippines,Billion Cubic Meter,0.273
1 July 2023,Philippines,Billion Cubic Meter,0.294
1 August 2023,Philippines,Billion Cubic Meter,0.292
1 September 2023,Philippines,Billion Cubic Meter,0.284
1 October 2023,Philippines,Billion Cubic Meter,0.303
1 November 2023,Philippines,Billion Cubic Meter,0.337
1 December 2023,Philippines,Billion Cubic Meter,0.306
1 January 2024,Philippines,Billion Cubic Meter,0.307
1 February 2024,Philippines,Billion Cubic Meter,0.183
1 March 2024,Philippines,Billion Cubic Meter,0.192
1 April 2024,Philippines,Billion Cubic Meter,0.322
1 May 2024,Philippines,Billion Cubic Meter,0.482
1 June 2024,Philippines,Billion Cubic Meter,0.431
1 July 2024,Philippines,Billion Cubic Meter,0.446
1 August 2024,Philippines,Billion Cubic Meter,0.412
1 September 2024,Philippines,Billion Cubic Meter,0.383
1 October 2024,Philippines,Billion Cubic Meter,0.361
1 November 2024,Philippines,Billion Cubic Meter,0.384
1 December 2024,Philippines,Billion Cubic Meter,0.38
1 January 2025,Philippines,Billion Cubic Meter,0.426856637
1 February 2025,Philippines,Billion Cubic Meter,0.417
1 March 2025,Philippines,Billion Cubic Meter,0.511
1 April 2025,Philippines,Billion Cubic Meter,0.509
1 May 2025,Philippines,Billion Cubic Meter,0.526
2 May 2025,Philippines,Billion Cubic Meter,0.526
1 June 2025,Philippines,Billion Cubic Meter,0.553
1 July 2025,Philippines,Billion Cubic Meter,0.566
1 August 2025,Philippines,Billion Cubic Meter,0.551
1 September 2025,Philippines,Billion Cubic Meter,0.415
1 January 2019,Pakistan,Billion Cubic Meter,2.416638713
1 February 2019,Pakistan,Billion Cubic Meter,2.311950829
1 March 2019,Pakistan,Billion Cubic Meter,3.154062014
1 April 2019,Pakistan,Billion Cubic Meter,4.06099211
1 May 2019,Pakistan,Billion Cubic Meter,4.821455912
1 June 2019,Pakistan,Billion Cubic Meter,4.662913509
1 July 2019,Pakistan,Billion Cubic Meter,4.410902204
1 August 2019,Pakistan,Billion Cubic Meter,4.145193893
1 September 2019,Pakistan,Billion Cubic Meter,3.804440597
1 October 2019,Pakistan,Billion Cubic Meter,3.053116618
1 November 2019,Pakistan,Billion Cubic Meter,1.16993974
1 December 2019,Pakistan,Billion Cubic Meter,1.935639632
1 January 2020,Pakistan,Billion Cubic Meter,2.454476487
1 February 2020,Pakistan,Billion Cubic Meter,1.421141322
1 March 2020,Pakistan,Billion Cubic Meter,2.044300514
1 April 2020,Pakistan,Billion Cubic Meter,2.596966582
1 May 2020,Pakistan,Billion Cubic Meter,3.522776241
1 June 2020,Pakistan,Billion Cubic Meter,4.005889098
1 July 2020,Pakistan,Billion Cubic Meter,4.240462008
1 August 2020,Pakistan,Billion Cubic Meter,4.192413896
1 September 2020,Pakistan,Billion Cubic Meter,3.88058959
1 October 2020,Pakistan,Billion Cubic Meter,3.756217502
1 November 2020,Pakistan,Billion Cubic Meter,2.209756328
1 December 2020,Pakistan,Billion Cubic Meter,2.193446099
1 January 2021,Pakistan,Billion Cubic Meter,2.13228921
1 February 2021,Pakistan,Billion Cubic Meter,2.063296003
1 March 2021,Pakistan,Billion Cubic Meter,2.775490562
1 April 2021,Pakistan,Billion Cubic Meter,3.647731416
1 May 2021,Pakistan,Billion Cubic Meter,4.058480121
1 June 2021,Pakistan,Billion Cubic Meter,3.795275526
1 July 2021,Pakistan,Billion Cubic Meter,4.263072884
1 August 2021,Pakistan,Billion Cubic Meter,3.988539306
1 September 2021,Pakistan,Billion Cubic Meter,3.695822628
1 October 2021,Pakistan,Billion Cubic Meter,3.597171769
1 November 2021,Pakistan,Billion Cubic Meter,2.18122281
1 December 2021,Pakistan,Billion Cubic Meter,2.281192757
1 January 2022,Pakistan,Billion Cubic Meter,1.836509208
1 February 2022,Pakistan,Billion Cubic Meter,2.083229313
1 March 2022,Pakistan,Billion Cubic Meter,2.874011134
1 April 2022,Pakistan,Billion Cubic Meter,3.685185143
1 May 2022,Pakistan,Billion Cubic Meter,4.682304885
1 June 2022,Pakistan,Billion Cubic Meter,4.730878528
1 July 2022,Pakistan,Billion Cubic Meter,3.483701672
1 August 2022,Pakistan,Billion Cubic Meter,2.983393149
1 September 2022,Pakistan,Billion Cubic Meter,2.940356902
1 October 2022,Pakistan,Billion Cubic Meter,3.050521923
1 November 2022,Pakistan,Billion Cubic Meter,2.138211762
1 December 2022,Pakistan,Billion Cubic Meter,2.358250365
1 January 2023,Pakistan,Billion Cubic Meter,2.21827158
1 February 2023,Pakistan,Billion Cubic Meter,2.109064798
1 March 2023,Pakistan,Billion Cubic Meter,2.637830946
1 April 2023,Pakistan,Billion Cubic Meter,3.290612238
1 May 2023,Pakistan,Billion Cubic Meter,3.88517722
1 June 2023,Pakistan,Billion Cubic Meter,3.388773637
1 July 2023,Pakistan,Billion Cubic Meter,3.691654991
1 August 2023,Pakistan,Billion Cubic Meter,3.607172605
1 September 2023,Pakistan,Billion Cubic Meter,2.85813193
1 October 2023,Pakistan,Billion Cubic Meter,2.410580531
1 November 2023,Pakistan,Billion Cubic Meter,1.361760111
1 December 2023,Pakistan,Billion Cubic Meter,2.214482142
1 January 2024,Pakistan,Billion Cubic Meter,2.40534862
1 February 2024,Pakistan,Billion Cubic Meter,2.109954301
1 March 2024,Pakistan,Billion Cubic Meter,2.314572933
1 April 2024,Pakistan,Billion Cubic Meter,2.954558268
1 May 2024,Pakistan,Billion Cubic Meter,3.638791383
1 June 2024,Pakistan,Billion Cubic Meter,3.398611237
1 July 2024,Pakistan,Billion Cubic Meter,3.914830599
1 August 2024,Pakistan,Billion Cubic Meter,2.882841467
1 September 2024,Pakistan,Billion Cubic Meter,2.855917714
1 October 2024,Pakistan,Billion Cubic Meter,2.668375948
1 November 2024,Pakistan,Billion Cubic Meter,1.664701092
1 December 2024,Pakistan,Billion Cubic Meter,2.428703608
1 January 2025,Pakistan,Billion Cubic Meter,2.81
1 February 2025,Pakistan,Billion Cubic Meter,1.953079419
1 March 2025,Pakistan,Billion Cubic Meter,2.41630043
1 April 2025,Pakistan,Billion Cubic Meter,3.064883277
1 May 2025,Pakistan,Billion Cubic Meter,3.763176397
1 June 2025,Pakistan,Billion Cubic Meter,3.542372402
1 July 2025,Pakistan,Billion Cubic Meter,3.442695142
1 August 2025,Pakistan,Billion Cubic Meter,2.938673192
1 September 2025,Pakistan,Billion Cubic Meter,2.679667772
1 January 2019,New Zealand,Billion Cubic Meter,0.377109768
1 February 2019,New Zealand,Billion Cubic Meter,0.305284672
1 March 2019,New Zealand,Billion Cubic Meter,0.364079184
1 April 2019,New Zealand,Billion Cubic Meter,0.369304208
1 May 2019,New Zealand,Billion Cubic Meter,0.348289256
1 June 2019,New Zealand,Billion Cubic Meter,0.395257573
1 July 2019,New Zealand,Billion Cubic Meter,0.415129432
1 August 2019,New Zealand,Billion Cubic Meter,0.435394132
1 September 2019,New Zealand,Billion Cubic Meter,0.42073332
1 October 2019,New Zealand,Billion Cubic Meter,0.427652204
1 November 2019,New Zealand,Billion Cubic Meter,0.371974625
1 December 2019,New Zealand,Billion Cubic Meter,0.367555972
1 January 2020,New Zealand,Billion Cubic Meter,0.382994499
1 February 2020,New Zealand,Billion Cubic Meter,0.37481822
1 March 2020,New Zealand,Billion Cubic Meter,0.338851996
1 April 2020,New Zealand,Billion Cubic Meter,0.339986471
1 May 2020,New Zealand,Billion Cubic Meter,0.411836012
1 June 2020,New Zealand,Billion Cubic Meter,0.400673232
1 July 2020,New Zealand,Billion Cubic Meter,0.404217784
1 August 2020,New Zealand,Billion Cubic Meter,0.377622405
1 September 2020,New Zealand,Billion Cubic Meter,0.379890504
1 October 2020,New Zealand,Billion Cubic Meter,0.380954617
1 November 2020,New Zealand,Billion Cubic Meter,0.35359226
1 December 2020,New Zealand,Billion Cubic Meter,0.346611245
1 January 2021,New Zealand,Billion Cubic Meter,0.345163672
1 February 2021,New Zealand,Billion Cubic Meter,0.307229664
1 March 2021,New Zealand,Billion Cubic Meter,0.319507132
1 April 2021,New Zealand,Billion Cubic Meter,0.315961857
1 May 2021,New Zealand,Billion Cubic Meter,0.332275076
1 June 2021,New Zealand,Billion Cubic Meter,0.319614303
1 July 2021,New Zealand,Billion Cubic Meter,0.336614068
1 August 2021,New Zealand,Billion Cubic Meter,0.333897089
1 September 2021,New Zealand,Billion Cubic Meter,0.30567981
1 October 2021,New Zealand,Billion Cubic Meter,0.347227176
1 November 2021,New Zealand,Billion Cubic Meter,0.336903447
1 December 2021,New Zealand,Billion Cubic Meter,0.329353284
1 January 2022,New Zealand,Billion Cubic Meter,0.332558159
1 February 2022,New Zealand,Billion Cubic Meter,0.308974399
1 March 2022,New Zealand,Billion Cubic Meter,0.339276872
1 April 2022,New Zealand,Billion Cubic Meter,0.326139818
1 May 2022,New Zealand,Billion Cubic Meter,0.282897106
1 June 2022,New Zealand,Billion Cubic Meter,0.260954549
1 July 2022,New Zealand,Billion Cubic Meter,0.307951448
1 August 2022,New Zealand,Billion Cubic Meter,0.26465898
1 September 2022,New Zealand,Billion Cubic Meter,0.304272136
1 October 2022,New Zealand,Billion Cubic Meter,0.306675517
1 November 2022,New Zealand,Billion Cubic Meter,0.269596207
1 December 2022,New Zealand,Billion Cubic Meter,0.268656041
1 January 2023,New Zealand,Billion Cubic Meter,0.313928978
1 February 2023,New Zealand,Billion Cubic Meter,0.298819575
1 March 2023,New Zealand,Billion Cubic Meter,0.331244536
1 April 2023,New Zealand,Billion Cubic Meter,0.327169052
1 May 2023,New Zealand,Billion Cubic Meter,0.322688073
1 June 2023,New Zealand,Billion Cubic Meter,0.301591024
1 July 2023,New Zealand,Billion Cubic Meter,0.318068968
1 August 2023,New Zealand,Billion Cubic Meter,0.327143153
1 September 2023,New Zealand,Billion Cubic Meter,0.310112877
1 October 2023,New Zealand,Billion Cubic Meter,0.290730233
1 November 2023,New Zealand,Billion Cubic Meter,0.259640801
1 December 2023,New Zealand,Billion Cubic Meter,0.29198558
1 January 2024,New Zealand,Billion Cubic Meter,0.291337547
1 February 2024,New Zealand,Billion Cubic Meter,0.257881126
1 March 2024,New Zealand,Billion Cubic Meter,0.247773809
1 April 2024,New Zealand,Billion Cubic Meter,0.248054606
1 May 2024,New Zealand,Billion Cubic Meter,0.269059697
1 June 2024,New Zealand,Billion Cubic Meter,0.25721997
1 July 2024,New Zealand,Billion Cubic Meter,0.260505334
1 August 2024,New Zealand,Billion Cubic Meter,0.259354645
1 September 2024,New Zealand,Billion Cubic Meter,0.234028202
1 October 2024,New Zealand,Billion Cubic Meter,0.227686587
1 November 2024,New Zealand,Billion Cubic Meter,0.228025198
1 December 2024,New Zealand,Billion Cubic Meter,0.200798137
1 January 2025,New Zealand,Billion Cubic Meter,0.21725656
1 February 2025,New Zealand,Billion Cubic Meter,0.205060122
1 March 2025,New Zealand,Billion Cubic Meter,0.225257521
1 April 2025,New Zealand,Billion Cubic Meter,0.221282053
1 May 2025,New Zealand,Billion Cubic Meter,0.216933091
1 June 2025,New Zealand,Billion Cubic Meter,0.203400258
1 July 2025,New Zealand,Billion Cubic Meter,0.216557794
1 August 2025,New Zealand,Billion Cubic Meter,0.209511733
1 September 2025,New Zealand,Billion Cubic Meter,0.208601151
1 January 2019,Malaysia,Billion Cubic Meter,2.32877464
1 February 2019,Malaysia,Billion Cubic Meter,2.841888183
1 March 2019,Malaysia,Billion Cubic Meter,3.16753464
1 April 2019,Malaysia,Billion Cubic Meter,2.93407429
1 May 2019,Malaysia,Billion Cubic Meter,3.63777424
1 June 2019,Malaysia,Billion Cubic Meter,3.447525566
1 July 2019,Malaysia,Billion Cubic Meter,3.03121647
1 August 2019,Malaysia,Billion Cubic Meter,3.055263727
1 September 2019,Malaysia,Billion Cubic Meter,2.946009043
1 October 2019,Malaysia,Billion Cubic Meter,2.994846174
1 November 2019,Malaysia,Billion Cubic Meter,3.50561128
1 December 2019,Malaysia,Billion Cubic Meter,3.199056963
1 January 2020,Malaysia,Billion Cubic Meter,2.963064187
1 February 2020,Malaysia,Billion Cubic Meter,2.988090358
1 March 2020,Malaysia,Billion Cubic Meter,3.099424221
1 April 2020,Malaysia,Billion Cubic Meter,2.766184986
1 May 2020,Malaysia,Billion Cubic Meter,2.846898947
1 June 2020,Malaysia,Billion Cubic Meter,2.991246542
1 July 2020,Malaysia,Billion Cubic Meter,2.608462784
1 August 2020,Malaysia,Billion Cubic Meter,2.731852814
1 September 2020,Malaysia,Billion Cubic Meter,2.664026376
1 October 2020,Malaysia,Billion Cubic Meter,2.952030648
1 November 2020,Malaysia,Billion Cubic Meter,3.044579004
1 December 2020,Malaysia,Billion Cubic Meter,2.5082754
1 January 2021,Malaysia,Billion Cubic Meter,3.362989494
1 February 2021,Malaysia,Billion Cubic Meter,2.333254133
1 March 2021,Malaysia,Billion Cubic Meter,3.370763872
1 April 2021,Malaysia,Billion Cubic Meter,2.96010097
1 May 2021,Malaysia,Billion Cubic Meter,3.17075788
1 June 2021,Malaysia,Billion Cubic Meter,3.295
1 July 2021,Malaysia,Billion Cubic Meter,2.672655877
1 August 2021,Malaysia,Billion Cubic Meter,2.279441653
1 September 2021,Malaysia,Billion Cubic Meter,2.741115544
1 October 2021,Malaysia,Billion Cubic Meter,2.930018996
1 November 2021,Malaysia,Billion Cubic Meter,3.093
1 December 2021,Malaysia,Billion Cubic Meter,2.660801434
1 January 2022,Malaysia,Billion Cubic Meter,3.299684581
1 February 2022,Malaysia,Billion Cubic Meter,2.919
1 March 2022,Malaysia,Billion Cubic Meter,2.878484755
1 April 2022,Malaysia,Billion Cubic Meter,3.232840323
1 May 2022,Malaysia,Billion Cubic Meter,3.020993192
1 June 2022,Malaysia,Billion Cubic Meter,2.955241552
1 July 2022,Malaysia,Billion Cubic Meter,3.232098754
1 August 2022,Malaysia,Billion Cubic Meter,3.077489706
1 September 2022,Malaysia,Billion Cubic Meter,3.439565404
1 October 2022,Malaysia,Billion Cubic Meter,2.982354331
1 November 2022,Malaysia,Billion Cubic Meter,3.665892119
1 December 2022,Malaysia,Billion Cubic Meter,3.146473582
1 January 2023,Malaysia,Billion Cubic Meter,3.079618639
1 February 2023,Malaysia,Billion Cubic Meter,2.894607209
1 March 2023,Malaysia,Billion Cubic Meter,3.149860006
1 April 2023,Malaysia,Billion Cubic Meter,3.010031698
1 May 2023,Malaysia,Billion Cubic Meter,3.121850824
1 June 2023,Malaysia,Billion Cubic Meter,3.323736545
1 July 2023,Malaysia,Billion Cubic Meter,3.581683766
1 August 2023,Malaysia,Billion Cubic Meter,2.719518636
1 September 2023,Malaysia,Billion Cubic Meter,3.111632581
1 October 2023,Malaysia,Billion Cubic Meter,3.686622293
1 November 2023,Malaysia,Billion Cubic Meter,3.424158465
1 December 2023,Malaysia,Billion Cubic Meter,3.184003577
1 January 2024,Malaysia,Billion Cubic Meter,3.734964222
1 February 2024,Malaysia,Billion Cubic Meter,3.078416204
1 March 2024,Malaysia,Billion Cubic Meter,3.705523051
1 April 2024,Malaysia,Billion Cubic Meter,3.814035419
1 May 2024,Malaysia,Billion Cubic Meter,3.016941741
1 June 2024,Malaysia,Billion Cubic Meter,3.548229335
1 July 2024,Malaysia,Billion Cubic Meter,3.239581288
1 August 2024,Malaysia,Billion Cubic Meter,3.582262197
1 September 2024,Malaysia,Billion Cubic Meter,3.56909645
1 October 2024,Malaysia,Billion Cubic Meter,3.682139649
1 November 2024,Malaysia,Billion Cubic Meter,3.438223737
1 December 2024,Malaysia,Billion Cubic Meter,3.39957642
1 January 2025,Malaysia,Billion Cubic Meter,3.982402726
1 February 2025,Malaysia,Billion Cubic Meter,3.264975237
1 March 2025,Malaysia,Billion Cubic Meter,3.690127978
1 April 2025,Malaysia,Billion Cubic Meter,2.855551743
1 May 2025,Malaysia,Billion Cubic Meter,3.209990485
1 June 2025,Malaysia,Billion Cubic Meter,3.433279381
1 July 2025,Malaysia,Billion Cubic Meter,3.524960354
1 August 2025,Malaysia,Billion Cubic Meter,3.271931237
1 September 2025,Malaysia,Billion Cubic Meter,3.539885974
1 January 2019,Japan,Billion Cubic Meter,10.500817999
1 February 2019,Japan,Billion Cubic Meter,10.539471919
1 March 2019,Japan,Billion Cubic Meter,10.21152096
1 April 2019,Japan,Billion Cubic Meter,9.19551056
1 May 2019,Japan,Billion Cubic Meter,7.81804752
1 June 2019,Japan,Billion Cubic Meter,7.635099279
1 July 2019,Japan,Billion Cubic Meter,8.48541272
1 August 2019,Japan,Billion Cubic Meter,9.08293704
1 September 2019,Japan,Billion Cubic Meter,8.70750784
1 October 2019,Japan,Billion Cubic Meter,9.00667048
1 November 2019,Japan,Billion Cubic Meter,8.88772048
1 December 2019,Japan,Billion Cubic Meter,9.25011064
1 January 2020,Japan,Billion Cubic Meter,9.95841344
1 February 2020,Japan,Billion Cubic Meter,9.894061921
1 March 2020,Japan,Billion Cubic Meter,9.780937321
1 April 2020,Japan,Billion Cubic Meter,8.85985868
1 May 2020,Japan,Billion Cubic Meter,6.97663852
1 June 2020,Japan,Billion Cubic Meter,6.93699728
1 July 2020,Japan,Billion Cubic Meter,7.93271168
1 August 2020,Japan,Billion Cubic Meter,8.37530287
1 September 2020,Japan,Billion Cubic Meter,8.6458606
1 October 2020,Japan,Billion Cubic Meter,8.7928682
1 November 2020,Japan,Billion Cubic Meter,8.451378681
1 December 2020,Japan,Billion Cubic Meter,9.67407932
1 January 2021,Japan,Billion Cubic Meter,11.660726359
1 February 2021,Japan,Billion Cubic Meter,10.16616264
1 March 2021,Japan,Billion Cubic Meter,9.59144679
1 April 2021,Japan,Billion Cubic Meter,7.31697632
1 May 2021,Japan,Billion Cubic Meter,7.13574628
1 June 2021,Japan,Billion Cubic Meter,7.47445704
1 July 2021,Japan,Billion Cubic Meter,8.760146039
1 August 2021,Japan,Billion Cubic Meter,8.10488376
1 September 2021,Japan,Billion Cubic Meter,7.00900244
1 October 2021,Japan,Billion Cubic Meter,7.29515768
1 November 2021,Japan,Billion Cubic Meter,8.126139799
1 December 2021,Japan,Billion Cubic Meter,10.13251352
1 January 2022,Japan,Billion Cubic Meter,11.13039504
1 February 2022,Japan,Billion Cubic Meter,10.61651416
1 March 2022,Japan,Billion Cubic Meter,8.903114601
1 April 2022,Japan,Billion Cubic Meter,7.3557194
1 May 2022,Japan,Billion Cubic Meter,7.14947716
1 June 2022,Japan,Billion Cubic Meter,7.86018144
1 July 2022,Japan,Billion Cubic Meter,8.688804241
1 August 2022,Japan,Billion Cubic Meter,8.02655064
1 September 2022,Japan,Billion Cubic Meter,7.8281654
1 October 2022,Japan,Billion Cubic Meter,7.1846944
1 November 2022,Japan,Billion Cubic Meter,7.42542384
1 December 2022,Japan,Billion Cubic Meter,9.36594272
1 January 2023,Japan,Billion Cubic Meter,10.0773292
1 February 2023,Japan,Billion Cubic Meter,8.93208504
1 March 2023,Japan,Billion Cubic Meter,8.0182828
1 April 2023,Japan,Billion Cubic Meter,6.58243244
1 May 2023,Japan,Billion Cubic Meter,6.282326341
1 June 2023,Japan,Billion Cubic Meter,7.040118279
1 July 2023,Japan,Billion Cubic Meter,7.81879308
1 August 2023,Japan,Billion Cubic Meter,8.4580796
1 September 2023,Japan,Billion Cubic Meter,7.861731444
1 October 2023,Japan,Billion Cubic Meter,6.33817544
1 November 2023,Japan,Billion Cubic Meter,7.44230228
1 December 2023,Japan,Billion Cubic Meter,8.81719268
1 January 2024,Japan,Billion Cubic Meter,9.815875999
1 February 2024,Japan,Billion Cubic Meter,8.99977256
1 March 2024,Japan,Billion Cubic Meter,8.74377672
1 April 2024,Japan,Billion Cubic Meter,6.46877952
1 May 2024,Japan,Billion Cubic Meter,6.4711104
1 June 2024,Japan,Billion Cubic Meter,6.295523921
1 July 2024,Japan,Billion Cubic Meter,8.5270636
1 August 2024,Japan,Billion Cubic Meter,8.2920452
1 September 2024,Japan,Billion Cubic Meter,7.502925119
1 October 2024,Japan,Billion Cubic Meter,7.10042736
1 November 2024,Japan,Billion Cubic Meter,6.9807484
1 December 2024,Japan,Billion Cubic Meter,9.07554288
1 January 2025,Japan,Billion Cubic Meter,9.47566752
1 February 2025,Japan,Billion Cubic Meter,8.66333864
1 March 2025,Japan,Billion Cubic Meter,7.878012801
1 April 2025,Japan,Billion Cubic Meter,7.17216768
1 May 2025,Japan,Billion Cubic Meter,5.92952552
1 June 2025,Japan,Billion Cubic Meter,6.5047604
1 July 2025,Japan,Billion Cubic Meter,7.85796088
1 August 2025,Japan,Billion Cubic Meter,7.731610781
1 September 2025,Japan,Billion Cubic Meter,7.230077837
1 January 2019,Indonesia,Billion Cubic Meter,2.949
1 February 2019,Indonesia,Billion Cubic Meter,2.547
1 March 2019,Indonesia,Billion Cubic Meter,3.037
1 April 2019,Indonesia,Billion Cubic Meter,3.016
1 May 2019,Indonesia,Billion Cubic Meter,3.194
1 June 2019,Indonesia,Billion Cubic Meter,2.963
1 July 2019,Indonesia,Billion Cubic Meter,3.139
1 August 2019,Indonesia,Billion Cubic Meter,2.923999999
1 September 2019,Indonesia,Billion Cubic Meter,3.02
1 October 2019,Indonesia,Billion Cubic Meter,2.904999999
1 November 2019,Indonesia,Billion Cubic Meter,2.874999999
1 December 2019,Indonesia,Billion Cubic Meter,2.891
1 January 2020,Indonesia,Billion Cubic Meter,3.244
1 February 2020,Indonesia,Billion Cubic Meter,2.765
1 March 2020,Indonesia,Billion Cubic Meter,3.107
1 April 2020,Indonesia,Billion Cubic Meter,2.727
1 May 2020,Indonesia,Billion Cubic Meter,2.816
1 June 2020,Indonesia,Billion Cubic Meter,2.31
1 July 2020,Indonesia,Billion Cubic Meter,2.97
1 August 2020,Indonesia,Billion Cubic Meter,2.602000001
1 September 2020,Indonesia,Billion Cubic Meter,2.544
1 October 2020,Indonesia,Billion Cubic Meter,2.675
1 November 2020,Indonesia,Billion Cubic Meter,2.524
1 December 2020,Indonesia,Billion Cubic Meter,2.513
1 January 2021,Indonesia,Billion Cubic Meter,2.858
1 February 2021,Indonesia,Billion Cubic Meter,2.822
1 March 2021,Indonesia,Billion Cubic Meter,2.672999999
1 April 2021,Indonesia,Billion Cubic Meter,2.524
1 May 2021,Indonesia,Billion Cubic Meter,2.757000001
1 June 2021,Indonesia,Billion Cubic Meter,2.793
1 July 2021,Indonesia,Billion Cubic Meter,3.039
1 August 2021,Indonesia,Billion Cubic Meter,2.832
1 September 2021,Indonesia,Billion Cubic Meter,2.881
1 October 2021,Indonesia,Billion Cubic Meter,3.846999999
1 November 2021,Indonesia,Billion Cubic Meter,3.892
1 December 2021,Indonesia,Billion Cubic Meter,2.590000001
1 January 2022,Indonesia,Billion Cubic Meter,3.224
1 February 2022,Indonesia,Billion Cubic Meter,2.661000001
1 March 2022,Indonesia,Billion Cubic Meter,2.868
1 April 2022,Indonesia,Billion Cubic Meter,2.911
1 May 2022,Indonesia,Billion Cubic Meter,3.015
1 June 2022,Indonesia,Billion Cubic Meter,2.699
1 July 2022,Indonesia,Billion Cubic Meter,3.068
1 August 2022,Indonesia,Billion Cubic Meter,2.698
1 September 2022,Indonesia,Billion Cubic Meter,2.831
1 October 2022,Indonesia,Billion Cubic Meter,2.964
1 November 2022,Indonesia,Billion Cubic Meter,2.929
1 December 2022,Indonesia,Billion Cubic Meter,2.818999999
1 January 2023,Indonesia,Billion Cubic Meter,3.355
1 February 2023,Indonesia,Billion Cubic Meter,3.037
1 March 2023,Indonesia,Billion Cubic Meter,3.343000001
1 April 2023,Indonesia,Billion Cubic Meter,2.807
1 May 2023,Indonesia,Billion Cubic Meter,3.133
1 June 2023,Indonesia,Billion Cubic Meter,3.254
1 July 2023,Indonesia,Billion Cubic Meter,3.129
1 August 2023,Indonesia,Billion Cubic Meter,3.264
1 September 2023,Indonesia,Billion Cubic Meter,3.236
1 October 2023,Indonesia,Billion Cubic Meter,3.52
1 November 2023,Indonesia,Billion Cubic Meter,2.939999999
1 December 2023,Indonesia,Billion Cubic Meter,2.818999999
1 January 2024,Indonesia,Billion Cubic Meter,3.235
1 February 2024,Indonesia,Billion Cubic Meter,3.106
1 March 2024,Indonesia,Billion Cubic Meter,3.874
1 April 2024,Indonesia,Billion Cubic Meter,3.474
1 May 2024,Indonesia,Billion Cubic Meter,3.408
1 June 2024,Indonesia,Billion Cubic Meter,3.09
1 July 2024,Indonesia,Billion Cubic Meter,3.604
1 August 2024,Indonesia,Billion Cubic Meter,3.875
1 September 2024,Indonesia,Billion Cubic Meter,3.835
1 October 2024,Indonesia,Billion Cubic Meter,3.332
1 November 2024,Indonesia,Billion Cubic Meter,3.313999999
1 December 2024,Indonesia,Billion Cubic Meter,3.019
1 January 2025,Indonesia,Billion Cubic Meter,3.514897258
1 February 2025,Indonesia,Billion Cubic Meter,3.139780778
1 March 2025,Indonesia,Billion Cubic Meter,3.581658232
1 April 2025,Indonesia,Billion Cubic Meter,3.275784305
1 May 2025,Indonesia,Billion Cubic Meter,3.411015966
1 June 2025,Indonesia,Billion Cubic Meter,3.226801887
1 July 2025,Indonesia,Billion Cubic Meter,3.494544814
1 August 2025,Indonesia,Billion Cubic Meter,3.487577393
1 September 2025,Indonesia,Billion Cubic Meter,3.516250431
1 January 2019,India,Billion Cubic Meter,4.952848331
1 February 2019,India,Billion Cubic Meter,4.314617465
1 March 2019,India,Billion Cubic Meter,5.089021178
1 April 2019,India,Billion Cubic Meter,5.022781088
1 May 2019,India,Billion Cubic Meter,5.023924795
1 June 2019,India,Billion Cubic Meter,5.30991074
1 July 2019,India,Billion Cubic Meter,4.960818267
1 August 2019,India,Billion Cubic Meter,5.505918423
1 September 2019,India,Billion Cubic Meter,5.061422008
1 October 2019,India,Billion Cubic Meter,5.406160601
1 November 2019,India,Billion Cubic Meter,5.076551999
1 December 2019,India,Billion Cubic Meter,4.980884482
1 January 2020,India,Billion Cubic Meter,5.233817004
1 February 2020,India,Billion Cubic Meter,5.797177178
1 March 2020,India,Billion Cubic Meter,5.229686796
1 April 2020,India,Billion Cubic Meter,3.713929343
1 May 2020,India,Billion Cubic Meter,4.939966276
1 June 2020,India,Billion Cubic Meter,5.187884904
1 July 2020,India,Billion Cubic Meter,5.424414746
1 August 2020,India,Billion Cubic Meter,5.293309553
1 September 2020,India,Billion Cubic Meter,5.053472122
1 October 2020,India,Billion Cubic Meter,5.818745725
1 November 2020,India,Billion Cubic Meter,5.022468803
1 December 2020,India,Billion Cubic Meter,5.166804714
1 January 2021,India,Billion Cubic Meter,5.176552192
1 February 2021,India,Billion Cubic Meter,4.782567998
1 March 2021,India,Billion Cubic Meter,5.40134424
1 April 2021,India,Billion Cubic Meter,5.518395514
1 May 2021,India,Billion Cubic Meter,5.215139411
1 June 2021,India,Billion Cubic Meter,5.522977305
1 July 2021,India,Billion Cubic Meter,5.434796157
1 August 2021,India,Billion Cubic Meter,5.841490941
1 September 2021,India,Billion Cubic Meter,5.519004867
1 October 2021,India,Billion Cubic Meter,5.572711527
1 November 2021,India,Billion Cubic Meter,5.281744239
1 December 2021,India,Billion Cubic Meter,5.390519522
1 January 2022,India,Billion Cubic Meter,4.867070671
1 February 2022,India,Billion Cubic Meter,4.54485898
1 March 2022,India,Billion Cubic Meter,5.450087511
1 April 2022,India,Billion Cubic Meter,4.825956731
1 May 2022,India,Billion Cubic Meter,5.783559299
1 June 2022,India,Billion Cubic Meter,5.004648364
1 July 2022,India,Billion Cubic Meter,5.310610345
1 August 2022,India,Billion Cubic Meter,4.857571407
1 September 2022,India,Billion Cubic Meter,4.668443394
1 October 2022,India,Billion Cubic Meter,4.805519084
1 November 2022,India,Billion Cubic Meter,4.998026814
1 December 2022,India,Billion Cubic Meter,5.023363339
1 January 2023,India,Billion Cubic Meter,4.822616096
1 February 2023,India,Billion Cubic Meter,4.429607167
1 March 2023,India,Billion Cubic Meter,5.43884903
1 April 2023,India,Billion Cubic Meter,5.185118522
1 May 2023,India,Billion Cubic Meter,5.6920191
1 June 2023,India,Billion Cubic Meter,5.223532947
1 July 2023,India,Billion Cubic Meter,5.418027538
1 August 2023,India,Billion Cubic Meter,5.840909351
1 September 2023,India,Billion Cubic Meter,5.560000498
1 October 2023,India,Billion Cubic Meter,5.764151214
1 November 2023,India,Billion Cubic Meter,5.407662431
1 December 2023,India,Billion Cubic Meter,5.635396826
1 January 2024,India,Billion Cubic Meter,5.904906289
1 February 2024,India,Billion Cubic Meter,5.754983475
1 March 2024,India,Billion Cubic Meter,6.125426001
1 April 2024,India,Billion Cubic Meter,5.406917102
1 May 2024,India,Billion Cubic Meter,6.574890841
1 June 2024,India,Billion Cubic Meter,6.405723787
1 July 2024,India,Billion Cubic Meter,6.718604457
1 August 2024,India,Billion Cubic Meter,6.054851699
1 September 2024,India,Billion Cubic Meter,5.867654617
1 October 2024,India,Billion Cubic Meter,6.699475908
1 November 2024,India,Billion Cubic Meter,5.958086678
1 December 2024,India,Billion Cubic Meter,5.854452414
1 January 2025,India,Billion Cubic Meter,6.101828526
1 February 2025,India,Billion Cubic Meter,5.788776856
1 March 2025,India,Billion Cubic Meter,6.10340902
1 April 2025,India,Billion Cubic Meter,5.534218517
1 May 2025,India,Billion Cubic Meter,6.47172052
1 June 2025,India,Billion Cubic Meter,5.939923774
1 July 2025,India,Billion Cubic Meter,6.23197584
1 August 2025,India,Billion Cubic Meter,5.995466174
1 September 2025,India,Billion Cubic Meter,5.758060658
1 January 2019,China,Billion Cubic Meter,29.12401551
1 February 2019,China,Billion Cubic Meter,23.103726907
1 March 2019,China,Billion Cubic Meter,24.445751805
1 April 2019,China,Billion Cubic Meter,24.450161712
1 May 2019,China,Billion Cubic Meter,24.651174951
1 June 2019,China,Billion Cubic Meter,24.08223509
1 July 2019,China,Billion Cubic Meter,24.482375559
1 August 2019,China,Billion Cubic Meter,25.062400158
1 September 2019,China,Billion Cubic Meter,24.634394339
1 October 2019,China,Billion Cubic Meter,23.383226463
1 November 2019,China,Billion Cubic Meter,27.866983427
1 December 2019,China,Billion Cubic Meter,28.913822338
1 January 2020,China,Billion Cubic Meter,30.317783115
1 February 2020,China,Billion Cubic Meter,25.301348485
1 March 2020,China,Billion Cubic Meter,26.194351911
1 April 2020,China,Billion Cubic Meter,26.559368017
1 May 2020,China,Billion Cubic Meter,26.490345555
1 June 2020,China,Billion Cubic Meter,26.486110766
1 July 2020,China,Billion Cubic Meter,24.170959603
1 August 2020,China,Billion Cubic Meter,26.869175841
1 September 2020,China,Billion Cubic Meter,26.280430782
1 October 2020,China,Billion Cubic Meter,26.478653873
1 November 2020,China,Billion Cubic Meter,29.248398238
1 December 2020,China,Billion Cubic Meter,33.862417122
1 January 2021,China,Billion Cubic Meter,30.784799009
1 February 2021,China,Billion Cubic Meter,25.038265242
1 March 2021,China,Billion Cubic Meter,30.245608256
1 April 2021,China,Billion Cubic Meter,30.548874972
1 May 2021,China,Billion Cubic Meter,30.673603177
1 June 2021,China,Billion Cubic Meter,30.830610372
1 July 2021,China,Billion Cubic Meter,28.357815672
1 August 2021,China,Billion Cubic Meter,29.947616799
1 September 2021,China,Billion Cubic Meter,30.01590829
1 October 2021,China,Billion Cubic Meter,29.125731717
1 November 2021,China,Billion Cubic Meter,32.169131243
1 December 2021,China,Billion Cubic Meter,35.043046898
1 January 2022,China,Billion Cubic Meter,31.098854288
1 February 2022,China,Billion Cubic Meter,31.292
1 March 2022,China,Billion Cubic Meter,30.483432639
1 April 2022,China,Billion Cubic Meter,28.663311786
1 May 2022,China,Billion Cubic Meter,29.970612055
1 June 2022,China,Billion Cubic Meter,29.1110254
1 July 2022,China,Billion Cubic Meter,28.854953212
1 August 2022,China,Billion Cubic Meter,28.827973631
1 September 2022,China,Billion Cubic Meter,29.947916312
1 October 2022,China,Billion Cubic Meter,28.771187403
1 November 2022,China,Billion Cubic Meter,32.780809209
1 December 2022,China,Billion Cubic Meter,34.264177616
1 January 2023,China,Billion Cubic Meter,28.767082916
1 February 2023,China,Billion Cubic Meter,27.698608061
1 March 2023,China,Billion Cubic Meter,32.290272203
1 April 2023,China,Billion Cubic Meter,31.101120066
1 May 2023,China,Billion Cubic Meter,33.359146091
1 June 2023,China,Billion Cubic Meter,32.25948208
1 July 2023,China,Billion Cubic Meter,32.368536853
1 August 2023,China,Billion Cubic Meter,32.764144598
1 September 2023,China,Billion Cubic Meter,31.575022497
1 October 2023,China,Billion Cubic Meter,30.817902226
1 November 2023,China,Billion Cubic Meter,34.55192847
1 December 2023,China,Billion Cubic Meter,37.754639626
1 January 2024,China,Billion Cubic Meter,33.819881621
1 February 2024,China,Billion Cubic Meter,29.957864926
1 March 2024,China,Billion Cubic Meter,36.127450887
1 April 2024,China,Billion Cubic Meter,33.772349456
1 May 2024,China,Billion Cubic Meter,35.609488941
1 June 2024,China,Billion Cubic Meter,34.328382924
1 July 2024,China,Billion Cubic Meter,34.710159101
1 August 2024,China,Billion Cubic Meter,35.937397426
1 September 2024,China,Billion Cubic Meter,35.503052259
1 October 2024,China,Billion Cubic Meter,35.005738783
1 November 2024,China,Billion Cubic Meter,35.147299265
1 December 2024,China,Billion Cubic Meter,37.113145008
1 January 2025,China,Billion Cubic Meter,36.423139259
1 February 2025,China,Billion Cubic Meter,34.659402119
1 March 2025,China,Billion Cubic Meter,34.935262169
1 April 2025,China,Billion Cubic Meter,34.356929747
1 May 2025,China,Billion Cubic Meter,35.824232566
1 June 2025,China,Billion Cubic Meter,35.469001473
1 July 2025,China,Billion Cubic Meter,36.019261063
1 August 2025,China,Billion Cubic Meter,36.217769494
1 September 2025,China,Billion Cubic Meter,36.065616747
1 January 2019,Bangladesh,Billion Cubic Meter,2.465455017
1 February 2019,Bangladesh,Billion Cubic Meter,2.202916721
1 March 2019,Bangladesh,Billion Cubic Meter,2.658662257
1 April 2019,Bangladesh,Billion Cubic Meter,2.455283399
1 May 2019,Bangladesh,Billion Cubic Meter,2.609921479
1 June 2019,Bangladesh,Billion Cubic Meter,2.60470584
1 July 2019,Bangladesh,Billion Cubic Meter,2.494445477
1 August 2019,Bangladesh,Billion Cubic Meter,2.594071092
1 September 2019,Bangladesh,Billion Cubic Meter,2.53049552
1 October 2019,Bangladesh,Billion Cubic Meter,2.560129852
1 November 2019,Bangladesh,Billion Cubic Meter,2.420219805
1 December 2019,Bangladesh,Billion Cubic Meter,2.490693544
1 January 2020,Bangladesh,Billion Cubic Meter,2.6696805
1 February 2020,Bangladesh,Billion Cubic Meter,2.361937809
1 March 2020,Bangladesh,Billion Cubic Meter,2.53500646
1 April 2020,Bangladesh,Billion Cubic Meter,2.436
1 May 2020,Bangladesh,Billion Cubic Meter,2.24851424
1 June 2020,Bangladesh,Billion Cubic Meter,2.383352421
1 July 2020,Bangladesh,Billion Cubic Meter,2.533713149
1 August 2020,Bangladesh,Billion Cubic Meter,2.485772951
1 September 2020,Bangladesh,Billion Cubic Meter,2.553158079
1 October 2020,Bangladesh,Billion Cubic Meter,2.568100479
1 November 2020,Bangladesh,Billion Cubic Meter,2.3431551
1 December 2020,Bangladesh,Billion Cubic Meter,2.5099553
1 January 2021,Bangladesh,Billion Cubic Meter,2.46306854
1 February 2021,Bangladesh,Billion Cubic Meter,1.853896891
1 March 2021,Bangladesh,Billion Cubic Meter,2.655092529
1 April 2021,Bangladesh,Billion Cubic Meter,2.615557429
1 May 2021,Bangladesh,Billion Cubic Meter,2.578611779
1 June 2021,Bangladesh,Billion Cubic Meter,2.674506329
1 July 2021,Bangladesh,Billion Cubic Meter,2.421583571
1 August 2021,Bangladesh,Billion Cubic Meter,2.629973449
1 September 2021,Bangladesh,Billion Cubic Meter,2.54005586
1 October 2021,Bangladesh,Billion Cubic Meter,2.627324571
1 November 2021,Bangladesh,Billion Cubic Meter,2.411273879
1 December 2021,Bangladesh,Billion Cubic Meter,2.3267814
1 January 2022,Bangladesh,Billion Cubic Meter,2.188399379
1 February 2022,Bangladesh,Billion Cubic Meter,2.049103949
1 March 2022,Bangladesh,Billion Cubic Meter,2.512533429
1 April 2022,Bangladesh,Billion Cubic Meter,2.351945079
1 May 2022,Bangladesh,Billion Cubic Meter,2.417708621
1 June 2022,Bangladesh,Billion Cubic Meter,2.51563794
1 July 2022,Bangladesh,Billion Cubic Meter,2.21956617
1 August 2022,Bangladesh,Billion Cubic Meter,2.41595685
1 September 2022,Bangladesh,Billion Cubic Meter,2.248109551
1 October 2022,Bangladesh,Billion Cubic Meter,2.19514044
1 November 2022,Bangladesh,Billion Cubic Meter,2.063336021
1 December 2022,Bangladesh,Billion Cubic Meter,2.233905779
1 January 2023,Bangladesh,Billion Cubic Meter,2.223799849
1 February 2023,Bangladesh,Billion Cubic Meter,1.86452852
1 March 2023,Bangladesh,Billion Cubic Meter,2.424050649
1 April 2023,Bangladesh,Billion Cubic Meter,2.268111989
1 May 2023,Bangladesh,Billion Cubic Meter,2.3751058
1 June 2023,Bangladesh,Billion Cubic Meter,2.43476503
1 July 2023,Bangladesh,Billion Cubic Meter,2.412108049
1 August 2023,Bangladesh,Billion Cubic Meter,2.34800289
1 September 2023,Bangladesh,Billion Cubic Meter,2.325464771
1 October 2023,Bangladesh,Billion Cubic Meter,2.17736238
1 November 2023,Bangladesh,Billion Cubic Meter,2.115147661
1 December 2023,Bangladesh,Billion Cubic Meter,2.16530941
1 January 2024,Bangladesh,Billion Cubic Meter,1.970418629
1 February 2024,Bangladesh,Billion Cubic Meter,2.12302638
1 March 2024,Bangladesh,Billion Cubic Meter,2.267059229
1 April 2024,Bangladesh,Billion Cubic Meter,2.2595569
1 May 2024,Bangladesh,Billion Cubic Meter,2.52309782
1 June 2024,Bangladesh,Billion Cubic Meter,2.135370839
1 July 2024,Bangladesh,Billion Cubic Meter,2.04539099
1 August 2024,Bangladesh,Billion Cubic Meter,2.216874839
1 September 2024,Bangladesh,Billion Cubic Meter,2.13905833
1 October 2024,Bangladesh,Billion Cubic Meter,2.3765774
1 November 2024,Bangladesh,Billion Cubic Meter,2.34509082
1 December 2024,Bangladesh,Billion Cubic Meter,2.365149861
1 January 2025,Bangladesh,Billion Cubic Meter,2.23
1 February 2025,Bangladesh,Billion Cubic Meter,1.72
1 March 2025,Bangladesh,Billion Cubic Meter,2.292977132
1 April 2025,Bangladesh,Billion Cubic Meter,2.190401
1 May 2025,Bangladesh,Billion Cubic Meter,2.32410018
1 June 2025,Bangladesh,Billion Cubic Meter,2.249089892
1 July 2025,Bangladesh,Billion Cubic Meter,2.11999141
1 August 2025,Bangladesh,Billion Cubic Meter,2.216473945
1 September 2025,Bangladesh,Billion Cubic Meter,2.131590598
1 January 2019,Australia,Billion Cubic Meter,2.239515942
1 February 2019,Australia,Billion Cubic Meter,1.998330681
1 March 2019,Australia,Billion Cubic Meter,2.160691335
1 April 2019,Australia,Billion Cubic Meter,2.243256492
1 May 2019,Australia,Billion Cubic Meter,2.602935812
1 June 2019,Australia,Billion Cubic Meter,2.733234135
1 July 2019,Australia,Billion Cubic Meter,2.751604581
1 August 2019,Australia,Billion Cubic Meter,2.842674319
1 September 2019,Australia,Billion Cubic Meter,2.533777958
1 October 2019,Australia,Billion Cubic Meter,2.475398508
1 November 2019,Australia,Billion Cubic Meter,2.314755733
1 December 2019,Australia,Billion Cubic Meter,2.348834948
1 January 2020,Australia,Billion Cubic Meter,2.156060576
1 February 2020,Australia,Billion Cubic Meter,2.149570235
1 March 2020,Australia,Billion Cubic Meter,2.206157461
1 April 2020,Australia,Billion Cubic Meter,2.190666571
1 May 2020,Australia,Billion Cubic Meter,2.584568743
1 June 2020,Australia,Billion Cubic Meter,2.827384974
1 July 2020,Australia,Billion Cubic Meter,2.976672068
1 August 2020,Australia,Billion Cubic Meter,2.714681441
1 September 2020,Australia,Billion Cubic Meter,2.449736702
1 October 2020,Australia,Billion Cubic Meter,2.293981545
1 November 2020,Australia,Billion Cubic Meter,2.161403665
1 December 2020,Australia,Billion Cubic Meter,2.188042723
1 January 2021,Australia,Billion Cubic Meter,2.336015066
1 February 2021,Australia,Billion Cubic Meter,2.115490715
1 March 2021,Australia,Billion Cubic Meter,2.10944679
1 April 2021,Australia,Billion Cubic Meter,2.264797322
1 May 2021,Australia,Billion Cubic Meter,2.660107859
1 June 2021,Australia,Billion Cubic Meter,2.545516114
1 July 2021,Australia,Billion Cubic Meter,2.593702738
1 August 2021,Australia,Billion Cubic Meter,2.829283864
1 September 2021,Australia,Billion Cubic Meter,2.449283816
1 October 2021,Australia,Billion Cubic Meter,2.392159697
1 November 2021,Australia,Billion Cubic Meter,2.207677459
1 December 2021,Australia,Billion Cubic Meter,2.270481719
1 January 2022,Australia,Billion Cubic Meter,2.330424791
1 February 2022,Australia,Billion Cubic Meter,2.12785089
1 March 2022,Australia,Billion Cubic Meter,2.364731335
1 April 2022,Australia,Billion Cubic Meter,2.389299974
1 May 2022,Australia,Billion Cubic Meter,2.560314764
1 June 2022,Australia,Billion Cubic Meter,2.355441702
1 July 2022,Australia,Billion Cubic Meter,2.545378036
1 August 2022,Australia,Billion Cubic Meter,2.974047147
1 September 2022,Australia,Billion Cubic Meter,2.50085411
1 October 2022,Australia,Billion Cubic Meter,2.169999058
1 November 2022,Australia,Billion Cubic Meter,1.974743874
1 December 2022,Australia,Billion Cubic Meter,1.89295411
1 January 2023,Australia,Billion Cubic Meter,1.836549058
1 February 2023,Australia,Billion Cubic Meter,1.789148508
1 March 2023,Australia,Billion Cubic Meter,2.04490466
1 April 2023,Australia,Billion Cubic Meter,2.43194911
1 May 2023,Australia,Billion Cubic Meter,2.860493691
1 June 2023,Australia,Billion Cubic Meter,3.018180157
1 July 2023,Australia,Billion Cubic Meter,3.125163665
1 August 2023,Australia,Billion Cubic Meter,2.942777513
1 September 2023,Australia,Billion Cubic Meter,2.656099398
1 October 2023,Australia,Billion Cubic Meter,2.456920392
1 November 2023,Australia,Billion Cubic Meter,2.446744634
1 December 2023,Australia,Billion Cubic Meter,2.467109292
1 January 2024,Australia,Billion Cubic Meter,2.438181964
1 February 2024,Australia,Billion Cubic Meter,2.303635392
1 March 2024,Australia,Billion Cubic Meter,2.419872251
1 April 2024,Australia,Billion Cubic Meter,2.586043036
1 May 2024,Australia,Billion Cubic Meter,2.944210916
1 June 2024,Australia,Billion Cubic Meter,3.356783796
1 July 2024,Australia,Billion Cubic Meter,3.449863114
1 August 2024,Australia,Billion Cubic Meter,3.075923246
1 September 2024,Australia,Billion Cubic Meter,2.583390969
1 October 2024,Australia,Billion Cubic Meter,2.509173874
1 November 2024,Australia,Billion Cubic Meter,2.540620444
1 December 2024,Australia,Billion Cubic Meter,2.570363246
1 January 2025,Australia,Billion Cubic Meter,2.543082016
1 February 2025,Australia,Billion Cubic Meter,2.327729188
1 March 2025,Australia,Billion Cubic Meter,2.506049005
1 April 2025,Australia,Billion Cubic Meter,2.585482894
1 May 2025,Australia,Billion Cubic Meter,2.699000105
1 June 2025,Australia,Billion Cubic Meter,3.168458194
1 July 2025,Australia,Billion Cubic Meter,3.23886712
1 August 2025,Australia,Billion Cubic Meter,3.221292251
1 September 2025,Australia,Billion Cubic Meter,2.798167382
