Country,Year of Date,Month of Date,adjusted_unit,adjusted_unit_value
Vietnam,2025,January,Billion Cubic Meter,0.567
Thailand,2025,January,Billion Cubic Meter,3.64823
Taiwan,2025,January,Billion Cubic Meter,2.331
South Korea,2025,January,Billion Cubic Meter,7.44135288
Singapore,2025,January,Billion Cubic Meter,1.147689783
Philippines,2025,January,Billion Cubic Meter,0.426856637
Pakistan,2025,January,Billion Cubic Meter,2.81
New Zealand,2025,January,Billion Cubic Meter,0.21725656
Malaysia,2025,January,Billion Cubic Meter,3.982402726
Japan,2025,January,Billion Cubic Meter,9.47566752
Indonesia,2025,January,Billion Cubic Meter,3.514897258
India,2025,January,Billion Cubic Meter,6.101828526
China,2025,January,Billion Cubic Meter,36.423139259
Bangladesh,2025,January,Billion Cubic Meter,2.23
Australia,2025,January,Billion Cubic Meter,2.543082016
Vietnam,2025,February,Billion Cubic Meter,0.5355
Thailand,2025,February,Billion Cubic Meter,3.60122
Taiwan,2025,February,Billion Cubic Meter,2.219
South Korea,2025,February,Billion Cubic Meter,7.091142
Singapore,2025,February,Billion Cubic Meter,1.191119807
Philippines,2025,February,Billion Cubic Meter,0.417
Pakistan,2025,February,Billion Cubic Meter,1.953079419
New Zealand,2025,February,Billion Cubic Meter,0.205060122
Malaysia,2025,February,Billion Cubic Meter,3.264975237
Japan,2025,February,Billion Cubic Meter,8.66333864
Indonesia,2025,February,Billion Cubic Meter,3.139780778
India,2025,February,Billion Cubic Meter,5.788776856
China,2025,February,Billion Cubic Meter,34.659402119
Bangladesh,2025,February,Billion Cubic Meter,1.72
Australia,2025,February,Billion Cubic Meter,2.327729188
Vietnam,2025,March,Billion Cubic Meter,0.5229
Thailand,2025,March,Billion Cubic Meter,4.08011
Taiwan,2025,March,Billion Cubic Meter,2.416
South Korea,2025,March,Billion Cubic Meter,5.79101328
Singapore,2025,March,Billion Cubic Meter,1.079912629
Philippines,2025,March,Billion Cubic Meter,0.511
Pakistan,2025,March,Billion Cubic Meter,2.41630043
New Zealand,2025,March,Billion Cubic Meter,0.225257521
Malaysia,2025,March,Billion Cubic Meter,3.690127978
Japan,2025,March,Billion Cubic Meter,7.878012801
Indonesia,2025,March,Billion Cubic Meter,3.581658232
India,2025,March,Billion Cubic Meter,6.10340902
China,2025,March,Billion Cubic Meter,34.935262169
Bangladesh,2025,March,Billion Cubic Meter,2.292977132
Australia,2025,March,Billion Cubic Meter,2.506049005
Vietnam,2025,April,Billion Cubic Meter,0.5103
Thailand,2025,April,Billion Cubic Meter,4.05469
Taiwan,2025,April,Billion Cubic Meter,2.348
South Korea,2025,April,Billion Cubic Meter,5.06347448
Singapore,2025,April,Billion Cubic Meter,1.21604552
Philippines,2025,April,Billion Cubic Meter,0.509
Pakistan,2025,April,Billion Cubic Meter,3.064883277
New Zealand,2025,April,Billion Cubic Meter,0.221282053
Malaysia,2025,April,Billion Cubic Meter,2.855551743
Japan,2025,April,Billion Cubic Meter,7.17216768
Indonesia,2025,April,Billion Cubic Meter,3.275784305
India,2025,April,Billion Cubic Meter,5.534218517
China,2025,April,Billion Cubic Meter,34.356929747
Bangladesh,2025,April,Billion Cubic Meter,2.190401
Australia,2025,April,Billion Cubic Meter,2.585482894
Vietnam,2025,May,Billion Cubic Meter,0.4914
Thailand,2025,May,Billion Cubic Meter,4.12401
Taiwan,2025,May,Billion Cubic Meter,2.542527929
South Korea,2025,May,Billion Cubic Meter,4.35723192
Singapore,2025,May,Billion Cubic Meter,0.994495517
Philippines,2025,May,Billion Cubic Meter,1.052
Pakistan,2025,May,Billion Cubic Meter,3.763176397
New Zealand,2025,May,Billion Cubic Meter,0.216933091
Malaysia,2025,May,Billion Cubic Meter,3.209990485
Japan,2025,May,Billion Cubic Meter,5.92952552
Indonesia,2025,May,Billion Cubic Meter,3.411015966
India,2025,May,Billion Cubic Meter,6.47172052
China,2025,May,Billion Cubic Meter,35.824232566
Bangladesh,2025,May,Billion Cubic Meter,2.32410018
Australia,2025,May,Billion Cubic Meter,2.699000105
Vietnam,2025,June,Billion Cubic Meter,0.4788
Thailand,2025,June,Billion Cubic Meter,3.81004
Taiwan,2025,June,Billion Cubic Meter,2.69
South Korea,2025,June,Billion Cubic Meter,3.9873568
Singapore,2025,June,Billion Cubic Meter,1.378712749
Philippines,2025,June,Billion Cubic Meter,0.553
Pakistan,2025,June,Billion Cubic Meter,3.542372402
New Zealand,2025,June,Billion Cubic Meter,0.203400258
Malaysia,2025,June,Billion Cubic Meter,3.433279381
Japan,2025,June,Billion Cubic Meter,6.5047604
Indonesia,2025,June,Billion Cubic Meter,3.226801887
India,2025,June,Billion Cubic Meter,5.939923774
China,2025,June,Billion Cubic Meter,35.469001473
Bangladesh,2025,June,Billion Cubic Meter,2.249089892
Australia,2025,June,Billion Cubic Meter,3.168458194
Vietnam,2025,July,Billion Cubic Meter,0.4725
Thailand,2025,July,Billion Cubic Meter,3.83432
Taiwan,2025,July,Billion Cubic Meter,3.201
South Korea,2025,July,Billion Cubic Meter,4.39523712
Singapore,2025,July,Billion Cubic Meter,1.306170644
Philippines,2025,July,Billion Cubic Meter,0.566
Pakistan,2025,July,Billion Cubic Meter,3.442695142
New Zealand,2025,July,Billion Cubic Meter,0.216557794
Malaysia,2025,July,Billion Cubic Meter,3.524960354
Japan,2025,July,Billion Cubic Meter,7.85796088
Indonesia,2025,July,Billion Cubic Meter,3.494544814
India,2025,July,Billion Cubic Meter,6.23197584
China,2025,July,Billion Cubic Meter,36.019261063
Bangladesh,2025,July,Billion Cubic Meter,2.11999141
Australia,2025,July,Billion Cubic Meter,3.23886712
Vietnam,2025,August,Billion Cubic Meter,0.4851
Thailand,2025,August,Billion Cubic Meter,3.874416415
Taiwan,2025,August,Billion Cubic Meter,2.707455029
South Korea,2025,August,Billion Cubic Meter,4.689854857
Singapore,2025,August,Billion Cubic Meter,1.216599726
Philippines,2025,August,Billion Cubic Meter,0.551
Pakistan,2025,August,Billion Cubic Meter,2.938673192
New Zealand,2025,August,Billion Cubic Meter,0.209511733
Malaysia,2025,August,Billion Cubic Meter,3.271931237
Japan,2025,August,Billion Cubic Meter,7.731610781
Indonesia,2025,August,Billion Cubic Meter,3.487577393
India,2025,August,Billion Cubic Meter,5.995466174
China,2025,August,Billion Cubic Meter,36.217769494
Bangladesh,2025,August,Billion Cubic Meter,2.216473945
Australia,2025,August,Billion Cubic Meter,3.221292251
Vietnam,2025,September,Billion Cubic Meter,0.5229
Thailand,2025,September,Billion Cubic Meter,3.604363662
Taiwan,2025,September,Billion Cubic Meter,2.577638989
South Korea,2025,September,Billion Cubic Meter,4.178993742
Singapore,2025,September,Billion Cubic Meter,1.215597055
Philippines,2025,September,Billion Cubic Meter,0.415
Pakistan,2025,September,Billion Cubic Meter,2.679667772
New Zealand,2025,September,Billion Cubic Meter,0.208601151
Malaysia,2025,September,Billion Cubic Meter,3.539885974
Japan,2025,September,Billion Cubic Meter,7.230077837
Indonesia,2025,September,Billion Cubic Meter,3.516250431
India,2025,September,Billion Cubic Meter,5.758060658
China,2025,September,Billion Cubic Meter,36.065616747
Bangladesh,2025,September,Billion Cubic Meter,2.131590598
Australia,2025,September,Billion Cubic Meter,2.798167382
Vietnam,2024,January,Billion Cubic Meter,0.6228
Thailand,2024,January,Billion Cubic Meter,3.71231
Taiwan,2024,January,Billion Cubic Meter,2.365
South Korea,2024,January,Billion Cubic Meter,7.39615056
Singapore,2024,January,Billion Cubic Meter,0.79016
Philippines,2024,January,Billion Cubic Meter,0.307
Pakistan,2024,January,Billion Cubic Meter,2.40534862
New Zealand,2024,January,Billion Cubic Meter,0.291337547
Malaysia,2024,January,Billion Cubic Meter,3.734964222
Japan,2024,January,Billion Cubic Meter,9.815875999
Indonesia,2024,January,Billion Cubic Meter,3.235
India,2024,January,Billion Cubic Meter,5.904906289
China,2024,January,Billion Cubic Meter,33.819881621
Bangladesh,2024,January,Billion Cubic Meter,1.970418629
Australia,2024,January,Billion Cubic Meter,2.438181964
Vietnam,2024,February,Billion Cubic Meter,0.5882
Thailand,2024,February,Billion Cubic Meter,3.70931
Taiwan,2024,February,Billion Cubic Meter,1.953
South Korea,2024,February,Billion Cubic Meter,6.05239168
Singapore,2024,February,Billion Cubic Meter,1.20496
Philippines,2024,February,Billion Cubic Meter,0.183
Pakistan,2024,February,Billion Cubic Meter,2.109954301
New Zealand,2024,February,Billion Cubic Meter,0.257881126
Malaysia,2024,February,Billion Cubic Meter,3.078416204
Japan,2024,February,Billion Cubic Meter,8.99977256
Indonesia,2024,February,Billion Cubic Meter,3.106
India,2024,February,Billion Cubic Meter,5.754983475
China,2024,February,Billion Cubic Meter,29.957864926
Bangladesh,2024,February,Billion Cubic Meter,2.12302638
Australia,2024,February,Billion Cubic Meter,2.303635392
Vietnam,2024,March,Billion Cubic Meter,0.57436
Thailand,2024,March,Billion Cubic Meter,4.29869
Taiwan,2024,March,Billion Cubic Meter,2.183
South Korea,2024,March,Billion Cubic Meter,6.09139104
Singapore,2024,March,Billion Cubic Meter,1.1288
Philippines,2024,March,Billion Cubic Meter,0.192
Pakistan,2024,March,Billion Cubic Meter,2.314572933
New Zealand,2024,March,Billion Cubic Meter,0.247773809
Malaysia,2024,March,Billion Cubic Meter,3.705523051
Japan,2024,March,Billion Cubic Meter,8.74377672
Indonesia,2024,March,Billion Cubic Meter,3.874
India,2024,March,Billion Cubic Meter,6.125426001
China,2024,March,Billion Cubic Meter,36.127450887
Bangladesh,2024,March,Billion Cubic Meter,2.267059229
Australia,2024,March,Billion Cubic Meter,2.419872251
Vietnam,2024,April,Billion Cubic Meter,0.56052
Thailand,2024,April,Billion Cubic Meter,4.29934
Taiwan,2024,April,Billion Cubic Meter,2.255
South Korea,2024,April,Billion Cubic Meter,4.4785004
Singapore,2024,April,Billion Cubic Meter,1.3192
Philippines,2024,April,Billion Cubic Meter,0.322
Pakistan,2024,April,Billion Cubic Meter,2.954558268
New Zealand,2024,April,Billion Cubic Meter,0.248054606
Malaysia,2024,April,Billion Cubic Meter,3.814035419
Japan,2024,April,Billion Cubic Meter,6.46877952
Indonesia,2024,April,Billion Cubic Meter,3.474
India,2024,April,Billion Cubic Meter,5.406917102
China,2024,April,Billion Cubic Meter,33.772349456
Bangladesh,2024,April,Billion Cubic Meter,2.2595569
Australia,2024,April,Billion Cubic Meter,2.586043036
Vietnam,2024,May,Billion Cubic Meter,0.53976
Thailand,2024,May,Billion Cubic Meter,4.43476
Taiwan,2024,May,Billion Cubic Meter,2.288
South Korea,2024,May,Billion Cubic Meter,4.38545736
Singapore,2024,May,Billion Cubic Meter,1.22264
Philippines,2024,May,Billion Cubic Meter,0.482
Pakistan,2024,May,Billion Cubic Meter,3.638791383
New Zealand,2024,May,Billion Cubic Meter,0.269059697
Malaysia,2024,May,Billion Cubic Meter,3.016941741
Japan,2024,May,Billion Cubic Meter,6.4711104
Indonesia,2024,May,Billion Cubic Meter,3.408
India,2024,May,Billion Cubic Meter,6.574890841
China,2024,May,Billion Cubic Meter,35.609488941
Bangladesh,2024,May,Billion Cubic Meter,2.52309782
Australia,2024,May,Billion Cubic Meter,2.944210916
Vietnam,2024,June,Billion Cubic Meter,0.52592
Thailand,2024,June,Billion Cubic Meter,4.16513
Taiwan,2024,June,Billion Cubic Meter,2.422
South Korea,2024,June,Billion Cubic Meter,4.34281864
Singapore,2024,June,Billion Cubic Meter,1.20632
Philippines,2024,June,Billion Cubic Meter,0.431
Pakistan,2024,June,Billion Cubic Meter,3.398611237
New Zealand,2024,June,Billion Cubic Meter,0.25721997
Malaysia,2024,June,Billion Cubic Meter,3.548229335
Japan,2024,June,Billion Cubic Meter,6.295523921
Indonesia,2024,June,Billion Cubic Meter,3.09
India,2024,June,Billion Cubic Meter,6.405723787
China,2024,June,Billion Cubic Meter,34.328382924
Bangladesh,2024,June,Billion Cubic Meter,2.135370839
Australia,2024,June,Billion Cubic Meter,3.356783796
Vietnam,2024,July,Billion Cubic Meter,0.519
Thailand,2024,July,Billion Cubic Meter,3.89314
Taiwan,2024,July,Billion Cubic Meter,2.618530015
South Korea,2024,July,Billion Cubic Meter,4.758096
Singapore,2024,July,Billion Cubic Meter,3.05184
Philippines,2024,July,Billion Cubic Meter,0.446
Pakistan,2024,July,Billion Cubic Meter,3.914830599
New Zealand,2024,July,Billion Cubic Meter,0.260505334
Malaysia,2024,July,Billion Cubic Meter,3.239581288
Japan,2024,July,Billion Cubic Meter,8.5270636
Indonesia,2024,July,Billion Cubic Meter,3.604
India,2024,July,Billion Cubic Meter,6.718604457
China,2024,July,Billion Cubic Meter,34.710159101
Bangladesh,2024,July,Billion Cubic Meter,2.04539099
Australia,2024,July,Billion Cubic Meter,3.449863114
Vietnam,2024,August,Billion Cubic Meter,0.53284
Thailand,2024,August,Billion Cubic Meter,4.13367
Taiwan,2024,August,Billion Cubic Meter,2.653
South Korea,2024,August,Billion Cubic Meter,5.033904
Singapore,2024,August,Billion Cubic Meter,1.14376
Philippines,2024,August,Billion Cubic Meter,0.412
Pakistan,2024,August,Billion Cubic Meter,2.882841467
New Zealand,2024,August,Billion Cubic Meter,0.259354645
Malaysia,2024,August,Billion Cubic Meter,3.582262197
Japan,2024,August,Billion Cubic Meter,8.2920452
Indonesia,2024,August,Billion Cubic Meter,3.875
India,2024,August,Billion Cubic Meter,6.054851699
China,2024,August,Billion Cubic Meter,35.937397426
Bangladesh,2024,August,Billion Cubic Meter,2.216874839
Australia,2024,August,Billion Cubic Meter,3.075923246
Vietnam,2024,September,Billion Cubic Meter,0.57436
Thailand,2024,September,Billion Cubic Meter,3.73697
Taiwan,2024,September,Billion Cubic Meter,2.523
South Korea,2024,September,Billion Cubic Meter,4.27055232
Singapore,2024,September,Billion Cubic Meter,0.61336
Philippines,2024,September,Billion Cubic Meter,0.383
Pakistan,2024,September,Billion Cubic Meter,2.855917714
New Zealand,2024,September,Billion Cubic Meter,0.234028202
Malaysia,2024,September,Billion Cubic Meter,3.56909645
Japan,2024,September,Billion Cubic Meter,7.502925119
Indonesia,2024,September,Billion Cubic Meter,3.835
India,2024,September,Billion Cubic Meter,5.867654617
China,2024,September,Billion Cubic Meter,35.503052259
Bangladesh,2024,September,Billion Cubic Meter,2.13905833
Australia,2024,September,Billion Cubic Meter,2.583390969
Vietnam,2024,October,Billion Cubic Meter,0.59512
Thailand,2024,October,Billion Cubic Meter,3.90982
Taiwan,2024,October,Billion Cubic Meter,2.479
South Korea,2024,October,Billion Cubic Meter,4.23019432
Singapore,2024,October,Billion Cubic Meter,1.19816
Philippines,2024,October,Billion Cubic Meter,0.361
Pakistan,2024,October,Billion Cubic Meter,2.668375948
New Zealand,2024,October,Billion Cubic Meter,0.227686587
Malaysia,2024,October,Billion Cubic Meter,3.682139649
Japan,2024,October,Billion Cubic Meter,7.10042736
Indonesia,2024,October,Billion Cubic Meter,3.332
India,2024,October,Billion Cubic Meter,6.699475908
China,2024,October,Billion Cubic Meter,35.005738783
Bangladesh,2024,October,Billion Cubic Meter,2.3765774
Australia,2024,October,Billion Cubic Meter,2.509173874
Vietnam,2024,November,Billion Cubic Meter,0.62972
Thailand,2024,November,Billion Cubic Meter,3.80408
Taiwan,2024,November,Billion Cubic Meter,2.396
South Korea,2024,November,Billion Cubic Meter,5.15490592
Singapore,2024,November,Billion Cubic Meter,1.15736
Philippines,2024,November,Billion Cubic Meter,0.384
Pakistan,2024,November,Billion Cubic Meter,1.664701092
New Zealand,2024,November,Billion Cubic Meter,0.228025198
Malaysia,2024,November,Billion Cubic Meter,3.438223737
Japan,2024,November,Billion Cubic Meter,6.9807484
Indonesia,2024,November,Billion Cubic Meter,3.313999999
India,2024,November,Billion Cubic Meter,5.958086678
China,2024,November,Billion Cubic Meter,35.147299265
Bangladesh,2024,November,Billion Cubic Meter,2.34509082
Australia,2024,November,Billion Cubic Meter,2.540620444
Vietnam,2024,December,Billion Cubic Meter,0.6574
Thailand,2024,December,Billion Cubic Meter,3.53499
Taiwan,2024,December,Billion Cubic Meter,2.381
South Korea,2024,December,Billion Cubic Meter,7.09230616
Singapore,2024,December,Billion Cubic Meter,1.32736
Philippines,2024,December,Billion Cubic Meter,0.38
Pakistan,2024,December,Billion Cubic Meter,2.428703608
New Zealand,2024,December,Billion Cubic Meter,0.200798137
Malaysia,2024,December,Billion Cubic Meter,3.39957642
Japan,2024,December,Billion Cubic Meter,9.07554288
Indonesia,2024,December,Billion Cubic Meter,3.019
India,2024,December,Billion Cubic Meter,5.854452414
China,2024,December,Billion Cubic Meter,37.113145008
Bangladesh,2024,December,Billion Cubic Meter,2.365149861
Australia,2024,December,Billion Cubic Meter,2.570363246
Vietnam,2023,January,Billion Cubic Meter,0.648
Thailand,2023,January,Billion Cubic Meter,3.1505
Taiwan,2023,January,Billion Cubic Meter,1.995
South Korea,2023,January,Billion Cubic Meter,7.236016
Singapore,2023,January,Billion Cubic Meter,0.5372
Philippines,2023,January,Billion Cubic Meter,0.241
Pakistan,2023,January,Billion Cubic Meter,2.21827158
New Zealand,2023,January,Billion Cubic Meter,0.313928978
Malaysia,2023,January,Billion Cubic Meter,3.079618639
Japan,2023,January,Billion Cubic Meter,10.0773292
Indonesia,2023,January,Billion Cubic Meter,3.355
India,2023,January,Billion Cubic Meter,4.822616096
China,2023,January,Billion Cubic Meter,28.767082916
Bangladesh,2023,January,Billion Cubic Meter,2.223799849
Australia,2023,January,Billion Cubic Meter,1.836549058
Vietnam,2023,February,Billion Cubic Meter,0.612
Thailand,2023,February,Billion Cubic Meter,3.27536
Taiwan,2023,February,Billion Cubic Meter,2.082
South Korea,2023,February,Billion Cubic Meter,5.951496
Singapore,2023,February,Billion Cubic Meter,1.12336
Philippines,2023,February,Billion Cubic Meter,0.074
Pakistan,2023,February,Billion Cubic Meter,2.109064798
New Zealand,2023,February,Billion Cubic Meter,0.298819575
Malaysia,2023,February,Billion Cubic Meter,2.894607209
Japan,2023,February,Billion Cubic Meter,8.93208504
Indonesia,2023,February,Billion Cubic Meter,3.037
India,2023,February,Billion Cubic Meter,4.429607167
China,2023,February,Billion Cubic Meter,27.698608061
Bangladesh,2023,February,Billion Cubic Meter,1.86452852
Australia,2023,February,Billion Cubic Meter,1.789148508
Vietnam,2023,March,Billion Cubic Meter,0.5976
Thailand,2023,March,Billion Cubic Meter,3.88084
Taiwan,2023,March,Billion Cubic Meter,2.276
South Korea,2023,March,Billion Cubic Meter,5.359216
Singapore,2023,March,Billion Cubic Meter,0.88672
Philippines,2023,March,Billion Cubic Meter,0.214
Pakistan,2023,March,Billion Cubic Meter,2.637830946
New Zealand,2023,March,Billion Cubic Meter,0.331244536
Malaysia,2023,March,Billion Cubic Meter,3.149860006
Japan,2023,March,Billion Cubic Meter,8.0182828
Indonesia,2023,March,Billion Cubic Meter,3.343000001
India,2023,March,Billion Cubic Meter,5.43884903
China,2023,March,Billion Cubic Meter,32.290272203
Bangladesh,2023,March,Billion Cubic Meter,2.424050649
Australia,2023,March,Billion Cubic Meter,2.04490466
Vietnam,2023,April,Billion Cubic Meter,0.5832
Thailand,2023,April,Billion Cubic Meter,3.99097
Taiwan,2023,April,Billion Cubic Meter,2.121
South Korea,2023,April,Billion Cubic Meter,4.315185616
Singapore,2023,April,Billion Cubic Meter,1.16824
Philippines,2023,April,Billion Cubic Meter,0.238
Pakistan,2023,April,Billion Cubic Meter,3.290612238
New Zealand,2023,April,Billion Cubic Meter,0.327169052
Malaysia,2023,April,Billion Cubic Meter,3.010031698
Japan,2023,April,Billion Cubic Meter,6.58243244
Indonesia,2023,April,Billion Cubic Meter,2.807
India,2023,April,Billion Cubic Meter,5.185118522
China,2023,April,Billion Cubic Meter,31.101120066
Bangladesh,2023,April,Billion Cubic Meter,2.268111989
Australia,2023,April,Billion Cubic Meter,2.43194911
Vietnam,2023,May,Billion Cubic Meter,0.5616
Thailand,2023,May,Billion Cubic Meter,4.36717
Taiwan,2023,May,Billion Cubic Meter,2.226
South Korea,2023,May,Billion Cubic Meter,4.0935694
Singapore,2023,May,Billion Cubic Meter,1.1628
Philippines,2023,May,Billion Cubic Meter,0.26
Pakistan,2023,May,Billion Cubic Meter,3.88517722
New Zealand,2023,May,Billion Cubic Meter,0.322688073
Malaysia,2023,May,Billion Cubic Meter,3.121850824
Japan,2023,May,Billion Cubic Meter,6.282326341
Indonesia,2023,May,Billion Cubic Meter,3.133
India,2023,May,Billion Cubic Meter,5.6920191
China,2023,May,Billion Cubic Meter,33.359146091
Bangladesh,2023,May,Billion Cubic Meter,2.3751058
Australia,2023,May,Billion Cubic Meter,2.860493691
Vietnam,2023,June,Billion Cubic Meter,0.5472
Thailand,2023,June,Billion Cubic Meter,4.06319
Taiwan,2023,June,Billion Cubic Meter,2.189
South Korea,2023,June,Billion Cubic Meter,3.914896
Singapore,2023,June,Billion Cubic Meter,1.26208
Philippines,2023,June,Billion Cubic Meter,0.273
Pakistan,2023,June,Billion Cubic Meter,3.388773637
New Zealand,2023,June,Billion Cubic Meter,0.301591024
Malaysia,2023,June,Billion Cubic Meter,3.323736545
Japan,2023,June,Billion Cubic Meter,7.040118279
Indonesia,2023,June,Billion Cubic Meter,3.254
India,2023,June,Billion Cubic Meter,5.223532947
China,2023,June,Billion Cubic Meter,32.25948208
Bangladesh,2023,June,Billion Cubic Meter,2.43476503
Australia,2023,June,Billion Cubic Meter,3.018180157
Vietnam,2023,July,Billion Cubic Meter,0.54
Thailand,2023,July,Billion Cubic Meter,4.15122
Taiwan,2023,July,Billion Cubic Meter,2.37
South Korea,2023,July,Billion Cubic Meter,4.307256
Singapore,2023,July,Billion Cubic Meter,1.1016
Philippines,2023,July,Billion Cubic Meter,0.294
Pakistan,2023,July,Billion Cubic Meter,3.691654991
New Zealand,2023,July,Billion Cubic Meter,0.318068968
Malaysia,2023,July,Billion Cubic Meter,3.581683766
Japan,2023,July,Billion Cubic Meter,7.81879308
Indonesia,2023,July,Billion Cubic Meter,3.129
India,2023,July,Billion Cubic Meter,5.418027538
China,2023,July,Billion Cubic Meter,32.368536853
Bangladesh,2023,July,Billion Cubic Meter,2.412108049
Australia,2023,July,Billion Cubic Meter,3.125163665
Vietnam,2023,August,Billion Cubic Meter,0.5544
Thailand,2023,August,Billion Cubic Meter,4.0371
Taiwan,2023,August,Billion Cubic Meter,2.375
South Korea,2023,August,Billion Cubic Meter,4.338201304
Singapore,2023,August,Billion Cubic Meter,1.24304
Philippines,2023,August,Billion Cubic Meter,0.292
Pakistan,2023,August,Billion Cubic Meter,3.607172605
New Zealand,2023,August,Billion Cubic Meter,0.327143153
Malaysia,2023,August,Billion Cubic Meter,2.719518636
Japan,2023,August,Billion Cubic Meter,8.4580796
Indonesia,2023,August,Billion Cubic Meter,3.264
India,2023,August,Billion Cubic Meter,5.840909351
China,2023,August,Billion Cubic Meter,32.764144598
Bangladesh,2023,August,Billion Cubic Meter,2.34800289
Australia,2023,August,Billion Cubic Meter,2.942777513
Vietnam,2023,September,Billion Cubic Meter,0.5976
Thailand,2023,September,Billion Cubic Meter,3.70299
Taiwan,2023,September,Billion Cubic Meter,2.229
South Korea,2023,September,Billion Cubic Meter,4.03784
Singapore,2023,September,Billion Cubic Meter,1.17912
Philippines,2023,September,Billion Cubic Meter,0.284
Pakistan,2023,September,Billion Cubic Meter,2.85813193
New Zealand,2023,September,Billion Cubic Meter,0.310112877
Malaysia,2023,September,Billion Cubic Meter,3.111632581
Japan,2023,September,Billion Cubic Meter,7.861731444
Indonesia,2023,September,Billion Cubic Meter,3.236
India,2023,September,Billion Cubic Meter,5.560000498
China,2023,September,Billion Cubic Meter,31.575022497
Bangladesh,2023,September,Billion Cubic Meter,2.325464771
Australia,2023,September,Billion Cubic Meter,2.656099398
Vietnam,2023,October,Billion Cubic Meter,0.6192
Thailand,2023,October,Billion Cubic Meter,3.75181
Taiwan,2023,October,Billion Cubic Meter,2.23888023
South Korea,2023,October,Billion Cubic Meter,4.065448
Singapore,2023,October,Billion Cubic Meter,1.06352
Philippines,2023,October,Billion Cubic Meter,0.303
Pakistan,2023,October,Billion Cubic Meter,2.410580531
New Zealand,2023,October,Billion Cubic Meter,0.290730233
Malaysia,2023,October,Billion Cubic Meter,3.686622293
Japan,2023,October,Billion Cubic Meter,6.33817544
Indonesia,2023,October,Billion Cubic Meter,3.52
India,2023,October,Billion Cubic Meter,5.764151214
China,2023,October,Billion Cubic Meter,30.817902226
Bangladesh,2023,October,Billion Cubic Meter,2.17736238
Australia,2023,October,Billion Cubic Meter,2.456920392
Vietnam,2023,November,Billion Cubic Meter,0.6552
Thailand,2023,November,Billion Cubic Meter,3.62994
Taiwan,2023,November,Billion Cubic Meter,2.170255678
South Korea,2023,November,Billion Cubic Meter,5.302504
Singapore,2023,November,Billion Cubic Meter,1.17232
Philippines,2023,November,Billion Cubic Meter,0.337
Pakistan,2023,November,Billion Cubic Meter,1.361760111
New Zealand,2023,November,Billion Cubic Meter,0.259640801
Malaysia,2023,November,Billion Cubic Meter,3.424158465
Japan,2023,November,Billion Cubic Meter,7.44230228
Indonesia,2023,November,Billion Cubic Meter,2.939999999
India,2023,November,Billion Cubic Meter,5.407662431
China,2023,November,Billion Cubic Meter,34.55192847
Bangladesh,2023,November,Billion Cubic Meter,2.115147661
Australia,2023,November,Billion Cubic Meter,2.446744634
Vietnam,2023,December,Billion Cubic Meter,0.684
Thailand,2023,December,Billion Cubic Meter,3.58151
Taiwan,2023,December,Billion Cubic Meter,2.314
South Korea,2023,December,Billion Cubic Meter,6.820825136
Singapore,2023,December,Billion Cubic Meter,1.088
Philippines,2023,December,Billion Cubic Meter,0.306
Pakistan,2023,December,Billion Cubic Meter,2.214482142
New Zealand,2023,December,Billion Cubic Meter,0.29198558
Malaysia,2023,December,Billion Cubic Meter,3.184003577
Japan,2023,December,Billion Cubic Meter,8.81719268
Indonesia,2023,December,Billion Cubic Meter,2.818999999
India,2023,December,Billion Cubic Meter,5.635396826
China,2023,December,Billion Cubic Meter,37.754639626
Bangladesh,2023,December,Billion Cubic Meter,2.16530941
Australia,2023,December,Billion Cubic Meter,2.467109292
Vietnam,2022,January,Billion Cubic Meter,0.702
Thailand,2022,January,Billion Cubic Meter,3.54816
Taiwan,2022,January,Billion Cubic Meter,2.246
South Korea,2022,January,Billion Cubic Meter,7.4358
Singapore,2022,January,Billion Cubic Meter,1.326
Philippines,2022,January,Billion Cubic Meter,0.302
Pakistan,2022,January,Billion Cubic Meter,1.836509208
New Zealand,2022,January,Billion Cubic Meter,0.332558159
Malaysia,2022,January,Billion Cubic Meter,3.299684581
Japan,2022,January,Billion Cubic Meter,11.13039504
Indonesia,2022,January,Billion Cubic Meter,3.224
India,2022,January,Billion Cubic Meter,4.867070671
China,2022,January,Billion Cubic Meter,31.098854288
Bangladesh,2022,January,Billion Cubic Meter,2.188399379
Australia,2022,January,Billion Cubic Meter,2.330424791
Vietnam,2022,February,Billion Cubic Meter,0.663
Thailand,2022,February,Billion Cubic Meter,3.46168
Taiwan,2022,February,Billion Cubic Meter,1.87
South Korea,2022,February,Billion Cubic Meter,6.55044
Singapore,2022,February,Billion Cubic Meter,0.74392
Philippines,2022,February,Billion Cubic Meter,0.264
Pakistan,2022,February,Billion Cubic Meter,2.083229313
New Zealand,2022,February,Billion Cubic Meter,0.308974399
Malaysia,2022,February,Billion Cubic Meter,2.919
Japan,2022,February,Billion Cubic Meter,10.61651416
Indonesia,2022,February,Billion Cubic Meter,2.661000001
India,2022,February,Billion Cubic Meter,4.54485898
China,2022,February,Billion Cubic Meter,31.292
Bangladesh,2022,February,Billion Cubic Meter,2.049103949
Australia,2022,February,Billion Cubic Meter,2.12785089
Vietnam,2022,March,Billion Cubic Meter,0.6474
Thailand,2022,March,Billion Cubic Meter,4.17843
Taiwan,2022,March,Billion Cubic Meter,2.351
South Korea,2022,March,Billion Cubic Meter,6.268104
Singapore,2022,March,Billion Cubic Meter,1.04856
Philippines,2022,March,Billion Cubic Meter,0.306
Pakistan,2022,March,Billion Cubic Meter,2.874011134
New Zealand,2022,March,Billion Cubic Meter,0.339276872
Malaysia,2022,March,Billion Cubic Meter,2.878484755
Japan,2022,March,Billion Cubic Meter,8.903114601
Indonesia,2022,March,Billion Cubic Meter,2.868
India,2022,March,Billion Cubic Meter,5.450087511
China,2022,March,Billion Cubic Meter,30.483432639
Bangladesh,2022,March,Billion Cubic Meter,2.512533429
Australia,2022,March,Billion Cubic Meter,2.364731335
Vietnam,2022,April,Billion Cubic Meter,0.6318
Thailand,2022,April,Billion Cubic Meter,3.6758
Taiwan,2022,April,Billion Cubic Meter,2.075
South Korea,2022,April,Billion Cubic Meter,4.607136
Singapore,2022,April,Billion Cubic Meter,1.521839999
Philippines,2022,April,Billion Cubic Meter,0.269
Pakistan,2022,April,Billion Cubic Meter,3.685185143
New Zealand,2022,April,Billion Cubic Meter,0.326139818
Malaysia,2022,April,Billion Cubic Meter,3.232840323
Japan,2022,April,Billion Cubic Meter,7.3557194
Indonesia,2022,April,Billion Cubic Meter,2.911
India,2022,April,Billion Cubic Meter,4.825956731
China,2022,April,Billion Cubic Meter,28.663311786
Bangladesh,2022,April,Billion Cubic Meter,2.351945079
Australia,2022,April,Billion Cubic Meter,2.389299974
Vietnam,2022,May,Billion Cubic Meter,0.6084
Thailand,2022,May,Billion Cubic Meter,3.68597
Taiwan,2022,May,Billion Cubic Meter,2.173
South Korea,2022,May,Billion Cubic Meter,4.12352
Singapore,2022,May,Billion Cubic Meter,1.01592
Philippines,2022,May,Billion Cubic Meter,0.295
Pakistan,2022,May,Billion Cubic Meter,4.682304885
New Zealand,2022,May,Billion Cubic Meter,0.282897106
Malaysia,2022,May,Billion Cubic Meter,3.020993192
Japan,2022,May,Billion Cubic Meter,7.14947716
Indonesia,2022,May,Billion Cubic Meter,3.015
India,2022,May,Billion Cubic Meter,5.783559299
China,2022,May,Billion Cubic Meter,29.970612055
Bangladesh,2022,May,Billion Cubic Meter,2.417708621
Australia,2022,May,Billion Cubic Meter,2.560314764
Vietnam,2022,June,Billion Cubic Meter,0.5928
Thailand,2022,June,Billion Cubic Meter,3.67412
Taiwan,2022,June,Billion Cubic Meter,2.279
South Korea,2022,June,Billion Cubic Meter,4.05144
Singapore,2022,June,Billion Cubic Meter,1.11112
Philippines,2022,June,Billion Cubic Meter,0.281
Pakistan,2022,June,Billion Cubic Meter,4.730878528
New Zealand,2022,June,Billion Cubic Meter,0.260954549
Malaysia,2022,June,Billion Cubic Meter,2.955241552
Japan,2022,June,Billion Cubic Meter,7.86018144
Indonesia,2022,June,Billion Cubic Meter,2.699
India,2022,June,Billion Cubic Meter,5.004648364
China,2022,June,Billion Cubic Meter,29.1110254
Bangladesh,2022,June,Billion Cubic Meter,2.51563794
Australia,2022,June,Billion Cubic Meter,2.355441702
Vietnam,2022,July,Billion Cubic Meter,0.585
Thailand,2022,July,Billion Cubic Meter,3.61136
Taiwan,2022,July,Billion Cubic Meter,2.498
South Korea,2022,July,Billion Cubic Meter,4.453456
Singapore,2022,July,Billion Cubic Meter,1.21584
Philippines,2022,July,Billion Cubic Meter,0.256
Pakistan,2022,July,Billion Cubic Meter,3.483701672
New Zealand,2022,July,Billion Cubic Meter,0.307951448
Malaysia,2022,July,Billion Cubic Meter,3.232098754
Japan,2022,July,Billion Cubic Meter,8.688804241
Indonesia,2022,July,Billion Cubic Meter,3.068
India,2022,July,Billion Cubic Meter,5.310610345
China,2022,July,Billion Cubic Meter,28.854953212
Bangladesh,2022,July,Billion Cubic Meter,2.21956617
Australia,2022,July,Billion Cubic Meter,2.545378036
Vietnam,2022,August,Billion Cubic Meter,0.6006
Thailand,2022,August,Billion Cubic Meter,3.54377
Taiwan,2022,August,Billion Cubic Meter,2.461
South Korea,2022,August,Billion Cubic Meter,4.059872
Singapore,2022,August,Billion Cubic Meter,1.233520001
Philippines,2022,August,Billion Cubic Meter,0.227
Pakistan,2022,August,Billion Cubic Meter,2.983393149
New Zealand,2022,August,Billion Cubic Meter,0.26465898
Malaysia,2022,August,Billion Cubic Meter,3.077489706
Japan,2022,August,Billion Cubic Meter,8.02655064
Indonesia,2022,August,Billion Cubic Meter,2.698
India,2022,August,Billion Cubic Meter,4.857571407
China,2022,August,Billion Cubic Meter,28.827973631
Bangladesh,2022,August,Billion Cubic Meter,2.41595685
Australia,2022,August,Billion Cubic Meter,2.974047147
Vietnam,2022,September,Billion Cubic Meter,0.6474
Thailand,2022,September,Billion Cubic Meter,3.44389
Taiwan,2022,September,Billion Cubic Meter,2.297
South Korea,2022,September,Billion Cubic Meter,3.64956
Singapore,2022,September,Billion Cubic Meter,1.17504
Philippines,2022,September,Billion Cubic Meter,0.264
Pakistan,2022,September,Billion Cubic Meter,2.940356902
New Zealand,2022,September,Billion Cubic Meter,0.304272136
Malaysia,2022,September,Billion Cubic Meter,3.439565404
Japan,2022,September,Billion Cubic Meter,7.8281654
Indonesia,2022,September,Billion Cubic Meter,2.831
India,2022,September,Billion Cubic Meter,4.668443394
China,2022,September,Billion Cubic Meter,29.947916312
Bangladesh,2022,September,Billion Cubic Meter,2.248109551
Australia,2022,September,Billion Cubic Meter,2.50085411
Vietnam,2022,October,Billion Cubic Meter,0.6708
Thailand,2022,October,Billion Cubic Meter,3.25935
Taiwan,2022,October,Billion Cubic Meter,2.298
South Korea,2022,October,Billion Cubic Meter,4.115496
Singapore,2022,October,Billion Cubic Meter,1.060800001
Philippines,2022,October,Billion Cubic Meter,0.262
Pakistan,2022,October,Billion Cubic Meter,3.050521923
New Zealand,2022,October,Billion Cubic Meter,0.306675517
Malaysia,2022,October,Billion Cubic Meter,2.982354331
Japan,2022,October,Billion Cubic Meter,7.1846944
Indonesia,2022,October,Billion Cubic Meter,2.964
India,2022,October,Billion Cubic Meter,4.805519084
China,2022,October,Billion Cubic Meter,28.771187403
Bangladesh,2022,October,Billion Cubic Meter,2.19514044
Australia,2022,October,Billion Cubic Meter,2.169999058
Vietnam,2022,November,Billion Cubic Meter,0.7098
Thailand,2022,November,Billion Cubic Meter,3.48127
Taiwan,2022,November,Billion Cubic Meter,2.123
South Korea,2022,November,Billion Cubic Meter,4.860096
Singapore,2022,November,Billion Cubic Meter,1.14784
Philippines,2022,November,Billion Cubic Meter,0.234
Pakistan,2022,November,Billion Cubic Meter,2.138211762
New Zealand,2022,November,Billion Cubic Meter,0.269596207
Malaysia,2022,November,Billion Cubic Meter,3.665892119
Japan,2022,November,Billion Cubic Meter,7.42542384
Indonesia,2022,November,Billion Cubic Meter,2.929
India,2022,November,Billion Cubic Meter,4.998026814
China,2022,November,Billion Cubic Meter,32.780809209
Bangladesh,2022,November,Billion Cubic Meter,2.063336021
Australia,2022,November,Billion Cubic Meter,1.974743874
Vietnam,2022,December,Billion Cubic Meter,0.741
Thailand,2022,December,Billion Cubic Meter,3.25497
Taiwan,2022,December,Billion Cubic Meter,2.307
South Korea,2022,December,Billion Cubic Meter,7.795792
Singapore,2022,December,Billion Cubic Meter,1.15192
Philippines,2022,December,Billion Cubic Meter,0.238
Pakistan,2022,December,Billion Cubic Meter,2.358250365
New Zealand,2022,December,Billion Cubic Meter,0.268656041
Malaysia,2022,December,Billion Cubic Meter,3.146473582
Japan,2022,December,Billion Cubic Meter,9.36594272
Indonesia,2022,December,Billion Cubic Meter,2.818999999
India,2022,December,Billion Cubic Meter,5.023363339
China,2022,December,Billion Cubic Meter,34.264177616
Bangladesh,2022,December,Billion Cubic Meter,2.233905779
Australia,2022,December,Billion Cubic Meter,1.89295411
Vietnam,2021,January,Billion Cubic Meter,0.648
Thailand,2021,January,Billion Cubic Meter,3.64032
Taiwan,2021,January,Billion Cubic Meter,2.092
South Korea,2021,January,Billion Cubic Meter,7.896704
Singapore,2021,January,Billion Cubic Meter,1.00776
Philippines,2021,January,Billion Cubic Meter,0.335
Pakistan,2021,January,Billion Cubic Meter,2.13228921
New Zealand,2021,January,Billion Cubic Meter,0.345163672
Malaysia,2021,January,Billion Cubic Meter,3.362989494
Japan,2021,January,Billion Cubic Meter,11.660726359
Indonesia,2021,January,Billion Cubic Meter,2.858
India,2021,January,Billion Cubic Meter,5.176552192
China,2021,January,Billion Cubic Meter,30.784799009
Bangladesh,2021,January,Billion Cubic Meter,2.46306854
Australia,2021,January,Billion Cubic Meter,2.336015066
Vietnam,2021,February,Billion Cubic Meter,0.612
Thailand,2021,February,Billion Cubic Meter,3.59806
Taiwan,2021,February,Billion Cubic Meter,1.66
South Korea,2021,February,Billion Cubic Meter,6.05676
Singapore,2021,February,Billion Cubic Meter,1.09208
Philippines,2021,February,Billion Cubic Meter,0.262
Pakistan,2021,February,Billion Cubic Meter,2.063296003
New Zealand,2021,February,Billion Cubic Meter,0.307229664
Malaysia,2021,February,Billion Cubic Meter,2.333254133
Japan,2021,February,Billion Cubic Meter,10.16616264
Indonesia,2021,February,Billion Cubic Meter,2.822
India,2021,February,Billion Cubic Meter,4.782567998
China,2021,February,Billion Cubic Meter,25.038265242
Bangladesh,2021,February,Billion Cubic Meter,1.853896891
Australia,2021,February,Billion Cubic Meter,2.115490715
Vietnam,2021,March,Billion Cubic Meter,0.5976
Thailand,2021,March,Billion Cubic Meter,4.34873
Taiwan,2021,March,Billion Cubic Meter,2.09
South Korea,2021,March,Billion Cubic Meter,5.827328
Singapore,2021,March,Billion Cubic Meter,1.3396
Philippines,2021,March,Billion Cubic Meter,0.342
Pakistan,2021,March,Billion Cubic Meter,2.775490562
New Zealand,2021,March,Billion Cubic Meter,0.319507132
Malaysia,2021,March,Billion Cubic Meter,3.370763872
Japan,2021,March,Billion Cubic Meter,9.59144679
Indonesia,2021,March,Billion Cubic Meter,2.672999999
India,2021,March,Billion Cubic Meter,5.40134424
China,2021,March,Billion Cubic Meter,30.245608256
Bangladesh,2021,March,Billion Cubic Meter,2.655092529
Australia,2021,March,Billion Cubic Meter,2.10944679
Vietnam,2021,April,Billion Cubic Meter,0.5832
Thailand,2021,April,Billion Cubic Meter,3.87629
Taiwan,2021,April,Billion Cubic Meter,2.05
South Korea,2021,April,Billion Cubic Meter,4.669288
Singapore,2021,April,Billion Cubic Meter,1.24848
Philippines,2021,April,Billion Cubic Meter,0.324
Pakistan,2021,April,Billion Cubic Meter,3.647731416
New Zealand,2021,April,Billion Cubic Meter,0.315961857
Malaysia,2021,April,Billion Cubic Meter,2.96010097
Japan,2021,April,Billion Cubic Meter,7.31697632
Indonesia,2021,April,Billion Cubic Meter,2.524
India,2021,April,Billion Cubic Meter,5.518395514
China,2021,April,Billion Cubic Meter,30.548874972
Bangladesh,2021,April,Billion Cubic Meter,2.615557429
Australia,2021,April,Billion Cubic Meter,2.264797322
Vietnam,2021,May,Billion Cubic Meter,0.5616
Thailand,2021,May,Billion Cubic Meter,4.31625
Taiwan,2021,May,Billion Cubic Meter,2.207053412
South Korea,2021,May,Billion Cubic Meter,4.169624
Singapore,2021,May,Billion Cubic Meter,1.252559999
Philippines,2021,May,Billion Cubic Meter,0.338
Pakistan,2021,May,Billion Cubic Meter,4.058480121
New Zealand,2021,May,Billion Cubic Meter,0.332275076
Malaysia,2021,May,Billion Cubic Meter,3.17075788
Japan,2021,May,Billion Cubic Meter,7.13574628
Indonesia,2021,May,Billion Cubic Meter,2.757000001
India,2021,May,Billion Cubic Meter,5.215139411
China,2021,May,Billion Cubic Meter,30.673603177
Bangladesh,2021,May,Billion Cubic Meter,2.578611779
Australia,2021,May,Billion Cubic Meter,2.660107859
Vietnam,2021,June,Billion Cubic Meter,0.5472
Thailand,2021,June,Billion Cubic Meter,3.96124
Taiwan,2021,June,Billion Cubic Meter,2.085
South Korea,2021,June,Billion Cubic Meter,4.165544
Singapore,2021,June,Billion Cubic Meter,1.02952
Philippines,2021,June,Billion Cubic Meter,0.32
Pakistan,2021,June,Billion Cubic Meter,3.795275526
New Zealand,2021,June,Billion Cubic Meter,0.319614303
Malaysia,2021,June,Billion Cubic Meter,3.295
Japan,2021,June,Billion Cubic Meter,7.47445704
Indonesia,2021,June,Billion Cubic Meter,2.793
India,2021,June,Billion Cubic Meter,5.522977305
China,2021,June,Billion Cubic Meter,30.830610372
Bangladesh,2021,June,Billion Cubic Meter,2.674506329
Australia,2021,June,Billion Cubic Meter,2.545516114
Vietnam,2021,July,Billion Cubic Meter,0.54
Thailand,2021,July,Billion Cubic Meter,3.56308
Taiwan,2021,July,Billion Cubic Meter,2.332
South Korea,2021,July,Billion Cubic Meter,4.619648
Singapore,2021,July,Billion Cubic Meter,1.251200001
Philippines,2021,July,Billion Cubic Meter,0.301
Pakistan,2021,July,Billion Cubic Meter,4.263072884
New Zealand,2021,July,Billion Cubic Meter,0.336614068
Malaysia,2021,July,Billion Cubic Meter,2.672655877
Japan,2021,July,Billion Cubic Meter,8.760146039
Indonesia,2021,July,Billion Cubic Meter,3.039
India,2021,July,Billion Cubic Meter,5.434796157
China,2021,July,Billion Cubic Meter,28.357815672
Bangladesh,2021,July,Billion Cubic Meter,2.421583571
Australia,2021,July,Billion Cubic Meter,2.593702738
Vietnam,2021,August,Billion Cubic Meter,0.5544
Thailand,2021,August,Billion Cubic Meter,3.72372
Taiwan,2021,August,Billion Cubic Meter,2.262
South Korea,2021,August,Billion Cubic Meter,4.186352
Singapore,2021,August,Billion Cubic Meter,1.101599999
Philippines,2021,August,Billion Cubic Meter,0.314
Pakistan,2021,August,Billion Cubic Meter,3.988539306
New Zealand,2021,August,Billion Cubic Meter,0.333897089
Malaysia,2021,August,Billion Cubic Meter,2.279441653
Japan,2021,August,Billion Cubic Meter,8.10488376
Indonesia,2021,August,Billion Cubic Meter,2.832
India,2021,August,Billion Cubic Meter,5.841490941
China,2021,August,Billion Cubic Meter,29.947616799
Bangladesh,2021,August,Billion Cubic Meter,2.629973449
Australia,2021,August,Billion Cubic Meter,2.829283864
Vietnam,2021,September,Billion Cubic Meter,0.5976
Thailand,2021,September,Billion Cubic Meter,3.63928
Taiwan,2021,September,Billion Cubic Meter,2.209
South Korea,2021,September,Billion Cubic Meter,3.949712
Singapore,2021,September,Billion Cubic Meter,1.22128
Philippines,2021,September,Billion Cubic Meter,0.279
Pakistan,2021,September,Billion Cubic Meter,3.695822628
New Zealand,2021,September,Billion Cubic Meter,0.30567981
Malaysia,2021,September,Billion Cubic Meter,2.741115544
Japan,2021,September,Billion Cubic Meter,7.00900244
Indonesia,2021,September,Billion Cubic Meter,2.881
India,2021,September,Billion Cubic Meter,5.519004867
China,2021,September,Billion Cubic Meter,30.01590829
Bangladesh,2021,September,Billion Cubic Meter,2.54005586
Australia,2021,September,Billion Cubic Meter,2.449283816
Vietnam,2021,October,Billion Cubic Meter,0.6192
Thailand,2021,October,Billion Cubic Meter,3.6412
Taiwan,2021,October,Billion Cubic Meter,2.336
South Korea,2021,October,Billion Cubic Meter,4.4914
Singapore,2021,October,Billion Cubic Meter,1.22944
Philippines,2021,October,Billion Cubic Meter,0.048
Pakistan,2021,October,Billion Cubic Meter,3.597171769
New Zealand,2021,October,Billion Cubic Meter,0.347227176
Malaysia,2021,October,Billion Cubic Meter,2.930018996
Japan,2021,October,Billion Cubic Meter,7.29515768
Indonesia,2021,October,Billion Cubic Meter,3.846999999
India,2021,October,Billion Cubic Meter,5.572711527
China,2021,October,Billion Cubic Meter,29.125731717
Bangladesh,2021,October,Billion Cubic Meter,2.627324571
Australia,2021,October,Billion Cubic Meter,2.392159697
Vietnam,2021,November,Billion Cubic Meter,0.6552
Thailand,2021,November,Billion Cubic Meter,3.64182
Taiwan,2021,November,Billion Cubic Meter,2.315
South Korea,2021,November,Billion Cubic Meter,5.379616
Singapore,2021,November,Billion Cubic Meter,1.312399999
Philippines,2021,November,Billion Cubic Meter,0.25
Pakistan,2021,November,Billion Cubic Meter,2.18122281
New Zealand,2021,November,Billion Cubic Meter,0.336903447
Malaysia,2021,November,Billion Cubic Meter,3.093
Japan,2021,November,Billion Cubic Meter,8.126139799
Indonesia,2021,November,Billion Cubic Meter,3.892
India,2021,November,Billion Cubic Meter,5.281744239
China,2021,November,Billion Cubic Meter,32.169131243
Bangladesh,2021,November,Billion Cubic Meter,2.411273879
Australia,2021,November,Billion Cubic Meter,2.207677459
Vietnam,2021,December,Billion Cubic Meter,0.684
Thailand,2021,December,Billion Cubic Meter,3.47266
Taiwan,2021,December,Billion Cubic Meter,2.285
South Korea,2021,December,Billion Cubic Meter,6.89724
Singapore,2021,December,Billion Cubic Meter,0.98192
Philippines,2021,December,Billion Cubic Meter,0.287
Pakistan,2021,December,Billion Cubic Meter,2.281192757
New Zealand,2021,December,Billion Cubic Meter,0.329353284
Malaysia,2021,December,Billion Cubic Meter,2.660801434
Japan,2021,December,Billion Cubic Meter,10.13251352
Indonesia,2021,December,Billion Cubic Meter,2.590000001
India,2021,December,Billion Cubic Meter,5.390519522
China,2021,December,Billion Cubic Meter,35.043046898
Bangladesh,2021,December,Billion Cubic Meter,2.3267814
Australia,2021,December,Billion Cubic Meter,2.270481719
Vietnam,2020,January,Billion Cubic Meter,0.792
Thailand,2020,January,Billion Cubic Meter,3.88085
Taiwan,2020,January,Billion Cubic Meter,1.827
South Korea,2020,January,Billion Cubic Meter,6.688208
Singapore,2020,January,Billion Cubic Meter,0.96288
Philippines,2020,January,Billion Cubic Meter,0.339
Pakistan,2020,January,Billion Cubic Meter,2.454476487
New Zealand,2020,January,Billion Cubic Meter,0.382994499
Malaysia,2020,January,Billion Cubic Meter,2.963064187
Japan,2020,January,Billion Cubic Meter,9.95841344
Indonesia,2020,January,Billion Cubic Meter,3.244
India,2020,January,Billion Cubic Meter,5.233817004
China,2020,January,Billion Cubic Meter,30.317783115
Bangladesh,2020,January,Billion Cubic Meter,2.6696805
Australia,2020,January,Billion Cubic Meter,2.156060576
Vietnam,2020,February,Billion Cubic Meter,0.748
Thailand,2020,February,Billion Cubic Meter,3.73312
Taiwan,2020,February,Billion Cubic Meter,1.886
South Korea,2020,February,Billion Cubic Meter,5.98332
Singapore,2020,February,Billion Cubic Meter,1.23624
Philippines,2020,February,Billion Cubic Meter,0.332
Pakistan,2020,February,Billion Cubic Meter,1.421141322
New Zealand,2020,February,Billion Cubic Meter,0.37481822
Malaysia,2020,February,Billion Cubic Meter,2.988090358
Japan,2020,February,Billion Cubic Meter,9.894061921
Indonesia,2020,February,Billion Cubic Meter,2.765
India,2020,February,Billion Cubic Meter,5.797177178
China,2020,February,Billion Cubic Meter,25.301348485
Bangladesh,2020,February,Billion Cubic Meter,2.361937809
Australia,2020,February,Billion Cubic Meter,2.149570235
Vietnam,2020,March,Billion Cubic Meter,0.7304
Thailand,2020,March,Billion Cubic Meter,4.23198
Taiwan,2020,March,Billion Cubic Meter,2.064
South Korea,2020,March,Billion Cubic Meter,5.381384
Singapore,2020,March,Billion Cubic Meter,1.51232
Philippines,2020,March,Billion Cubic Meter,0.346
Pakistan,2020,March,Billion Cubic Meter,2.044300514
New Zealand,2020,March,Billion Cubic Meter,0.338851996
Malaysia,2020,March,Billion Cubic Meter,3.099424221
Japan,2020,March,Billion Cubic Meter,9.780937321
Indonesia,2020,March,Billion Cubic Meter,3.107
India,2020,March,Billion Cubic Meter,5.229686796
China,2020,March,Billion Cubic Meter,26.194351911
Bangladesh,2020,March,Billion Cubic Meter,2.53500646
Australia,2020,March,Billion Cubic Meter,2.206157461
Vietnam,2020,April,Billion Cubic Meter,0.7128
Thailand,2020,April,Billion Cubic Meter,3.60955
Taiwan,2020,April,Billion Cubic Meter,1.843
South Korea,2020,April,Billion Cubic Meter,4.04328
Singapore,2020,April,Billion Cubic Meter,1.094799999
Philippines,2020,April,Billion Cubic Meter,0.34
Pakistan,2020,April,Billion Cubic Meter,2.596966582
New Zealand,2020,April,Billion Cubic Meter,0.339986471
Malaysia,2020,April,Billion Cubic Meter,2.766184986
Japan,2020,April,Billion Cubic Meter,8.85985868
Indonesia,2020,April,Billion Cubic Meter,2.727
India,2020,April,Billion Cubic Meter,3.713929343
China,2020,April,Billion Cubic Meter,26.559368017
Bangladesh,2020,April,Billion Cubic Meter,2.436
Australia,2020,April,Billion Cubic Meter,2.190666571
Vietnam,2020,May,Billion Cubic Meter,0.6864
Thailand,2020,May,Billion Cubic Meter,3.67281
Taiwan,2020,May,Billion Cubic Meter,2.033
South Korea,2020,May,Billion Cubic Meter,3.070744
Singapore,2020,May,Billion Cubic Meter,1.108400001
Philippines,2020,May,Billion Cubic Meter,0.388
Pakistan,2020,May,Billion Cubic Meter,3.522776241
New Zealand,2020,May,Billion Cubic Meter,0.411836012
Malaysia,2020,May,Billion Cubic Meter,2.846898947
Japan,2020,May,Billion Cubic Meter,6.97663852
Indonesia,2020,May,Billion Cubic Meter,2.816
India,2020,May,Billion Cubic Meter,4.939966276
China,2020,May,Billion Cubic Meter,26.490345555
Bangladesh,2020,May,Billion Cubic Meter,2.24851424
Australia,2020,May,Billion Cubic Meter,2.584568743
Vietnam,2020,June,Billion Cubic Meter,0.6688
Thailand,2020,June,Billion Cubic Meter,3.6775
Taiwan,2020,June,Billion Cubic Meter,2.01814933
South Korea,2020,June,Billion Cubic Meter,3.267536
Singapore,2020,June,Billion Cubic Meter,0.932960001
Philippines,2020,June,Billion Cubic Meter,0.317
Pakistan,2020,June,Billion Cubic Meter,4.005889098
New Zealand,2020,June,Billion Cubic Meter,0.400673232
Malaysia,2020,June,Billion Cubic Meter,2.991246542
Japan,2020,June,Billion Cubic Meter,6.93699728
Indonesia,2020,June,Billion Cubic Meter,2.31
India,2020,June,Billion Cubic Meter,5.187884904
China,2020,June,Billion Cubic Meter,26.486110766
Bangladesh,2020,June,Billion Cubic Meter,2.383352421
Australia,2020,June,Billion Cubic Meter,2.827384974
Vietnam,2020,July,Billion Cubic Meter,0.66
Thailand,2020,July,Billion Cubic Meter,3.98443
Taiwan,2020,July,Billion Cubic Meter,2.087
South Korea,2020,July,Billion Cubic Meter,3.51016
Singapore,2020,July,Billion Cubic Meter,1.16416
Philippines,2020,July,Billion Cubic Meter,0.342
Pakistan,2020,July,Billion Cubic Meter,4.240462008
New Zealand,2020,July,Billion Cubic Meter,0.404217784
Malaysia,2020,July,Billion Cubic Meter,2.608462784
Japan,2020,July,Billion Cubic Meter,7.93271168
Indonesia,2020,July,Billion Cubic Meter,2.97
India,2020,July,Billion Cubic Meter,5.424414746
China,2020,July,Billion Cubic Meter,24.170959603
Bangladesh,2020,July,Billion Cubic Meter,2.533713149
Australia,2020,July,Billion Cubic Meter,2.976672068
Vietnam,2020,August,Billion Cubic Meter,0.6776
Thailand,2020,August,Billion Cubic Meter,3.72636
Taiwan,2020,August,Billion Cubic Meter,2.032
South Korea,2020,August,Billion Cubic Meter,4.02492
Singapore,2020,August,Billion Cubic Meter,1.23624
Philippines,2020,August,Billion Cubic Meter,0.328
Pakistan,2020,August,Billion Cubic Meter,4.192413896
New Zealand,2020,August,Billion Cubic Meter,0.377622405
Malaysia,2020,August,Billion Cubic Meter,2.731852814
Japan,2020,August,Billion Cubic Meter,8.37530287
Indonesia,2020,August,Billion Cubic Meter,2.602000001
India,2020,August,Billion Cubic Meter,5.293309553
China,2020,August,Billion Cubic Meter,26.869175841
Bangladesh,2020,August,Billion Cubic Meter,2.485772951
Australia,2020,August,Billion Cubic Meter,2.714681441
Vietnam,2020,September,Billion Cubic Meter,0.7304
Thailand,2020,September,Billion Cubic Meter,3.75226
Taiwan,2020,September,Billion Cubic Meter,1.929
South Korea,2020,September,Billion Cubic Meter,3.808136
Singapore,2020,September,Billion Cubic Meter,1.0744
Philippines,2020,September,Billion Cubic Meter,0.302
Pakistan,2020,September,Billion Cubic Meter,3.88058959
New Zealand,2020,September,Billion Cubic Meter,0.379890504
Malaysia,2020,September,Billion Cubic Meter,2.664026376
Japan,2020,September,Billion Cubic Meter,8.6458606
Indonesia,2020,September,Billion Cubic Meter,2.544
India,2020,September,Billion Cubic Meter,5.053472122
China,2020,September,Billion Cubic Meter,26.280430782
Bangladesh,2020,September,Billion Cubic Meter,2.553158079
Australia,2020,September,Billion Cubic Meter,2.449736702
Vietnam,2020,October,Billion Cubic Meter,0.7568
Thailand,2020,October,Billion Cubic Meter,3.71758
Taiwan,2020,October,Billion Cubic Meter,2.015
South Korea,2020,October,Billion Cubic Meter,4.174248
Singapore,2020,October,Billion Cubic Meter,1.003680001
Philippines,2020,October,Billion Cubic Meter,0.292
Pakistan,2020,October,Billion Cubic Meter,3.756217502
New Zealand,2020,October,Billion Cubic Meter,0.380954617
Malaysia,2020,October,Billion Cubic Meter,2.952030648
Japan,2020,October,Billion Cubic Meter,8.7928682
Indonesia,2020,October,Billion Cubic Meter,2.675
India,2020,October,Billion Cubic Meter,5.818745725
China,2020,October,Billion Cubic Meter,26.478653873
Bangladesh,2020,October,Billion Cubic Meter,2.568100479
Australia,2020,October,Billion Cubic Meter,2.293981545
Vietnam,2020,November,Billion Cubic Meter,0.8008
Thailand,2020,November,Billion Cubic Meter,3.68601
Taiwan,2020,November,Billion Cubic Meter,2.066
South Korea,2020,November,Billion Cubic Meter,5.166504
Singapore,2020,November,Billion Cubic Meter,0.97104
Philippines,2020,November,Billion Cubic Meter,0.302
Pakistan,2020,November,Billion Cubic Meter,2.209756328
New Zealand,2020,November,Billion Cubic Meter,0.35359226
Malaysia,2020,November,Billion Cubic Meter,3.044579004
Japan,2020,November,Billion Cubic Meter,8.451378681
Indonesia,2020,November,Billion Cubic Meter,2.524
India,2020,November,Billion Cubic Meter,5.022468803
China,2020,November,Billion Cubic Meter,29.248398238
Bangladesh,2020,November,Billion Cubic Meter,2.3431551
Australia,2020,November,Billion Cubic Meter,2.161403665
Vietnam,2020,December,Billion Cubic Meter,0.836
Thailand,2020,December,Billion Cubic Meter,3.59732
Taiwan,2020,December,Billion Cubic Meter,2.149
South Korea,2020,December,Billion Cubic Meter,7.31476
Singapore,2020,December,Billion Cubic Meter,0.97784
Philippines,2020,December,Billion Cubic Meter,0.32
Pakistan,2020,December,Billion Cubic Meter,2.193446099
New Zealand,2020,December,Billion Cubic Meter,0.346611245
Malaysia,2020,December,Billion Cubic Meter,2.5082754
Japan,2020,December,Billion Cubic Meter,9.67407932
Indonesia,2020,December,Billion Cubic Meter,2.513
India,2020,December,Billion Cubic Meter,5.166804714
China,2020,December,Billion Cubic Meter,33.862417122
Bangladesh,2020,December,Billion Cubic Meter,2.5099553
Australia,2020,December,Billion Cubic Meter,2.188042723
Vietnam,2019,January,Billion Cubic Meter,0.882
Thailand,2019,January,Billion Cubic Meter,3.86506
Taiwan,2019,January,Billion Cubic Meter,1.848
South Korea,2019,January,Billion Cubic Meter,6.850728
Singapore,2019,January,Billion Cubic Meter,1.132879999
Philippines,2019,January,Billion Cubic Meter,0.366
Pakistan,2019,January,Billion Cubic Meter,2.416638713
New Zealand,2019,January,Billion Cubic Meter,0.377109768
Malaysia,2019,January,Billion Cubic Meter,2.32877464
Japan,2019,January,Billion Cubic Meter,10.500817999
Indonesia,2019,January,Billion Cubic Meter,2.949
India,2019,January,Billion Cubic Meter,4.952848331
China,2019,January,Billion Cubic Meter,29.12401551
Bangladesh,2019,January,Billion Cubic Meter,2.465455017
Australia,2019,January,Billion Cubic Meter,2.239515942
Vietnam,2019,February,Billion Cubic Meter,0.833
Thailand,2019,February,Billion Cubic Meter,3.79944
Taiwan,2019,February,Billion Cubic Meter,1.472
South Korea,2019,February,Billion Cubic Meter,5.559952
Singapore,2019,February,Billion Cubic Meter,0.96968
Philippines,2019,February,Billion Cubic Meter,0.338
Pakistan,2019,February,Billion Cubic Meter,2.311950829
New Zealand,2019,February,Billion Cubic Meter,0.305284672
Malaysia,2019,February,Billion Cubic Meter,2.841888183
Japan,2019,February,Billion Cubic Meter,10.539471919
Indonesia,2019,February,Billion Cubic Meter,2.547
India,2019,February,Billion Cubic Meter,4.314617465
China,2019,February,Billion Cubic Meter,23.103726907
Bangladesh,2019,February,Billion Cubic Meter,2.202916721
Australia,2019,February,Billion Cubic Meter,1.998330681
Vietnam,2019,March,Billion Cubic Meter,0.8134
Thailand,2019,March,Billion Cubic Meter,4.33732
Taiwan,2019,March,Billion Cubic Meter,1.724039543
South Korea,2019,March,Billion Cubic Meter,5.192616
Singapore,2019,March,Billion Cubic Meter,1.175040001
Philippines,2019,March,Billion Cubic Meter,0.393
Pakistan,2019,March,Billion Cubic Meter,3.154062014
New Zealand,2019,March,Billion Cubic Meter,0.364079184
Malaysia,2019,March,Billion Cubic Meter,3.16753464
Japan,2019,March,Billion Cubic Meter,10.21152096
Indonesia,2019,March,Billion Cubic Meter,3.037
India,2019,March,Billion Cubic Meter,5.089021178
China,2019,March,Billion Cubic Meter,24.445751805
Bangladesh,2019,March,Billion Cubic Meter,2.658662257
Australia,2019,March,Billion Cubic Meter,2.160691335
Vietnam,2019,April,Billion Cubic Meter,0.7938
Thailand,2019,April,Billion Cubic Meter,4.23393
Taiwan,2019,April,Billion Cubic Meter,1.855524347
South Korea,2019,April,Billion Cubic Meter,4.51384
Singapore,2019,April,Billion Cubic Meter,1.33824
Philippines,2019,April,Billion Cubic Meter,0.411
Pakistan,2019,April,Billion Cubic Meter,4.06099211
New Zealand,2019,April,Billion Cubic Meter,0.369304208
Malaysia,2019,April,Billion Cubic Meter,2.93407429
Japan,2019,April,Billion Cubic Meter,9.19551056
Indonesia,2019,April,Billion Cubic Meter,3.016
India,2019,April,Billion Cubic Meter,5.022781088
China,2019,April,Billion Cubic Meter,24.450161712
Bangladesh,2019,April,Billion Cubic Meter,2.455283399
Australia,2019,April,Billion Cubic Meter,2.243256492
Vietnam,2019,May,Billion Cubic Meter,0.7644
Thailand,2019,May,Billion Cubic Meter,4.4014
Taiwan,2019,May,Billion Cubic Meter,1.784
South Korea,2019,May,Billion Cubic Meter,3.703824
Singapore,2019,May,Billion Cubic Meter,1.238960001
Philippines,2019,May,Billion Cubic Meter,0.415
Pakistan,2019,May,Billion Cubic Meter,4.821455912
New Zealand,2019,May,Billion Cubic Meter,0.348289256
Malaysia,2019,May,Billion Cubic Meter,3.63777424
Japan,2019,May,Billion Cubic Meter,7.81804752
Indonesia,2019,May,Billion Cubic Meter,3.194
India,2019,May,Billion Cubic Meter,5.023924795
China,2019,May,Billion Cubic Meter,24.651174951
Bangladesh,2019,May,Billion Cubic Meter,2.609921479
Australia,2019,May,Billion Cubic Meter,2.602935812
Vietnam,2019,June,Billion Cubic Meter,0.7448
Thailand,2019,June,Billion Cubic Meter,4.18636
Taiwan,2019,June,Billion Cubic Meter,1.679
South Korea,2019,June,Billion Cubic Meter,3.314184
Singapore,2019,June,Billion Cubic Meter,0.99688
Philippines,2019,June,Billion Cubic Meter,0.412
Pakistan,2019,June,Billion Cubic Meter,4.662913509
New Zealand,2019,June,Billion Cubic Meter,0.395257573
Malaysia,2019,June,Billion Cubic Meter,3.447525566
Japan,2019,June,Billion Cubic Meter,7.635099279
Indonesia,2019,June,Billion Cubic Meter,2.963
India,2019,June,Billion Cubic Meter,5.30991074
China,2019,June,Billion Cubic Meter,24.08223509
Bangladesh,2019,June,Billion Cubic Meter,2.60470584
Australia,2019,June,Billion Cubic Meter,2.733234135
Vietnam,2019,July,Billion Cubic Meter,0.735
Thailand,2019,July,Billion Cubic Meter,4.20916
Taiwan,2019,July,Billion Cubic Meter,2.023
South Korea,2019,July,Billion Cubic Meter,3.859952
Singapore,2019,July,Billion Cubic Meter,1.07168
Philippines,2019,July,Billion Cubic Meter,0.377
Pakistan,2019,July,Billion Cubic Meter,4.410902204
New Zealand,2019,July,Billion Cubic Meter,0.415129432
Malaysia,2019,July,Billion Cubic Meter,3.03121647
Japan,2019,July,Billion Cubic Meter,8.48541272
Indonesia,2019,July,Billion Cubic Meter,3.139
India,2019,July,Billion Cubic Meter,4.960818267
China,2019,July,Billion Cubic Meter,24.482375559
Bangladesh,2019,July,Billion Cubic Meter,2.494445477
Australia,2019,July,Billion Cubic Meter,2.751604581
Vietnam,2019,August,Billion Cubic Meter,0.7546
Thailand,2019,August,Billion Cubic Meter,4.0371
Taiwan,2019,August,Billion Cubic Meter,1.878
South Korea,2019,August,Billion Cubic Meter,3.843224
Singapore,2019,August,Billion Cubic Meter,1.101599999
Philippines,2019,August,Billion Cubic Meter,0.306
Pakistan,2019,August,Billion Cubic Meter,4.145193893
New Zealand,2019,August,Billion Cubic Meter,0.435394132
Malaysia,2019,August,Billion Cubic Meter,3.055263727
Japan,2019,August,Billion Cubic Meter,9.08293704
Indonesia,2019,August,Billion Cubic Meter,2.923999999
India,2019,August,Billion Cubic Meter,5.505918423
China,2019,August,Billion Cubic Meter,25.062400158
Bangladesh,2019,August,Billion Cubic Meter,2.594071092
Australia,2019,August,Billion Cubic Meter,2.842674319
Vietnam,2019,September,Billion Cubic Meter,0.8134
Thailand,2019,September,Billion Cubic Meter,3.96209
Taiwan,2019,September,Billion Cubic Meter,1.769
South Korea,2019,September,Billion Cubic Meter,3.30548
Singapore,2019,September,Billion Cubic Meter,1.096160001
Philippines,2019,September,Billion Cubic Meter,0.336
Pakistan,2019,September,Billion Cubic Meter,3.804440597
New Zealand,2019,September,Billion Cubic Meter,0.42073332
Malaysia,2019,September,Billion Cubic Meter,2.946009043
Japan,2019,September,Billion Cubic Meter,8.70750784
Indonesia,2019,September,Billion Cubic Meter,3.02
India,2019,September,Billion Cubic Meter,5.061422008
China,2019,September,Billion Cubic Meter,24.634394339
Bangladesh,2019,September,Billion Cubic Meter,2.53049552
Australia,2019,September,Billion Cubic Meter,2.533777958
Vietnam,2019,October,Billion Cubic Meter,0.8428
Thailand,2019,October,Billion Cubic Meter,4.19423
Taiwan,2019,October,Billion Cubic Meter,1.946
South Korea,2019,October,Billion Cubic Meter,3.756456
Singapore,2019,October,Billion Cubic Meter,0.942480001
Philippines,2019,October,Billion Cubic Meter,0.311
Pakistan,2019,October,Billion Cubic Meter,3.053116618
New Zealand,2019,October,Billion Cubic Meter,0.427652204
Malaysia,2019,October,Billion Cubic Meter,2.994846174
Japan,2019,October,Billion Cubic Meter,9.00667048
Indonesia,2019,October,Billion Cubic Meter,2.904999999
India,2019,October,Billion Cubic Meter,5.406160601
China,2019,October,Billion Cubic Meter,23.383226463
Bangladesh,2019,October,Billion Cubic Meter,2.560129852
Australia,2019,October,Billion Cubic Meter,2.475398508
Vietnam,2019,November,Billion Cubic Meter,0.8918
Thailand,2019,November,Billion Cubic Meter,4.18212
Taiwan,2019,November,Billion Cubic Meter,2.054
South Korea,2019,November,Billion Cubic Meter,5.060968
Singapore,2019,November,Billion Cubic Meter,1.08528
Philippines,2019,November,Billion Cubic Meter,0.345
Pakistan,2019,November,Billion Cubic Meter,1.16993974
New Zealand,2019,November,Billion Cubic Meter,0.371974625
Malaysia,2019,November,Billion Cubic Meter,3.50561128
Japan,2019,November,Billion Cubic Meter,8.88772048
Indonesia,2019,November,Billion Cubic Meter,2.874999999
India,2019,November,Billion Cubic Meter,5.076551999
China,2019,November,Billion Cubic Meter,27.866983427
Bangladesh,2019,November,Billion Cubic Meter,2.420219805
Australia,2019,November,Billion Cubic Meter,2.314755733
Vietnam,2019,December,Billion Cubic Meter,0.931
Thailand,2019,December,Billion Cubic Meter,3.80799
Taiwan,2019,December,Billion Cubic Meter,1.941
South Korea,2019,December,Billion Cubic Meter,6.804488
Singapore,2019,December,Billion Cubic Meter,1.013199999
Philippines,2019,December,Billion Cubic Meter,0.358
Pakistan,2019,December,Billion Cubic Meter,1.935639632
New Zealand,2019,December,Billion Cubic Meter,0.367555972
Malaysia,2019,December,Billion Cubic Meter,3.199056963
Japan,2019,December,Billion Cubic Meter,9.25011064
Indonesia,2019,December,Billion Cubic Meter,2.891
India,2019,December,Billion Cubic Meter,4.980884482
China,2019,December,Billion Cubic Meter,28.913822338
Bangladesh,2019,December,Billion Cubic Meter,2.490693544
Australia,2019,December,Billion Cubic Meter,2.348834948
