Source,Copyright,Play Type,Project Status,Region,max Q,min Q,Production Additions
Source: Energy Intelligence,"COPYRIGHT © 2001-2022 ENERGY INTELLIGENCE GROUP, INC. / ENERGY INTELLIGENCE GROUP (UK) LIMITED.",Shallow Water,Under Development,North America,2029-Q4,2025-Q1,343.4
Source: Energy Intelligence,"COPYRIGHT © 2001-2022 ENERGY INTELLIGENCE GROUP, INC. / ENERGY INTELLIGENCE GROUP (UK) LIMITED.",Oil Sands/Heavy Oil,Under Development,North America,2029-Q4,2025-Q1,144
Source: Energy Intelligence,"COPYRIGHT © 2001-2022 ENERGY INTELLIGENCE GROUP, INC. / ENERGY INTELLIGENCE GROUP (UK) LIMITED.",Deepwater,Under Development,North America,2029-Q4,2025-Q1,407
Source: Energy Intelligence,"COPYRIGHT © 2001-2022 ENERGY INTELLIGENCE GROUP, INC. / ENERGY INTELLIGENCE GROUP (UK) LIMITED.",Conventional,Under Development,North America,2029-Q4,2025-Q1,260
Source: Energy Intelligence,"COPYRIGHT © 2001-2022 ENERGY INTELLIGENCE GROUP, INC. / ENERGY INTELLIGENCE GROUP (UK) LIMITED.",Shallow Water,Onstream,North America,2029-Q4,2025-Q1,35
Source: Energy Intelligence,"COPYRIGHT © 2001-2022 ENERGY INTELLIGENCE GROUP, INC. / ENERGY INTELLIGENCE GROUP (UK) LIMITED.",Shale Oil,Onstream,North America,2029-Q4,2025-Q1,541
Source: Energy Intelligence,"COPYRIGHT © 2001-2022 ENERGY INTELLIGENCE GROUP, INC. / ENERGY INTELLIGENCE GROUP (UK) LIMITED.",Oil Sands/Heavy Oil,Onstream,North America,2029-Q4,2025-Q1,494
Source: Energy Intelligence,"COPYRIGHT © 2001-2022 ENERGY INTELLIGENCE GROUP, INC. / ENERGY INTELLIGENCE GROUP (UK) LIMITED.",Deepwater,Onstream,North America,2029-Q4,2025-Q1,432
Source: Energy Intelligence,"COPYRIGHT © 2001-2022 ENERGY INTELLIGENCE GROUP, INC. / ENERGY INTELLIGENCE GROUP (UK) LIMITED.",Conventional,Appraisal,North America,2029-Q4,2025-Q1,60
Source: Energy Intelligence,"COPYRIGHT © 2001-2022 ENERGY INTELLIGENCE GROUP, INC. / ENERGY INTELLIGENCE GROUP (UK) LIMITED.",Shallow Water,Under Development,Middle East,2029-Q4,2025-Q1,475
Source: Energy Intelligence,"COPYRIGHT © 2001-2022 ENERGY INTELLIGENCE GROUP, INC. / ENERGY INTELLIGENCE GROUP (UK) LIMITED.",Shale gas,Under Development,Middle East,2029-Q4,2025-Q1,540
Source: Energy Intelligence,"COPYRIGHT © 2001-2022 ENERGY INTELLIGENCE GROUP, INC. / ENERGY INTELLIGENCE GROUP (UK) LIMITED.",Deepwater,Under Development,Middle East,2029-Q4,2025-Q1,120
Source: Energy Intelligence,"COPYRIGHT © 2001-2022 ENERGY INTELLIGENCE GROUP, INC. / ENERGY INTELLIGENCE GROUP (UK) LIMITED.",Conventional,Under Development,Middle East,2029-Q4,2025-Q1,1673
Source: Energy Intelligence,"COPYRIGHT © 2001-2022 ENERGY INTELLIGENCE GROUP, INC. / ENERGY INTELLIGENCE GROUP (UK) LIMITED.",Conventional,Onstream,Middle East,2029-Q4,2025-Q1,40
Source: Energy Intelligence,"COPYRIGHT © 2001-2022 ENERGY INTELLIGENCE GROUP, INC. / ENERGY INTELLIGENCE GROUP (UK) LIMITED.",Shallow Water,Under Development,Latin America,2029-Q4,2025-Q1,50
Source: Energy Intelligence,"COPYRIGHT © 2001-2022 ENERGY INTELLIGENCE GROUP, INC. / ENERGY INTELLIGENCE GROUP (UK) LIMITED.",Pre-Salt,Under Development,Latin America,2029-Q4,2025-Q1,1796
Source: Energy Intelligence,"COPYRIGHT © 2001-2022 ENERGY INTELLIGENCE GROUP, INC. / ENERGY INTELLIGENCE GROUP (UK) LIMITED.",Deepwater,Under Development,Latin America,2029-Q4,2025-Q1,900
Source: Energy Intelligence,"COPYRIGHT © 2001-2022 ENERGY INTELLIGENCE GROUP, INC. / ENERGY INTELLIGENCE GROUP (UK) LIMITED.",Shale Oil,Onstream,Latin America,2029-Q4,2025-Q1,375
Source: Energy Intelligence,"COPYRIGHT © 2001-2022 ENERGY INTELLIGENCE GROUP, INC. / ENERGY INTELLIGENCE GROUP (UK) LIMITED.",Pre-Salt,Onstream,Latin America,2029-Q4,2025-Q1,845
Source: Energy Intelligence,"COPYRIGHT © 2001-2022 ENERGY INTELLIGENCE GROUP, INC. / ENERGY INTELLIGENCE GROUP (UK) LIMITED.",Deepwater,Onstream,Latin America,2029-Q4,2025-Q1,260
Source: Energy Intelligence,"COPYRIGHT © 2001-2022 ENERGY INTELLIGENCE GROUP, INC. / ENERGY INTELLIGENCE GROUP (UK) LIMITED.",Pre-Salt,Appraisal,Latin America,2029-Q4,2025-Q1,120
Source: Energy Intelligence,"COPYRIGHT © 2001-2022 ENERGY INTELLIGENCE GROUP, INC. / ENERGY INTELLIGENCE GROUP (UK) LIMITED.",Deepwater,Appraisal,Latin America,2029-Q4,2025-Q1,120
Source: Energy Intelligence,"COPYRIGHT © 2001-2022 ENERGY INTELLIGENCE GROUP, INC. / ENERGY INTELLIGENCE GROUP (UK) LIMITED.",Shallow Water,Under Development,FSU,2029-Q4,2025-Q1,36
Source: Energy Intelligence,"COPYRIGHT © 2001-2022 ENERGY INTELLIGENCE GROUP, INC. / ENERGY INTELLIGENCE GROUP (UK) LIMITED.",Deepwater,Under Development,FSU,2029-Q4,2025-Q1,36
Source: Energy Intelligence,"COPYRIGHT © 2001-2022 ENERGY INTELLIGENCE GROUP, INC. / ENERGY INTELLIGENCE GROUP (UK) LIMITED.",Conventional,Under Development,FSU,2029-Q4,2025-Q1,300
Source: Energy Intelligence,"COPYRIGHT © 2001-2022 ENERGY INTELLIGENCE GROUP, INC. / ENERGY INTELLIGENCE GROUP (UK) LIMITED.",Shallow Water,Onstream,FSU,2029-Q4,2025-Q1,76
Source: Energy Intelligence,"COPYRIGHT © 2001-2022 ENERGY INTELLIGENCE GROUP, INC. / ENERGY INTELLIGENCE GROUP (UK) LIMITED.",Conventional,Onstream,FSU,2029-Q4,2025-Q1,322
Source: Energy Intelligence,"COPYRIGHT © 2001-2022 ENERGY INTELLIGENCE GROUP, INC. / ENERGY INTELLIGENCE GROUP (UK) LIMITED.",Shallow Water,Appraisal,FSU,2029-Q4,2025-Q1,30
Source: Energy Intelligence,"COPYRIGHT © 2001-2022 ENERGY INTELLIGENCE GROUP, INC. / ENERGY INTELLIGENCE GROUP (UK) LIMITED.",Conventional,Appraisal,FSU,2029-Q4,2025-Q1,80
Source: Energy Intelligence,"COPYRIGHT © 2001-2022 ENERGY INTELLIGENCE GROUP, INC. / ENERGY INTELLIGENCE GROUP (UK) LIMITED.",Shallow Water,Under Development,Europe,2029-Q4,2025-Q1,47
Source: Energy Intelligence,"COPYRIGHT © 2001-2022 ENERGY INTELLIGENCE GROUP, INC. / ENERGY INTELLIGENCE GROUP (UK) LIMITED.",Deepwater,Under Development,Europe,2029-Q4,2025-Q1,139
Source: Energy Intelligence,"COPYRIGHT © 2001-2022 ENERGY INTELLIGENCE GROUP, INC. / ENERGY INTELLIGENCE GROUP (UK) LIMITED.",Shallow Water,Onstream,Europe,2029-Q4,2025-Q1,15
Source: Energy Intelligence,"COPYRIGHT © 2001-2022 ENERGY INTELLIGENCE GROUP, INC. / ENERGY INTELLIGENCE GROUP (UK) LIMITED.",Deepwater,Onstream,Europe,2029-Q4,2025-Q1,171
Source: Energy Intelligence,"COPYRIGHT © 2001-2022 ENERGY INTELLIGENCE GROUP, INC. / ENERGY INTELLIGENCE GROUP (UK) LIMITED.",Conventional,Onstream,Europe,2029-Q4,2025-Q1,53
Source: Energy Intelligence,"COPYRIGHT © 2001-2022 ENERGY INTELLIGENCE GROUP, INC. / ENERGY INTELLIGENCE GROUP (UK) LIMITED.",Arctic,Onstream,Europe,2029-Q4,2025-Q1,220
Source: Energy Intelligence,"COPYRIGHT © 2001-2022 ENERGY INTELLIGENCE GROUP, INC. / ENERGY INTELLIGENCE GROUP (UK) LIMITED.",Shallow Water,Appraisal,Europe,2029-Q4,2025-Q1,35
Source: Energy Intelligence,"COPYRIGHT © 2001-2022 ENERGY INTELLIGENCE GROUP, INC. / ENERGY INTELLIGENCE GROUP (UK) LIMITED.",Deepwater,Appraisal,Europe,2029-Q4,2025-Q1,74
Source: Energy Intelligence,"COPYRIGHT © 2001-2022 ENERGY INTELLIGENCE GROUP, INC. / ENERGY INTELLIGENCE GROUP (UK) LIMITED.",Conventional,Appraisal,Europe,2029-Q4,2025-Q1,55
Source: Energy Intelligence,"COPYRIGHT © 2001-2022 ENERGY INTELLIGENCE GROUP, INC. / ENERGY INTELLIGENCE GROUP (UK) LIMITED.",Shallow Water,Under Development,Asia,2029-Q4,2025-Q1,35
Source: Energy Intelligence,"COPYRIGHT © 2001-2022 ENERGY INTELLIGENCE GROUP, INC. / ENERGY INTELLIGENCE GROUP (UK) LIMITED.",Deepwater,Under Development,Asia,2029-Q4,2025-Q1,9
Source: Energy Intelligence,"COPYRIGHT © 2001-2022 ENERGY INTELLIGENCE GROUP, INC. / ENERGY INTELLIGENCE GROUP (UK) LIMITED.",Shallow Water,Onstream,Asia,2029-Q4,2025-Q1,166.2
Source: Energy Intelligence,"COPYRIGHT © 2001-2022 ENERGY INTELLIGENCE GROUP, INC. / ENERGY INTELLIGENCE GROUP (UK) LIMITED.",Shale Oil,Onstream,Asia,2029-Q4,2025-Q1,5
Source: Energy Intelligence,"COPYRIGHT © 2001-2022 ENERGY INTELLIGENCE GROUP, INC. / ENERGY INTELLIGENCE GROUP (UK) LIMITED.",Deepwater,Onstream,Asia,2029-Q4,2025-Q1,58.2
Source: Energy Intelligence,"COPYRIGHT © 2001-2022 ENERGY INTELLIGENCE GROUP, INC. / ENERGY INTELLIGENCE GROUP (UK) LIMITED.",Conventional,Onstream,Asia,2029-Q4,2025-Q1,47.4
Source: Energy Intelligence,"COPYRIGHT © 2001-2022 ENERGY INTELLIGENCE GROUP, INC. / ENERGY INTELLIGENCE GROUP (UK) LIMITED.",Shallow Water,Under Development,Africa,2029-Q4,2025-Q1,35
Source: Energy Intelligence,"COPYRIGHT © 2001-2022 ENERGY INTELLIGENCE GROUP, INC. / ENERGY INTELLIGENCE GROUP (UK) LIMITED.",Pre-Salt,Under Development,Africa,2029-Q4,2025-Q1,70
Source: Energy Intelligence,"COPYRIGHT © 2001-2022 ENERGY INTELLIGENCE GROUP, INC. / ENERGY INTELLIGENCE GROUP (UK) LIMITED.",Deepwater,Under Development,Africa,2029-Q4,2025-Q1,110
Source: Energy Intelligence,"COPYRIGHT © 2001-2022 ENERGY INTELLIGENCE GROUP, INC. / ENERGY INTELLIGENCE GROUP (UK) LIMITED.",Conventional,Under Development,Africa,2029-Q4,2025-Q1,320
Source: Energy Intelligence,"COPYRIGHT © 2001-2022 ENERGY INTELLIGENCE GROUP, INC. / ENERGY INTELLIGENCE GROUP (UK) LIMITED.",Shallow Water,Onstream,Africa,2029-Q4,2025-Q1,6
Source: Energy Intelligence,"COPYRIGHT © 2001-2022 ENERGY INTELLIGENCE GROUP, INC. / ENERGY INTELLIGENCE GROUP (UK) LIMITED.",Deepwater,Onstream,Africa,2029-Q4,2025-Q1,313
Source: Energy Intelligence,"COPYRIGHT © 2001-2022 ENERGY INTELLIGENCE GROUP, INC. / ENERGY INTELLIGENCE GROUP (UK) LIMITED.",Conventional,Onstream,Africa,2029-Q4,2025-Q1,63
Source: Energy Intelligence,"COPYRIGHT © 2001-2022 ENERGY INTELLIGENCE GROUP, INC. / ENERGY INTELLIGENCE GROUP (UK) LIMITED.",Deepwater,Appraisal,Africa,2029-Q4,2025-Q1,40
