Country,Year of Date,Month of Date,Unit,Value
United Kingdom,2025,January,Million Cubic Meter,9014.019466
Sweden,2025,January,Million Cubic Meter,81.144
Spain,2025,January,Million Cubic Meter,2778
Slovenia,2025,January,Million Cubic Meter,126.31719
Slovakia,2025,January,Million Cubic Meter,703.351524
Serbia,2025,January,Million Cubic Meter,491.77755
Romania,2025,January,Million Cubic Meter,1594.835356
Portugal,2025,January,Million Cubic Meter,400.380952
Poland,2025,January,Million Cubic Meter,2699.881626
Netherlands,2025,January,Million Cubic Meter,4060
Luxembourg,2025,January,Million Cubic Meter,92.714412
Italy,2025,January,Million Cubic Meter,7940.922019
Hungary,2025,January,Million Cubic Meter,1525.370762
Greece,2025,January,Million Cubic Meter,725.472149
Germany,2025,January,Million Cubic Meter,11771
France,2025,January,Million Cubic Meter,5109
Finland,2025,January,Million Cubic Meter,157.911809
Denmark,2025,January,Million Cubic Meter,304.912999
Czech Republic,2025,January,Million Cubic Meter,1141.721143
Croatia,2025,January,Million Cubic Meter,313.600014
Bulgaria,2025,January,Million Cubic Meter,336.546325
Belgium,2025,January,Million Cubic Meter,1854.251709
Austria,2025,January,Million Cubic Meter,1126.477053
United Kingdom,2025,February,Million Cubic Meter,7260.904103
Sweden,2025,February,Million Cubic Meter,79.687
Spain,2025,February,Million Cubic Meter,3529
Slovenia,2025,February,Million Cubic Meter,109.545571
Slovakia,2025,February,Million Cubic Meter,635.304867
Serbia,2025,February,Million Cubic Meter,458.8379
Romania,2025,February,Million Cubic Meter,1577.665514
Portugal,2025,February,Million Cubic Meter,353.04762
Poland,2025,February,Million Cubic Meter,2571.308551
Netherlands,2025,February,Million Cubic Meter,3552
Luxembourg,2025,February,Million Cubic Meter,78.606724
Italy,2025,February,Million Cubic Meter,7192.158433
Hungary,2025,February,Million Cubic Meter,1462.646476
Greece,2025,February,Million Cubic Meter,736.195482
Germany,2025,February,Million Cubic Meter,10475
France,2025,February,Million Cubic Meter,4264
Finland,2025,February,Million Cubic Meter,146.17667
Denmark,2025,February,Million Cubic Meter,269.352
Czech Republic,2025,February,Million Cubic Meter,1050.634
Croatia,2025,February,Million Cubic Meter,290.814703
Bulgaria,2025,February,Million Cubic Meter,334.91325
Belgium,2025,February,Million Cubic Meter,1587.950714
Austria,2025,February,Million Cubic Meter,1023.78791
United Kingdom,2025,March,Million Cubic Meter,6131.193822
Sweden,2025,March,Million Cubic Meter,53.846
Spain,2025,March,Million Cubic Meter,3545
Slovenia,2025,March,Million Cubic Meter,101.962418
Slovakia,2025,March,Million Cubic Meter,510.442027
Serbia,2025,March,Million Cubic Meter,320
Romania,2025,March,Million Cubic Meter,1086.749699
Portugal,2025,March,Million Cubic Meter,348.476191
Poland,2025,March,Million Cubic Meter,2230.158912
Netherlands,2025,March,Million Cubic Meter,2814
Luxembourg,2025,March,Million Cubic Meter,67.655243
Italy,2025,March,Million Cubic Meter,6048.078815
Hungary,2025,March,Million Cubic Meter,1056.30458
Greece,2025,March,Million Cubic Meter,487.865286
Germany,2025,March,Million Cubic Meter,8494
France,2025,March,Million Cubic Meter,3479
Finland,2025,March,Million Cubic Meter,165.8955
Denmark,2025,March,Million Cubic Meter,201.974
Czech Republic,2025,March,Million Cubic Meter,833.803841
Croatia,2025,March,Million Cubic Meter,242.849818
Bulgaria,2025,March,Million Cubic Meter,293.718394
Belgium,2025,March,Million Cubic Meter,1270.581422
Austria,2025,March,Million Cubic Meter,799.857114
United Kingdom,2025,April,Million Cubic Meter,3999.603288
Sweden,2025,April,Million Cubic Meter,56.334
Spain,2025,April,Million Cubic Meter,2111
Slovenia,2025,April,Million Cubic Meter,69.824571
Slovakia,2025,April,Million Cubic Meter,368.589619
Serbia,2025,April,Million Cubic Meter,204
Romania,2025,April,Million Cubic Meter,654.665922
Portugal,2025,April,Million Cubic Meter,284.190475
Poland,2025,April,Million Cubic Meter,1752.249177
Netherlands,2025,April,Million Cubic Meter,2058
Luxembourg,2025,April,Million Cubic Meter,50.909453
Italy,2025,April,Million Cubic Meter,3993.213457
Hungary,2025,April,Million Cubic Meter,689.756952
Greece,2025,April,Million Cubic Meter,368.39522
Germany,2025,April,Million Cubic Meter,5769
France,2025,April,Million Cubic Meter,2014
Finland,2025,April,Million Cubic Meter,138.553
Denmark,2025,April,Million Cubic Meter,150.716
Czech Republic,2025,April,Million Cubic Meter,576.416286
Croatia,2025,April,Million Cubic Meter,209.662443
Bulgaria,2025,April,Million Cubic Meter,249.355142
Belgium,2025,April,Million Cubic Meter,951.626999
Austria,2025,April,Million Cubic Meter,554.358549
United Kingdom,2025,May,Million Cubic Meter,2918.114076
Sweden,2025,May,Million Cubic Meter,46.796999
Spain,2025,May,Million Cubic Meter,2232
Slovenia,2025,May,Million Cubic Meter,80.086381
Slovakia,2025,May,Million Cubic Meter,264.316286
Serbia,2025,May,Million Cubic Meter,156
Romania,2025,May,Million Cubic Meter,553.299068
Portugal,2025,May,Million Cubic Meter,366.761905
Poland,2025,May,Million Cubic Meter,1596.579829
Netherlands,2025,May,Million Cubic Meter,1751
Luxembourg,2025,May,Million Cubic Meter,38.340815
Italy,2025,May,Million Cubic Meter,3173.902176
Hungary,2025,May,Million Cubic Meter,529.153334
Greece,2025,May,Million Cubic Meter,377.405986
Germany,2025,May,Million Cubic Meter,4626
France,2025,May,Million Cubic Meter,1465
Finland,2025,May,Million Cubic Meter,121.369
Denmark,2025,May,Million Cubic Meter,139.696
Czech Republic,2025,May,Million Cubic Meter,477.074095
Croatia,2025,May,Million Cubic Meter,112.929026
Bulgaria,2025,May,Million Cubic Meter,190.312178
Belgium,2025,May,Million Cubic Meter,755.272835
Austria,2025,May,Million Cubic Meter,416.498549
United Kingdom,2025,June,Million Cubic Meter,2376.956324
Sweden,2025,June,Million Cubic Meter,54.033
Spain,2025,June,Million Cubic Meter,2344
Slovenia,2025,June,Million Cubic Meter,71.703524
Slovakia,2025,June,Million Cubic Meter,183.456647
Serbia,2025,June,Million Cubic Meter,143.50137
Romania,2025,June,Million Cubic Meter,449.317787
Portugal,2025,June,Million Cubic Meter,334.47619
Poland,2025,June,Million Cubic Meter,1253.700445
Luxembourg,2025,June,Million Cubic Meter,27.246018
Italy,2025,June,Million Cubic Meter,3435.853364
Hungary,2025,June,Million Cubic Meter,381.635274
Greece,2025,June,Million Cubic Meter,479.224492
Germany,2025,June,Million Cubic Meter,3528
France,2025,June,Million Cubic Meter,1228
Finland,2025,June,Million Cubic Meter,91.52
Denmark,2025,June,Million Cubic Meter,126.875
Czech Republic,2025,June,Million Cubic Meter,348.214286
Croatia,2025,June,Million Cubic Meter,72.260979
Bulgaria,2025,June,Million Cubic Meter,169.420912
Belgium,2025,June,Million Cubic Meter,656.820747
Austria,2025,June,Million Cubic Meter,322.656854
United Kingdom,2025,July,Million Cubic Meter,2512.620867
Sweden,2025,July,Million Cubic Meter,49.403001
Spain,2025,July,Million Cubic Meter,1729
Slovenia,2025,July,Million Cubic Meter,69.786571
Slovakia,2025,July,Million Cubic Meter,230.054943
Serbia,2025,July,Million Cubic Meter,139
Romania,2025,July,Million Cubic Meter,504.681848
Portugal,2025,July,Million Cubic Meter,352.095238
Poland,2025,July,Million Cubic Meter,1422.067103
Luxembourg,2025,July,Million Cubic Meter,27.123419
Italy,2025,July,Million Cubic Meter,3909.689803
Hungary,2025,July,Million Cubic Meter,421.666428
Greece,2025,July,Million Cubic Meter,540.272544
Germany,2025,July,Million Cubic Meter,3558
France,2025,July,Million Cubic Meter,1236
Finland,2025,July,Million Cubic Meter,115.539999
Denmark,2025,July,Million Cubic Meter,108.614
Czech Republic,2025,July,Million Cubic Meter,349.21019
Croatia,2025,July,Million Cubic Meter,151.424235
Bulgaria,2025,July,Million Cubic Meter,167.63982
Belgium,2025,July,Million Cubic Meter,640.91455
Austria,2025,July,Million Cubic Meter,329.554424
United Kingdom,2025,August,Million Cubic Meter,2461.205638
Sweden,2025,August,Million Cubic Meter,62.814999
Spain,2025,August,Million Cubic Meter,2099
Slovenia,2025,August,Million Cubic Meter,65.516429
Slovakia,2025,August,Million Cubic Meter,226.727095
Serbia,2025,August,Million Cubic Meter,139
Romania,2025,August,Million Cubic Meter,530.588498
Portugal,2025,August,Million Cubic Meter,327.714286
Poland,2025,August,Million Cubic Meter,1366.17204
Luxembourg,2025,August,Million Cubic Meter,25.653437
Italy,2025,August,Million Cubic Meter,2644.076153
Hungary,2025,August,Million Cubic Meter,346.162
Greece,2025,August,Million Cubic Meter,369.302667
Germany,2025,August,Million Cubic Meter,3466
France,2025,August,Million Cubic Meter,1109
Finland,2025,August,Million Cubic Meter,94.99
Denmark,2025,August,Million Cubic Meter,119.492
Czech Republic,2025,August,Million Cubic Meter,300.588381
Croatia,2025,August,Million Cubic Meter,148.746012
Bulgaria,2025,August,Million Cubic Meter,162.202878
Belgium,2025,August,Million Cubic Meter,642.847123
Austria,2025,August,Million Cubic Meter,302.673532
United Kingdom,2025,September,Million Cubic Meter,2964.833714
Sweden,2025,September,Million Cubic Meter,45.393001
Spain,2025,September,Million Cubic Meter,2156
Slovenia,2025,September,Million Cubic Meter,72.173122
Slovakia,2025,September,Million Cubic Meter,277.122727
Serbia,2025,September,Million Cubic Meter,148
Romania,2025,September,Million Cubic Meter,543.50563
Portugal,2025,September,Million Cubic Meter,370.380953
Poland,2025,September,Million Cubic Meter,1506.228858
Luxembourg,2025,September,Million Cubic Meter,35.161392
Italy,2025,September,Million Cubic Meter,3422.360427
Hungary,2025,September,Million Cubic Meter,465.249371
France,2025,September,Million Cubic Meter,1401
Finland,2025,September,Million Cubic Meter,56.5
Denmark,2025,September,Million Cubic Meter,135.740999
Czech Republic,2025,September,Million Cubic Meter,335.957084
Croatia,2025,September,Million Cubic Meter,145.04824
Bulgaria,2025,September,Million Cubic Meter,191.819246
Belgium,2025,September,Million Cubic Meter,700.430283
Austria,2025,September,Million Cubic Meter,350.589001
United Kingdom,2025,October,Million Cubic Meter,4625.668872
Sweden,2025,October,Million Cubic Meter,66.862
Slovenia,2025,October,Million Cubic Meter,108.460214
Slovakia,2025,October,Million Cubic Meter,450.003139
Serbia,2025,October,Million Cubic Meter,2.474263
Romania,2025,October,Million Cubic Meter,1001.837391
Portugal,2025,October,Million Cubic Meter,387.619048
Poland,2025,October,Million Cubic Meter,2176.318894
Luxembourg,2025,October,Million Cubic Meter,54.096063
Hungary,2025,October,Million Cubic Meter,952.370542
Finland,2025,October,Million Cubic Meter,111.03
Denmark,2025,October,Million Cubic Meter,183.243
Czech Republic,2025,October,Million Cubic Meter,608.21262
Croatia,2025,October,Million Cubic Meter,243.236037
Bulgaria,2025,October,Million Cubic Meter,247.769255
Austria,2025,October,Million Cubic Meter,135.106181
United Kingdom,2024,January,Million Cubic Meter,16739.36516
Sweden,2024,January,Million Cubic Meter,250.673
Spain,2024,January,Million Cubic Meter,2405
Slovenia,2024,January,Million Cubic Meter,229.499569
Slovakia,2024,January,Million Cubic Meter,1338.155238
Serbia,2024,January,Million Cubic Meter,922
Romania,2024,January,Million Cubic Meter,1749.801042
Portugal,2024,January,Million Cubic Meter,1101.047619
Poland,2024,January,Million Cubic Meter,2678.818037
Netherlands,2024,January,Million Cubic Meter,4124.875635
Luxembourg,2024,January,Million Cubic Meter,90.931033
Italy,2024,January,Million Cubic Meter,7733.764343
Hungary,2024,January,Million Cubic Meter,2783.788819
Greece,2024,January,Million Cubic Meter,575.01229
Germany,2024,January,Million Cubic Meter,11651
France,2024,January,Million Cubic Meter,5279
Finland,2024,January,Million Cubic Meter,465.243836
Denmark,2024,January,Million Cubic Meter,960.553
Czech Republic,2024,January,Million Cubic Meter,2188.57
Croatia,2024,January,Million Cubic Meter,616.170554
Bulgaria,2024,January,Million Cubic Meter,638.00048
Belgium,2024,January,Million Cubic Meter,1862.916443
Austria,2024,January,Million Cubic Meter,2996.197869
United Kingdom,2024,February,Million Cubic Meter,12345.469625
Sweden,2024,February,Million Cubic Meter,177.376
Spain,2024,February,Million Cubic Meter,3567
Slovenia,2024,February,Million Cubic Meter,178.836189
Slovakia,2024,February,Million Cubic Meter,945.012952
Serbia,2024,February,Million Cubic Meter,659.496043
Romania,2024,February,Million Cubic Meter,1294.382648
Portugal,2024,February,Million Cubic Meter,964.190476
Poland,2024,February,Million Cubic Meter,2113.428203
Netherlands,2024,February,Million Cubic Meter,2996
Luxembourg,2024,February,Million Cubic Meter,69.270668
Italy,2024,February,Million Cubic Meter,6228.550781
Hungary,2024,February,Million Cubic Meter,1900.933744
Greece,2024,February,Million Cubic Meter,465.178525
Germany,2024,February,Million Cubic Meter,8338
France,2024,February,Million Cubic Meter,3747
Finland,2024,February,Million Cubic Meter,406.043166
Denmark,2024,February,Million Cubic Meter,670.575684
Czech Republic,2024,February,Million Cubic Meter,1473.154286
Croatia,2024,February,Million Cubic Meter,438.430188
Bulgaria,2024,February,Million Cubic Meter,523.457514
Belgium,2024,February,Million Cubic Meter,1319.25145
Austria,2024,February,Million Cubic Meter,2031.858116
United Kingdom,2024,March,Million Cubic Meter,12048.505345
Sweden,2024,March,Million Cubic Meter,140.300707
Spain,2024,March,Million Cubic Meter,3377
Slovenia,2024,March,Million Cubic Meter,176.278836
Slovakia,2024,March,Million Cubic Meter,903.97272
Serbia,2024,March,Million Cubic Meter,509.526634
Romania,2024,March,Million Cubic Meter,1251.957685
Portugal,2024,March,Million Cubic Meter,1016.952381
Poland,2024,March,Million Cubic Meter,2080.358102
Netherlands,2024,March,Million Cubic Meter,2849
Luxembourg,2024,March,Million Cubic Meter,62.807825
Italy,2024,March,Million Cubic Meter,5529.313232
Hungary,2024,March,Million Cubic Meter,1793.654864
Greece,2024,March,Million Cubic Meter,503.792122
Germany,2024,March,Million Cubic Meter,7896
France,2024,March,Million Cubic Meter,3526
Finland,2024,March,Million Cubic Meter,344.802
Denmark,2024,March,Million Cubic Meter,653.553277
Czech Republic,2024,March,Million Cubic Meter,1393.994484
Croatia,2024,March,Million Cubic Meter,406.373085
Bulgaria,2024,March,Million Cubic Meter,564.645954
Belgium,2024,March,Million Cubic Meter,1280.496796
Austria,2024,March,Million Cubic Meter,1831.264986
United Kingdom,2024,April,Million Cubic Meter,9039.725566
Sweden,2024,April,Million Cubic Meter,155.333001
Spain,2024,April,Million Cubic Meter,2712
Slovenia,2024,April,Million Cubic Meter,153.36261
Slovakia,2024,April,Million Cubic Meter,660.150816
Serbia,2024,April,Million Cubic Meter,346
Romania,2024,April,Million Cubic Meter,564.806906
Portugal,2024,April,Million Cubic Meter,806.476191
Poland,2024,April,Million Cubic Meter,1621.672254
Netherlands,2024,April,Million Cubic Meter,2331
Luxembourg,2024,April,Million Cubic Meter,52.95737
Italy,2024,April,Million Cubic Meter,3954.358094
Hungary,2024,April,Million Cubic Meter,1222.475095
Greece,2024,April,Million Cubic Meter,399.649566
Germany,2024,April,Million Cubic Meter,6380
France,2024,April,Million Cubic Meter,2511
Finland,2024,April,Million Cubic Meter,247.174001
Denmark,2024,April,Million Cubic Meter,583.620929
Czech Republic,2024,April,Million Cubic Meter,990.249619
Croatia,2024,April,Million Cubic Meter,304.931024
Bulgaria,2024,April,Million Cubic Meter,416.551332
Belgium,2024,April,Million Cubic Meter,1056.444045
Austria,2024,April,Million Cubic Meter,1455.112515
United Kingdom,2024,May,Million Cubic Meter,6485.144058
Sweden,2024,May,Million Cubic Meter,119.142
Spain,2024,May,Million Cubic Meter,2566
Slovenia,2024,May,Million Cubic Meter,129.668476
Slovakia,2024,May,Million Cubic Meter,449.845082
Serbia,2024,May,Million Cubic Meter,292
Romania,2024,May,Million Cubic Meter,473.304872
Portugal,2024,May,Million Cubic Meter,792.47619
Poland,2024,May,Million Cubic Meter,1186.017357
Netherlands,2024,May,Million Cubic Meter,1868.001779
Luxembourg,2024,May,Million Cubic Meter,40.954917
Italy,2024,May,Million Cubic Meter,3407.285888
Hungary,2024,May,Million Cubic Meter,932.072853
Greece,2024,May,Million Cubic Meter,473.788442
Germany,2024,May,Million Cubic Meter,4496
France,2024,May,Million Cubic Meter,1760
Finland,2024,May,Million Cubic Meter,241.554
Denmark,2024,May,Million Cubic Meter,407.599393
Czech Republic,2024,May,Million Cubic Meter,675.881714
Croatia,2024,May,Million Cubic Meter,248.81226
Bulgaria,2024,May,Million Cubic Meter,406.11319
Belgium,2024,May,Million Cubic Meter,766.204018
Austria,2024,May,Million Cubic Meter,1096.277486
United Kingdom,2024,June,Million Cubic Meter,5405.856264
Sweden,2024,June,Million Cubic Meter,103.285999
Spain,2024,June,Million Cubic Meter,2307
Slovenia,2024,June,Million Cubic Meter,109.605333
Slovakia,2024,June,Million Cubic Meter,414.74219
Serbia,2024,June,Million Cubic Meter,282.942491
Romania,2024,June,Million Cubic Meter,491.950846
Portugal,2024,June,Million Cubic Meter,750.380951
Poland,2024,June,Million Cubic Meter,1141.438669
Netherlands,2024,June,Million Cubic Meter,1763
Luxembourg,2024,June,Million Cubic Meter,31.106273
Italy,2024,June,Million Cubic Meter,3313.294983
Hungary,2024,June,Million Cubic Meter,801.032333
Greece,2024,June,Million Cubic Meter,514.435688
Germany,2024,June,Million Cubic Meter,4051
France,2024,June,Million Cubic Meter,1447
Finland,2024,June,Million Cubic Meter,273.753561
Denmark,2024,June,Million Cubic Meter,387.660979
Czech Republic,2024,June,Million Cubic Meter,655.840025
Croatia,2024,June,Million Cubic Meter,195.606917
Bulgaria,2024,June,Million Cubic Meter,370.541362
Belgium,2024,June,Million Cubic Meter,711.583206
Austria,2024,June,Million Cubic Meter,1004.408817
United Kingdom,2024,July,Million Cubic Meter,5380.007068
Sweden,2024,July,Million Cubic Meter,110.072001
Spain,2024,July,Million Cubic Meter,2459
Slovenia,2024,July,Million Cubic Meter,105.786857
Slovakia,2024,July,Million Cubic Meter,415.498797
Serbia,2024,July,Million Cubic Meter,283.719238
Romania,2024,July,Million Cubic Meter,583.504991
Portugal,2024,July,Million Cubic Meter,300.285715
Poland,2024,July,Million Cubic Meter,1335.072335
Netherlands,2024,July,Million Cubic Meter,1707.900951
Luxembourg,2024,July,Million Cubic Meter,25.536425
Italy,2024,July,Million Cubic Meter,4093.51947
Hungary,2024,July,Million Cubic Meter,809.179429
Greece,2024,July,Million Cubic Meter,594.611545
Germany,2024,July,Million Cubic Meter,3720
France,2024,July,Million Cubic Meter,1374
Finland,2024,July,Million Cubic Meter,266.536455
Denmark,2024,July,Million Cubic Meter,324.526476
Czech Republic,2024,July,Million Cubic Meter,575.305714
Croatia,2024,July,Million Cubic Meter,254.050366
Bulgaria,2024,July,Million Cubic Meter,327.681918
Belgium,2024,July,Million Cubic Meter,644.698074
Austria,2024,July,Million Cubic Meter,943.886712
United Kingdom,2024,August,Million Cubic Meter,4593.554452
Sweden,2024,August,Million Cubic Meter,121.564
Spain,2024,August,Million Cubic Meter,2303
Slovenia,2024,August,Million Cubic Meter,105.315143
Slovakia,2024,August,Million Cubic Meter,438.52581
Serbia,2024,August,Million Cubic Meter,286.95586
Romania,2024,August,Million Cubic Meter,536.911433
Portugal,2024,August,Million Cubic Meter,280.666666
Poland,2024,August,Million Cubic Meter,1387.529888
Netherlands,2024,August,Million Cubic Meter,1663
Luxembourg,2024,August,Million Cubic Meter,21.975468
Italy,2024,August,Million Cubic Meter,3556.089172
Hungary,2024,August,Million Cubic Meter,781.046229
Greece,2024,August,Million Cubic Meter,548.012019
Germany,2024,August,Million Cubic Meter,3540
France,2024,August,Million Cubic Meter,1119
Finland,2024,August,Million Cubic Meter,214.75117
Denmark,2024,August,Million Cubic Meter,246.172
Czech Republic,2024,August,Million Cubic Meter,611.645057
Croatia,2024,August,Million Cubic Meter,279.575483
Bulgaria,2024,August,Million Cubic Meter,375.748194
Belgium,2024,August,Million Cubic Meter,618.163704
Austria,2024,August,Million Cubic Meter,910.950307
United Kingdom,2024,September,Million Cubic Meter,6263.904311
Sweden,2024,September,Million Cubic Meter,59.087
Spain,2024,September,Million Cubic Meter,2060
Slovenia,2024,September,Million Cubic Meter,60.705095
Slovakia,2024,September,Million Cubic Meter,267.039381
Serbia,2024,September,Million Cubic Meter,156
Romania,2024,September,Million Cubic Meter,531.971756
Portugal,2024,September,Million Cubic Meter,314.47619
Poland,2024,September,Million Cubic Meter,1496.618937
Netherlands,2024,September,Million Cubic Meter,1795.40149
Luxembourg,2024,September,Million Cubic Meter,34.189034
Italy,2024,September,Million Cubic Meter,3942.01239
Hungary,2024,September,Million Cubic Meter,519.908571
Greece,2024,September,Million Cubic Meter,463.388288
Germany,2024,September,Million Cubic Meter,4226
France,2024,September,Million Cubic Meter,1537
Finland,2024,September,Million Cubic Meter,134.902967
Denmark,2024,September,Million Cubic Meter,132.633
Czech Republic,2024,September,Million Cubic Meter,372.088143
Croatia,2024,September,Million Cubic Meter,356.168503
Bulgaria,2024,September,Million Cubic Meter,376.540033
Belgium,2024,September,Million Cubic Meter,737.559876
Austria,2024,September,Million Cubic Meter,391.402781
United Kingdom,2024,October,Million Cubic Meter,4616.076301
Sweden,2024,October,Million Cubic Meter,50.234
Spain,2024,October,Million Cubic Meter,2103
Slovenia,2024,October,Million Cubic Meter,65.636182
Slovakia,2024,October,Million Cubic Meter,398.755113
Serbia,2024,October,Million Cubic Meter,235.564134
Romania,2024,October,Million Cubic Meter,812.744572
Portugal,2024,October,Million Cubic Meter,328.666666
Poland,2024,October,Million Cubic Meter,1899.007061
Netherlands,2024,October,Million Cubic Meter,2245
Luxembourg,2024,October,Million Cubic Meter,44.777041
Italy,2024,October,Million Cubic Meter,4177.751343
Hungary,2024,October,Million Cubic Meter,796.268423
Greece,2024,October,Million Cubic Meter,450.13334
Germany,2024,October,Million Cubic Meter,6209
France,2024,October,Million Cubic Meter,2164
Finland,2024,October,Million Cubic Meter,152.387001
Denmark,2024,October,Million Cubic Meter,168.819717
Czech Republic,2024,October,Million Cubic Meter,622.191069
Croatia,2024,October,Million Cubic Meter,224.196725
Bulgaria,2024,October,Million Cubic Meter,236.185088
Belgium,2024,October,Million Cubic Meter,966.492004
Austria,2024,October,Million Cubic Meter,564.991972
United Kingdom,2024,November,Million Cubic Meter,6739.270361
Sweden,2024,November,Million Cubic Meter,79.227
Spain,2024,November,Million Cubic Meter,2704
Slovenia,2024,November,Million Cubic Meter,101.809762
Slovakia,2024,November,Million Cubic Meter,614.103364
Serbia,2024,November,Million Cubic Meter,425
Romania,2024,November,Million Cubic Meter,1372.616564
Portugal,2024,November,Million Cubic Meter,348.761905
Poland,2024,November,Million Cubic Meter,2456.828528
Netherlands,2024,November,Million Cubic Meter,3287
Luxembourg,2024,November,Million Cubic Meter,72.360204
Italy,2024,November,Million Cubic Meter,6326.483154
Hungary,2024,November,Million Cubic Meter,1280.576857
Greece,2024,November,Million Cubic Meter,637.708819
Germany,2024,November,Million Cubic Meter,9323
France,2024,November,Million Cubic Meter,3780
Finland,2024,November,Million Cubic Meter,107.487
Denmark,2024,November,Million Cubic Meter,242.756152
Czech Republic,2024,November,Million Cubic Meter,964.17781
Croatia,2024,November,Million Cubic Meter,263.54443
Bulgaria,2024,November,Million Cubic Meter,323.119589
Belgium,2024,November,Million Cubic Meter,1481.262543
Austria,2024,November,Million Cubic Meter,973.256987
United Kingdom,2024,December,Million Cubic Meter,7002.679922
Sweden,2024,December,Million Cubic Meter,72.751
Spain,2024,December,Million Cubic Meter,3242
Slovenia,2024,December,Million Cubic Meter,122.839905
Slovakia,2024,December,Million Cubic Meter,665.755667
Serbia,2024,December,Million Cubic Meter,477
Romania,2024,December,Million Cubic Meter,1544.971946
Portugal,2024,December,Million Cubic Meter,392.285715
Poland,2024,December,Million Cubic Meter,2549.802584
Netherlands,2024,December,Million Cubic Meter,3460.989858
Luxembourg,2024,December,Million Cubic Meter,82.925724
Italy,2024,December,Million Cubic Meter,7750.339966
Hungary,2024,December,Million Cubic Meter,1438.976667
Greece,2024,December,Million Cubic Meter,678.11747
Germany,2024,December,Million Cubic Meter,10576
France,2024,December,Million Cubic Meter,4595
Finland,2024,December,Million Cubic Meter,170.377
Denmark,2024,December,Million Cubic Meter,255.334
Czech Republic,2024,December,Million Cubic Meter,1025.240619
Croatia,2024,December,Million Cubic Meter,313.884856
Bulgaria,2024,December,Million Cubic Meter,335.367616
Belgium,2024,December,Million Cubic Meter,1601.650833
Austria,2024,December,Million Cubic Meter,1037.54262
United Kingdom,2023,January,Million Cubic Meter,15382.750787
Sweden,2023,January,Million Cubic Meter,154.874
Spain,2023,January,Million Cubic Meter,3802
Slovenia,2023,January,Million Cubic Meter,199.054181
Slovakia,2023,January,Million Cubic Meter,1106.7284
Serbia,2023,January,Million Cubic Meter,836
Romania,2023,January,Million Cubic Meter,1465.514491
Portugal,2023,January,Million Cubic Meter,1041.428571
Poland,2023,January,Million Cubic Meter,2153.152178
Netherlands,2023,January,Million Cubic Meter,3383
Luxembourg,2023,January,Million Cubic Meter,80.757785
Italy,2023,January,Million Cubic Meter,7306.473572
Hungary,2023,January,Million Cubic Meter,2407.982289
Greece,2023,January,Million Cubic Meter,388.904979
Germany,2023,January,Million Cubic Meter,9737
France,2023,January,Million Cubic Meter,5096
Finland,2023,January,Million Cubic Meter,265.625393
Denmark,2023,January,Million Cubic Meter,722.546968
Czech Republic,2023,January,Million Cubic Meter,1861.579838
Croatia,2023,January,Million Cubic Meter,514.39254
Bulgaria,2023,January,Million Cubic Meter,576.464403
Belgium,2023,January,Million Cubic Meter,1671.038849
Austria,2023,January,Million Cubic Meter,2117.06584
United Kingdom,2023,February,Million Cubic Meter,13003.084038
Sweden,2023,February,Million Cubic Meter,136.482
Spain,2023,February,Million Cubic Meter,4071
Slovenia,2023,February,Million Cubic Meter,186.45997
Slovakia,2023,February,Million Cubic Meter,1116.402743
Serbia,2023,February,Million Cubic Meter,800
Romania,2023,February,Million Cubic Meter,1454.593654
Portugal,2023,February,Million Cubic Meter,1174.857143
Poland,2023,February,Million Cubic Meter,2042.331012
Netherlands,2023,February,Million Cubic Meter,3051
Luxembourg,2023,February,Million Cubic Meter,73.183708
Italy,2023,February,Million Cubic Meter,6897.224854
Hungary,2023,February,Million Cubic Meter,2351.467315
Greece,2023,February,Million Cubic Meter,410.895021
Germany,2023,February,Million Cubic Meter,8960
France,2023,February,Million Cubic Meter,4636
Finland,2023,February,Million Cubic Meter,293.90154
Denmark,2023,February,Million Cubic Meter,660.610939
Czech Republic,2023,February,Million Cubic Meter,1810.894606
Croatia,2023,February,Million Cubic Meter,521.752128
Bulgaria,2023,February,Million Cubic Meter,553.008124
Belgium,2023,February,Million Cubic Meter,1535.130707
Austria,2023,February,Million Cubic Meter,1954.221928
United Kingdom,2023,March,Million Cubic Meter,13860.646372
Sweden,2023,March,Million Cubic Meter,171.02
Spain,2023,March,Million Cubic Meter,3508
Slovenia,2023,March,Million Cubic Meter,165.074162
Slovakia,2023,March,Million Cubic Meter,976.12
Serbia,2023,March,Million Cubic Meter,662
Romania,2023,March,Million Cubic Meter,1064.69271
Portugal,2023,March,Million Cubic Meter,1063.238096
Poland,2023,March,Million Cubic Meter,2042.910629
Netherlands,2023,March,Million Cubic Meter,3111
Luxembourg,2023,March,Million Cubic Meter,71.113038
Italy,2023,March,Million Cubic Meter,5717.700318
Hungary,2023,March,Million Cubic Meter,1944.457874
Greece,2023,March,Million Cubic Meter,379.705525
Germany,2023,March,Million Cubic Meter,8588
France,2023,March,Million Cubic Meter,4018
Finland,2023,March,Million Cubic Meter,267.504
Denmark,2023,March,Million Cubic Meter,683.090895
Czech Republic,2023,March,Million Cubic Meter,1621.800514
Croatia,2023,March,Million Cubic Meter,472.242188
Bulgaria,2023,March,Million Cubic Meter,575.873181
Belgium,2023,March,Million Cubic Meter,1519.411925
Austria,2023,March,Million Cubic Meter,1660.805968
United Kingdom,2023,April,Million Cubic Meter,10379.603735
Sweden,2023,April,Million Cubic Meter,97.590082
Spain,2023,April,Million Cubic Meter,2772
Slovenia,2023,April,Million Cubic Meter,144.504215
Slovakia,2023,April,Million Cubic Meter,782.12299
Serbia,2023,April,Million Cubic Meter,516
Romania,2023,April,Million Cubic Meter,774.623349
Portugal,2023,April,Million Cubic Meter,907.047619
Poland,2023,April,Million Cubic Meter,1614.120731
Netherlands,2023,April,Million Cubic Meter,2429
Luxembourg,2023,April,Million Cubic Meter,56.132435
Italy,2023,April,Million Cubic Meter,4414.604431
Hungary,2023,April,Million Cubic Meter,1542.951443
Greece,2023,April,Million Cubic Meter,369.638966
Germany,2023,April,Million Cubic Meter,6754
France,2023,April,Million Cubic Meter,2906
Finland,2023,April,Million Cubic Meter,169.024
Denmark,2023,April,Million Cubic Meter,493.27202
Czech Republic,2023,April,Million Cubic Meter,1264.359678
Croatia,2023,April,Million Cubic Meter,407.322872
Bulgaria,2023,April,Million Cubic Meter,472.102797
Belgium,2023,April,Million Cubic Meter,1159.856552
Austria,2023,April,Million Cubic Meter,1436.288322
United Kingdom,2023,May,Million Cubic Meter,7350.227617
Sweden,2023,May,Million Cubic Meter,105.96445
Spain,2023,May,Million Cubic Meter,2656
Slovenia,2023,May,Million Cubic Meter,122.711528
Slovakia,2023,May,Million Cubic Meter,549.517993
Serbia,2023,May,Million Cubic Meter,292
Romania,2023,May,Million Cubic Meter,489.068707
Portugal,2023,May,Million Cubic Meter,983.904762
Poland,2023,May,Million Cubic Meter,1202.036672
Netherlands,2023,May,Million Cubic Meter,1895
Luxembourg,2023,May,Million Cubic Meter,37.964783
Italy,2023,May,Million Cubic Meter,3680.176635
Hungary,2023,May,Million Cubic Meter,1008.704454
Greece,2023,May,Million Cubic Meter,303.441024
Germany,2023,May,Million Cubic Meter,4591
France,2023,May,Million Cubic Meter,1808
Finland,2023,May,Million Cubic Meter,279.383999
Denmark,2023,May,Million Cubic Meter,406.413669
Czech Republic,2023,May,Million Cubic Meter,759.629587
Croatia,2023,May,Million Cubic Meter,292.992389
Bulgaria,2023,May,Million Cubic Meter,316.567356
Belgium,2023,May,Million Cubic Meter,812.51152
Austria,2023,May,Million Cubic Meter,975.640147
United Kingdom,2023,June,Million Cubic Meter,6068.111208
Sweden,2023,June,Million Cubic Meter,99.820346
Spain,2023,June,Million Cubic Meter,2622
Slovenia,2023,June,Million Cubic Meter,103.728198
Slovakia,2023,June,Million Cubic Meter,438.368381
Serbia,2023,June,Million Cubic Meter,266
Romania,2023,June,Million Cubic Meter,355.747302
Portugal,2023,June,Million Cubic Meter,1098.380953
Poland,2023,June,Million Cubic Meter,1085.419207
Netherlands,2023,June,Million Cubic Meter,1868
Luxembourg,2023,June,Million Cubic Meter,27.113725
Italy,2023,June,Million Cubic Meter,3510.766663
Hungary,2023,June,Million Cubic Meter,852.732683
Greece,2023,June,Million Cubic Meter,406.748819
Germany,2023,June,Million Cubic Meter,3649
France,2023,June,Million Cubic Meter,1525
Finland,2023,June,Million Cubic Meter,199.824
Denmark,2023,June,Million Cubic Meter,388.86719
Czech Republic,2023,June,Million Cubic Meter,702.920545
Croatia,2023,June,Million Cubic Meter,239.900276
Bulgaria,2023,June,Million Cubic Meter,297.257994
Belgium,2023,June,Million Cubic Meter,745.046555
Austria,2023,June,Million Cubic Meter,674.810277
United Kingdom,2023,July,Million Cubic Meter,5732.496765
Sweden,2023,July,Million Cubic Meter,95.93611
Spain,2023,July,Million Cubic Meter,2563
Slovenia,2023,July,Million Cubic Meter,93.231568
Slovakia,2023,July,Million Cubic Meter,410.471981
Serbia,2023,July,Million Cubic Meter,276
Romania,2023,July,Million Cubic Meter,509.800877
Portugal,2023,July,Million Cubic Meter,1158.285715
Poland,2023,July,Million Cubic Meter,1083.200796
Netherlands,2023,July,Million Cubic Meter,1720
Luxembourg,2023,July,Million Cubic Meter,28.060825
Italy,2023,July,Million Cubic Meter,4147.687439
Hungary,2023,July,Million Cubic Meter,903.948472
Greece,2023,July,Million Cubic Meter,504.04533
Germany,2023,July,Million Cubic Meter,3537
France,2023,July,Million Cubic Meter,1471
Finland,2023,July,Million Cubic Meter,225.503999
Denmark,2023,July,Million Cubic Meter,387.60239
Czech Republic,2023,July,Million Cubic Meter,633.840901
Croatia,2023,July,Million Cubic Meter,327.208449
Bulgaria,2023,July,Million Cubic Meter,360.888689
Belgium,2023,July,Million Cubic Meter,690.638444
Austria,2023,July,Million Cubic Meter,692.20608
United Kingdom,2023,August,Million Cubic Meter,6231.842764
Sweden,2023,August,Million Cubic Meter,101.909632
Spain,2023,August,Million Cubic Meter,2412
Slovenia,2023,August,Million Cubic Meter,84.415952
Slovakia,2023,August,Million Cubic Meter,350.30987
Serbia,2023,August,Million Cubic Meter,278
Romania,2023,August,Million Cubic Meter,502.321231
Portugal,2023,August,Million Cubic Meter,1030.666668
Poland,2023,August,Million Cubic Meter,1154.303079
Netherlands,2023,August,Million Cubic Meter,1920
Luxembourg,2023,August,Million Cubic Meter,25.14501
Italy,2023,August,Million Cubic Meter,3209.904175
Hungary,2023,August,Million Cubic Meter,830.080196
Greece,2023,August,Million Cubic Meter,439.496839
Germany,2023,August,Million Cubic Meter,3696
France,2023,August,Million Cubic Meter,1358
Finland,2023,August,Million Cubic Meter,273.72749
Denmark,2023,August,Million Cubic Meter,423.20248
Czech Republic,2023,August,Million Cubic Meter,626.428686
Croatia,2023,August,Million Cubic Meter,324.538968
Bulgaria,2023,August,Million Cubic Meter,337.305796
Belgium,2023,August,Million Cubic Meter,733.452194
Austria,2023,August,Million Cubic Meter,635.81023
United Kingdom,2023,September,Million Cubic Meter,6230.291023
Sweden,2023,September,Million Cubic Meter,128.711869
Spain,2023,September,Million Cubic Meter,2661
Slovenia,2023,September,Million Cubic Meter,96.293451
Slovakia,2023,September,Million Cubic Meter,346.470686
Serbia,2023,September,Million Cubic Meter,276
Romania,2023,September,Million Cubic Meter,532.11686
Portugal,2023,September,Million Cubic Meter,1115.333334
Poland,2023,September,Million Cubic Meter,1005.314592
Netherlands,2023,September,Million Cubic Meter,1963
Luxembourg,2023,September,Million Cubic Meter,6.332043
Italy,2023,September,Million Cubic Meter,3894.545776
Hungary,2023,September,Million Cubic Meter,859.113198
Greece,2023,September,Million Cubic Meter,422.347758
Germany,2023,September,Million Cubic Meter,3703
France,2023,September,Million Cubic Meter,1490
Finland,2023,September,Million Cubic Meter,235.316773
Denmark,2023,September,Million Cubic Meter,378.026295
Czech Republic,2023,September,Million Cubic Meter,670.040135
Croatia,2023,September,Million Cubic Meter,344.183457
Bulgaria,2023,September,Million Cubic Meter,367.662737
Belgium,2023,September,Million Cubic Meter,748.495865
Austria,2023,September,Million Cubic Meter,821.166461
United Kingdom,2023,October,Million Cubic Meter,8447.084294
Sweden,2023,October,Million Cubic Meter,127.429905
Spain,2023,October,Million Cubic Meter,2740
Slovenia,2023,October,Million Cubic Meter,120.249241
Slovakia,2023,October,Million Cubic Meter,607.97827
Serbia,2023,October,Million Cubic Meter,389.374393
Romania,2023,October,Million Cubic Meter,748.740453
Portugal,2023,October,Million Cubic Meter,926.000001
Poland,2023,October,Million Cubic Meter,1530.829116
Netherlands,2023,October,Million Cubic Meter,2155
Luxembourg,2023,October,Million Cubic Meter,41.342099
Italy,2023,October,Million Cubic Meter,4149.155151
Hungary,2023,October,Million Cubic Meter,1269.401974
Greece,2023,October,Million Cubic Meter,410.253692
Germany,2023,October,Million Cubic Meter,5615
France,2023,October,Million Cubic Meter,2100
Finland,2023,October,Million Cubic Meter,450.976
Denmark,2023,October,Million Cubic Meter,535.863535
Czech Republic,2023,October,Million Cubic Meter,997.141947
Croatia,2023,October,Million Cubic Meter,407.675205
Bulgaria,2023,October,Million Cubic Meter,386.72183
Belgium,2023,October,Million Cubic Meter,915.55719
Austria,2023,October,Million Cubic Meter,1130.628752
United Kingdom,2023,November,Million Cubic Meter,12895.421618
Sweden,2023,November,Million Cubic Meter,165.269429
Spain,2023,November,Million Cubic Meter,3165
Slovenia,2023,November,Million Cubic Meter,173.04419
Slovakia,2023,November,Million Cubic Meter,962.309619
Serbia,2023,November,Million Cubic Meter,696
Romania,2023,November,Million Cubic Meter,1233.764713
Portugal,2023,November,Million Cubic Meter,961.04762
Poland,2023,November,Million Cubic Meter,2139.996928
Netherlands,2023,November,Million Cubic Meter,2884
Luxembourg,2023,November,Million Cubic Meter,71.267101
Italy,2023,November,Million Cubic Meter,5560.676391
Hungary,2023,November,Million Cubic Meter,2013.109334
Greece,2023,November,Million Cubic Meter,349.875168
Germany,2023,November,Million Cubic Meter,8577
France,2023,November,Million Cubic Meter,3778
Finland,2023,November,Million Cubic Meter,311.104974
Denmark,2023,November,Million Cubic Meter,706.417642
Czech Republic,2023,November,Million Cubic Meter,1518.215619
Croatia,2023,November,Million Cubic Meter,582.769076
Bulgaria,2023,November,Million Cubic Meter,541.831319
Belgium,2023,November,Million Cubic Meter,1350.64914
Austria,2023,November,Million Cubic Meter,1701.63032
United Kingdom,2023,December,Million Cubic Meter,13819.042667
Sweden,2023,December,Million Cubic Meter,183.784857
Spain,2023,December,Million Cubic Meter,3867
Slovenia,2023,December,Million Cubic Meter,202.916917
Slovakia,2023,December,Million Cubic Meter,1218.506667
Serbia,2023,December,Million Cubic Meter,828
Romania,2023,December,Million Cubic Meter,1582.66985
Portugal,2023,December,Million Cubic Meter,991.047619
Poland,2023,December,Million Cubic Meter,2447.308837
Netherlands,2023,December,Million Cubic Meter,3392
Luxembourg,2023,December,Million Cubic Meter,77.659183
Italy,2023,December,Million Cubic Meter,7064.727295
Hungary,2023,December,Million Cubic Meter,2514.892274
Greece,2023,December,Million Cubic Meter,463.665769
Germany,2023,December,Million Cubic Meter,9876
France,2023,December,Million Cubic Meter,4441
Finland,2023,December,Million Cubic Meter,377.237961
Denmark,2023,December,Million Cubic Meter,783.188
Czech Republic,2023,December,Million Cubic Meter,1833.710381
Croatia,2023,December,Million Cubic Meter,543.536195
Bulgaria,2023,December,Million Cubic Meter,628.592947
Belgium,2023,December,Million Cubic Meter,1511.525925
Austria,2023,December,Million Cubic Meter,2077.551275
United Kingdom,2022,January,Million Cubic Meter,18014.736993
Sweden,2022,January,Million Cubic Meter,204.346
Spain,2022,January,Million Cubic Meter,5217
Slovenia,2022,January,Million Cubic Meter,244.509149
Slovakia,2022,January,Million Cubic Meter,1469.685867
Serbia,2022,January,Million Cubic Meter,877.434214
Romania,2022,January,Million Cubic Meter,1757.539009
Portugal,2022,January,Million Cubic Meter,1377.506581
Poland,2022,January,Million Cubic Meter,2419.326391
Netherlands,2022,January,Million Cubic Meter,4258
Luxembourg,2022,January,Million Cubic Meter,108.822712
Italy,2022,January,Million Cubic Meter,9524.170899
Hungary,2022,January,Million Cubic Meter,3433.053718
Greece,2022,January,Million Cubic Meter,602.574811
Germany,2022,January,Million Cubic Meter,11845
France,2022,January,Million Cubic Meter,6163
Finland,2022,January,Million Cubic Meter,357.79
Denmark,2022,January,Million Cubic Meter,840.533641
Czech Republic,2022,January,Million Cubic Meter,2374.27744
Croatia,2022,January,Million Cubic Meter,651.939056
Bulgaria,2022,January,Million Cubic Meter,845.79834
Belgium,2022,January,Million Cubic Meter,2037.655914
Austria,2022,January,Million Cubic Meter,2759.69001
United Kingdom,2022,February,Million Cubic Meter,13529.874292
Sweden,2022,February,Million Cubic Meter,163.488
Spain,2022,February,Million Cubic Meter,4263
Slovenia,2022,February,Million Cubic Meter,195.171491
Slovakia,2022,February,Million Cubic Meter,1155.291638
Serbia,2022,February,Million Cubic Meter,694.000001
Romania,2022,February,Million Cubic Meter,1422.177339
Portugal,2022,February,Million Cubic Meter,1204.952381
Poland,2022,February,Million Cubic Meter,1987.648011
Netherlands,2022,February,Million Cubic Meter,3413
Luxembourg,2022,February,Million Cubic Meter,86.536647
Italy,2022,February,Million Cubic Meter,7569.671753
Hungary,2022,February,Million Cubic Meter,2680.470118
Greece,2022,February,Million Cubic Meter,521.521938
Germany,2022,February,Million Cubic Meter,9739
France,2022,February,Million Cubic Meter,4623
Finland,2022,February,Million Cubic Meter,299.789999
Denmark,2022,February,Million Cubic Meter,732.715181
Czech Republic,2022,February,Million Cubic Meter,2337.155842
Croatia,2022,February,Million Cubic Meter,587.28163
Bulgaria,2022,February,Million Cubic Meter,661.901712
Belgium,2022,February,Million Cubic Meter,1551.22554
Austria,2022,February,Million Cubic Meter,2228.095934
United Kingdom,2022,March,Million Cubic Meter,13771.504686
Sweden,2022,March,Million Cubic Meter,119.278
Spain,2022,March,Million Cubic Meter,4245
Slovenia,2022,March,Million Cubic Meter,202.884741
Slovakia,2022,March,Million Cubic Meter,1114.624838
Serbia,2022,March,Million Cubic Meter,746.982471
Romania,2022,March,Million Cubic Meter,1318.623095
Portugal,2022,March,Million Cubic Meter,1319.04762
Poland,2022,March,Million Cubic Meter,1956.524703
Netherlands,2022,March,Million Cubic Meter,3246
Luxembourg,2022,March,Million Cubic Meter,79.213218
Italy,2022,March,Million Cubic Meter,7716.453858
Hungary,2022,March,Million Cubic Meter,2607.83436
Greece,2022,March,Million Cubic Meter,660.833456
Germany,2022,March,Million Cubic Meter,9501
France,2022,March,Million Cubic Meter,4336
Finland,2022,March,Million Cubic Meter,324.67
Denmark,2022,March,Million Cubic Meter,742.822955
Czech Republic,2022,March,Million Cubic Meter,1924.781203
Croatia,2022,March,Million Cubic Meter,516.664556
Bulgaria,2022,March,Million Cubic Meter,720.634343
Belgium,2022,March,Million Cubic Meter,1410.495911
Austria,2022,March,Million Cubic Meter,2327.334656
United Kingdom,2022,April,Million Cubic Meter,11214.465084
Sweden,2022,April,Million Cubic Meter,104.847536
Spain,2022,April,Million Cubic Meter,3235
Slovenia,2022,April,Million Cubic Meter,150.99777
Slovakia,2022,April,Million Cubic Meter,861.919029
Serbia,2022,April,Million Cubic Meter,505.311671
Romania,2022,April,Million Cubic Meter,759.902013
Portugal,2022,April,Million Cubic Meter,1154.761906
Poland,2022,April,Million Cubic Meter,1663.531281
Netherlands,2022,April,Million Cubic Meter,2654
Luxembourg,2022,April,Million Cubic Meter,59.827516
Italy,2022,April,Million Cubic Meter,5126.234741
Hungary,2022,April,Million Cubic Meter,1800.688842
Greece,2022,April,Million Cubic Meter,305.630959
Germany,2022,April,Million Cubic Meter,7320
France,2022,April,Million Cubic Meter,3277
Finland,2022,April,Million Cubic Meter,192.19
Denmark,2022,April,Million Cubic Meter,559.455551
Czech Republic,2022,April,Million Cubic Meter,1436.387602
Croatia,2022,April,Million Cubic Meter,367.537541
Bulgaria,2022,April,Million Cubic Meter,459.523588
Belgium,2022,April,Million Cubic Meter,1135.689072
Austria,2022,April,Million Cubic Meter,1578.560204
United Kingdom,2022,May,Million Cubic Meter,8954.690354
Sweden,2022,May,Million Cubic Meter,95.71826
Spain,2022,May,Million Cubic Meter,2824
Slovenia,2022,May,Million Cubic Meter,110.119825
Slovakia,2022,May,Million Cubic Meter,495.274952
Serbia,2022,May,Million Cubic Meter,302
Romania,2022,May,Million Cubic Meter,677.161016
Portugal,2022,May,Million Cubic Meter,1222.857144
Poland,2022,May,Million Cubic Meter,1247.312251
Netherlands,2022,May,Million Cubic Meter,2082
Luxembourg,2022,May,Million Cubic Meter,39.321204
Italy,2022,May,Million Cubic Meter,4032.850463
Hungary,2022,May,Million Cubic Meter,956.924842
Greece,2022,May,Million Cubic Meter,355.735784
Germany,2022,May,Million Cubic Meter,4795
France,2022,May,Million Cubic Meter,2102
Finland,2022,May,Million Cubic Meter,205.79
Denmark,2022,May,Million Cubic Meter,432.241504
Czech Republic,2022,May,Million Cubic Meter,869.010524
Croatia,2022,May,Million Cubic Meter,241.905332
Bulgaria,2022,May,Million Cubic Meter,417.413224
Belgium,2022,May,Million Cubic Meter,888.596436
Austria,2022,May,Million Cubic Meter,1055.433209
United Kingdom,2022,June,Million Cubic Meter,7431.293864
Sweden,2022,June,Million Cubic Meter,74.41
Spain,2022,June,Million Cubic Meter,2825
Slovenia,2022,June,Million Cubic Meter,99.766606
Slovakia,2022,June,Million Cubic Meter,400.115771
Serbia,2022,June,Million Cubic Meter,308
Romania,2022,June,Million Cubic Meter,597.259378
Portugal,2022,June,Million Cubic Meter,1313.128493
Poland,2022,June,Million Cubic Meter,1113.59874
Netherlands,2022,June,Million Cubic Meter,1923
Luxembourg,2022,June,Million Cubic Meter,31.043973
Italy,2022,June,Million Cubic Meter,4022.618164
Hungary,2022,June,Million Cubic Meter,873.455121
Greece,2022,June,Million Cubic Meter,440.747191
Germany,2022,June,Million Cubic Meter,3920
France,2022,June,Million Cubic Meter,1773
Finland,2022,June,Million Cubic Meter,187.05
Denmark,2022,June,Million Cubic Meter,386.694112
Czech Republic,2022,June,Million Cubic Meter,770.143177
Croatia,2022,June,Million Cubic Meter,234.872516
Bulgaria,2022,June,Million Cubic Meter,395.902724
Belgium,2022,June,Million Cubic Meter,803.901108
Austria,2022,June,Million Cubic Meter,803.195296
United Kingdom,2022,July,Million Cubic Meter,7310.343949
Sweden,2022,July,Million Cubic Meter,105.162
Spain,2022,July,Million Cubic Meter,2979
Slovenia,2022,July,Million Cubic Meter,96.179701
Slovakia,2022,July,Million Cubic Meter,407.458038
Serbia,2022,July,Million Cubic Meter,262
Romania,2022,July,Million Cubic Meter,563.369501
Portugal,2022,July,Million Cubic Meter,1340
Poland,2022,July,Million Cubic Meter,993.183263
Netherlands,2022,July,Million Cubic Meter,1751
Luxembourg,2022,July,Million Cubic Meter,28.078581
Italy,2022,July,Million Cubic Meter,4285.838134
Hungary,2022,July,Million Cubic Meter,929.860239
Greece,2022,July,Million Cubic Meter,555.157333
Germany,2022,July,Million Cubic Meter,3602
France,2022,July,Million Cubic Meter,1775
Finland,2022,July,Million Cubic Meter,169.634
Denmark,2022,July,Million Cubic Meter,332.458725
Czech Republic,2022,July,Million Cubic Meter,680.607438
Croatia,2022,July,Million Cubic Meter,285.573605
Bulgaria,2022,July,Million Cubic Meter,387.153093
Belgium,2022,July,Million Cubic Meter,787.745926
Austria,2022,July,Million Cubic Meter,753.668431
United Kingdom,2022,August,Million Cubic Meter,7346.607414
Sweden,2022,August,Million Cubic Meter,107.72
Spain,2022,August,Million Cubic Meter,2775
Slovenia,2022,August,Million Cubic Meter,87.978615
Slovakia,2022,August,Million Cubic Meter,346.979524
Serbia,2022,August,Million Cubic Meter,246
Romania,2022,August,Million Cubic Meter,550.664591
Portugal,2022,August,Million Cubic Meter,1275.714286
Poland,2022,August,Million Cubic Meter,879.772229
Netherlands,2022,August,Million Cubic Meter,1670
Luxembourg,2022,August,Million Cubic Meter,24.161737
Italy,2022,August,Million Cubic Meter,3610.731629
Hungary,2022,August,Million Cubic Meter,814.097769
Greece,2022,August,Million Cubic Meter,528.820571
Germany,2022,August,Million Cubic Meter,3422
France,2022,August,Million Cubic Meter,1623
Finland,2022,August,Million Cubic Meter,201.789999
Denmark,2022,August,Million Cubic Meter,341.699451
Czech Republic,2022,August,Million Cubic Meter,701.982985
Croatia,2022,August,Million Cubic Meter,270.5014
Bulgaria,2022,August,Million Cubic Meter,288.413318
Belgium,2022,August,Million Cubic Meter,841.792053
Austria,2022,August,Million Cubic Meter,694.020751
United Kingdom,2022,September,Million Cubic Meter,7808.283387
Sweden,2022,September,Million Cubic Meter,89.962407
Spain,2022,September,Million Cubic Meter,2648
Slovenia,2022,September,Million Cubic Meter,100.499044
Slovakia,2022,September,Million Cubic Meter,394.603295
Serbia,2022,September,Million Cubic Meter,314
Romania,2022,September,Million Cubic Meter,600.870305
Portugal,2022,September,Million Cubic Meter,1226.571429
Poland,2022,September,Million Cubic Meter,902.979102
Netherlands,2022,September,Million Cubic Meter,1738
Luxembourg,2022,September,Million Cubic Meter,36.002673
Italy,2022,September,Million Cubic Meter,3883.869812
Hungary,2022,September,Million Cubic Meter,978.73076
Greece,2022,September,Million Cubic Meter,333.074071
Germany,2022,September,Million Cubic Meter,4183
France,2022,September,Million Cubic Meter,2048
Finland,2022,September,Million Cubic Meter,147.634
Denmark,2022,September,Million Cubic Meter,367.550951
Czech Republic,2022,September,Million Cubic Meter,841.962051
Croatia,2022,September,Million Cubic Meter,254.444763
Bulgaria,2022,September,Million Cubic Meter,281.770834
Belgium,2022,September,Million Cubic Meter,877.111909
Austria,2022,September,Million Cubic Meter,1087.395595
United Kingdom,2022,October,Million Cubic Meter,8947.730156
Sweden,2022,October,Million Cubic Meter,109.416
Spain,2022,October,Million Cubic Meter,2806
Slovenia,2022,October,Million Cubic Meter,118.162787
Slovakia,2022,October,Million Cubic Meter,613.885314
Serbia,2022,October,Million Cubic Meter,465.998832
Romania,2022,October,Million Cubic Meter,745.217705
Portugal,2022,October,Million Cubic Meter,1198.666666
Poland,2022,October,Million Cubic Meter,1247.654354
Netherlands,2022,October,Million Cubic Meter,2103
Luxembourg,2022,October,Million Cubic Meter,44.194314
Italy,2022,October,Million Cubic Meter,3951.936768
Hungary,2022,October,Million Cubic Meter,1228.020958
Greece,2022,October,Million Cubic Meter,255.032133
Germany,2022,October,Million Cubic Meter,5078
France,2022,October,Million Cubic Meter,2440
Finland,2022,October,Million Cubic Meter,138.484
Denmark,2022,October,Million Cubic Meter,435.42821
Czech Republic,2022,October,Million Cubic Meter,1119.83497
Croatia,2022,October,Million Cubic Meter,337.965649
Bulgaria,2022,October,Million Cubic Meter,309.656594
Belgium,2022,October,Million Cubic Meter,1021.749145
Austria,2022,October,Million Cubic Meter,1275.201422
United Kingdom,2022,November,Million Cubic Meter,12347.89822
Sweden,2022,November,Million Cubic Meter,107.08
Spain,2022,November,Million Cubic Meter,3270
Slovenia,2022,November,Million Cubic Meter,165.788737
Slovakia,2022,November,Million Cubic Meter,919.410476
Serbia,2022,November,Million Cubic Meter,730.000001
Romania,2022,November,Million Cubic Meter,1108.245715
Portugal,2022,November,Million Cubic Meter,1279.809524
Poland,2022,November,Million Cubic Meter,1807.999098
Netherlands,2022,November,Million Cubic Meter,2605
Luxembourg,2022,November,Million Cubic Meter,59.687059
Italy,2022,November,Million Cubic Meter,5400.68866
Hungary,2022,November,Million Cubic Meter,2000.142982
Greece,2022,November,Million Cubic Meter,366.33131
Germany,2022,November,Million Cubic Meter,7309
France,2022,November,Million Cubic Meter,3784
Finland,2022,November,Million Cubic Meter,157.79
Denmark,2022,November,Million Cubic Meter,541.40536
Czech Republic,2022,November,Million Cubic Meter,1603.008661
Croatia,2022,November,Million Cubic Meter,429.061938
Bulgaria,2022,November,Million Cubic Meter,489.754962
Belgium,2022,November,Million Cubic Meter,1210.150788
Austria,2022,November,Million Cubic Meter,1886.632844
United Kingdom,2022,December,Million Cubic Meter,16522.609981
Sweden,2022,December,Million Cubic Meter,163.402
Spain,2022,December,Million Cubic Meter,3429
Slovenia,2022,December,Million Cubic Meter,193.697377
Slovakia,2022,December,Million Cubic Meter,1191.776171
Serbia,2022,December,Million Cubic Meter,865.175328
Romania,2022,December,Million Cubic Meter,1442.023529
Portugal,2022,December,Million Cubic Meter,1056.190477
Poland,2022,December,Million Cubic Meter,2159.135152
Netherlands,2022,December,Million Cubic Meter,3805
Luxembourg,2022,December,Million Cubic Meter,78.327954
Italy,2022,December,Million Cubic Meter,7164.691711
Hungary,2022,December,Million Cubic Meter,2548.990426
Greece,2022,December,Million Cubic Meter,488.557369
Germany,2022,December,Million Cubic Meter,10224
France,2022,December,Million Cubic Meter,5256
Finland,2022,December,Million Cubic Meter,178.19
Denmark,2022,December,Million Cubic Meter,774.778227
Czech Republic,2022,December,Million Cubic Meter,2046.092146
Croatia,2022,December,Million Cubic Meter,476.822025
Bulgaria,2022,December,Million Cubic Meter,610.796774
Belgium,2022,December,Million Cubic Meter,1711.764526
Austria,2022,December,Million Cubic Meter,2246.686169
United Kingdom,2021,January,Million Cubic Meter,20358.66455
Sweden,2021,January,Million Cubic Meter,368
Spain,2021,January,Million Cubic Meter,5025
Slovenia,2021,January,Million Cubic Meter,237.311044
Slovakia,2021,January,Million Cubic Meter,1543.803714
Serbia,2021,January,Million Cubic Meter,816
Romania,2021,January,Million Cubic Meter,1799.213829
Portugal,2021,January,Million Cubic Meter,569.333334
Poland,2021,January,Million Cubic Meter,2646.331333
Netherlands,2021,January,Million Cubic Meter,5595
Luxembourg,2021,January,Million Cubic Meter,114.28656
Italy,2021,January,Million Cubic Meter,9657.585528
Hungary,2021,January,Million Cubic Meter,3307.95325
Greece,2021,January,Million Cubic Meter,652.382073
Germany,2021,January,Million Cubic Meter,13096.761921
France,2021,January,Million Cubic Meter,6320
Finland,2021,January,Million Cubic Meter,717.8
Denmark,2021,January,Million Cubic Meter,1104.560227
Czech Republic,2021,January,Million Cubic Meter,2676.719328
Croatia,2021,January,Million Cubic Meter,616.2056
Bulgaria,2021,January,Million Cubic Meter,832.667759
Belgium,2021,January,Million Cubic Meter,2293.799347
Austria,2021,January,Million Cubic Meter,2842.269514
United Kingdom,2021,February,Million Cubic Meter,16430.199058
Sweden,2021,February,Million Cubic Meter,310
Spain,2021,February,Million Cubic Meter,3656
Slovenia,2021,February,Million Cubic Meter,204.634585
Slovakia,2021,February,Million Cubic Meter,1396.515676
Serbia,2021,February,Million Cubic Meter,694
Romania,2021,February,Million Cubic Meter,1572.410942
Portugal,2021,February,Million Cubic Meter,388
Poland,2021,February,Million Cubic Meter,2384.336777
Netherlands,2021,February,Million Cubic Meter,4622
Luxembourg,2021,February,Million Cubic Meter,93.965363
Italy,2021,February,Million Cubic Meter,7517.104153
Hungary,2021,February,Million Cubic Meter,2831.9706
Greece,2021,February,Million Cubic Meter,466.409375
Germany,2021,February,Million Cubic Meter,11346.66666
France,2021,February,Million Cubic Meter,4933
Finland,2021,February,Million Cubic Meter,719.799999
Denmark,2021,February,Million Cubic Meter,1054.25253
Czech Republic,2021,February,Million Cubic Meter,2449.086659
Croatia,2021,February,Million Cubic Meter,574.315504
Bulgaria,2021,February,Million Cubic Meter,749.020352
Belgium,2021,February,Million Cubic Meter,1895.20108
Austria,2021,February,Million Cubic Meter,2309.547136
United Kingdom,2021,March,Million Cubic Meter,15817.255186
Sweden,2021,March,Million Cubic Meter,232
Spain,2021,March,Million Cubic Meter,4067
Slovenia,2021,March,Million Cubic Meter,209.348844
Slovakia,2021,March,Million Cubic Meter,1354.264571
Serbia,2021,March,Million Cubic Meter,692
Romania,2021,March,Million Cubic Meter,1597.928365
Portugal,2021,March,Million Cubic Meter,475.142857
Poland,2021,March,Million Cubic Meter,2246.022131
Netherlands,2021,March,Million Cubic Meter,4414
Luxembourg,2021,March,Million Cubic Meter,93.784488
Italy,2021,March,Million Cubic Meter,7409.96888
Hungary,2021,March,Million Cubic Meter,2632.849839
Greece,2021,March,Million Cubic Meter,561.917247
Germany,2021,March,Million Cubic Meter,10684.666677
France,2021,March,Million Cubic Meter,4832
Finland,2021,March,Million Cubic Meter,535.8
Denmark,2021,March,Million Cubic Meter,874.746914
Czech Republic,2021,March,Million Cubic Meter,2315.897899
Croatia,2021,March,Million Cubic Meter,630.114851
Bulgaria,2021,March,Million Cubic Meter,812.309144
Belgium,2021,March,Million Cubic Meter,1815.647949
Austria,2021,March,Million Cubic Meter,2263.928189
United Kingdom,2021,April,Million Cubic Meter,14153.821117
Sweden,2021,April,Million Cubic Meter,200
Spain,2021,April,Million Cubic Meter,3636
Slovenia,2021,April,Million Cubic Meter,180.322432
Slovakia,2021,April,Million Cubic Meter,1074.595219
Serbia,2021,April,Million Cubic Meter,560
Romania,2021,April,Million Cubic Meter,1098.373552
Portugal,2021,April,Million Cubic Meter,543.809524
Poland,2021,April,Million Cubic Meter,1892.922442
Netherlands,2021,April,Million Cubic Meter,3655
Luxembourg,2021,April,Million Cubic Meter,78.87066
Italy,2021,April,Million Cubic Meter,5889.220703
Hungary,2021,April,Million Cubic Meter,2048.138473
Greece,2021,April,Million Cubic Meter,566.47033
Germany,2021,April,Million Cubic Meter,8974.28571
France,2021,April,Million Cubic Meter,3752
Finland,2021,April,Million Cubic Meter,455.8
Denmark,2021,April,Million Cubic Meter,706.458217
Czech Republic,2021,April,Million Cubic Meter,1900.155364
Croatia,2021,April,Million Cubic Meter,527.13087
Bulgaria,2021,April,Million Cubic Meter,619.843292
Belgium,2021,April,Million Cubic Meter,1605.31021
Austria,2021,April,Million Cubic Meter,1855.156443
United Kingdom,2021,May,Million Cubic Meter,11647.556038
Sweden,2021,May,Million Cubic Meter,127.2
Spain,2021,May,Million Cubic Meter,3037
Slovenia,2021,May,Million Cubic Meter,138.57347
Slovakia,2021,May,Million Cubic Meter,703.582533
Serbia,2021,May,Million Cubic Meter,314
Romania,2021,May,Million Cubic Meter,654.048899
Portugal,2021,May,Million Cubic Meter,465.714285
Poland,2021,May,Million Cubic Meter,1510.661247
Netherlands,2021,May,Million Cubic Meter,2976
Luxembourg,2021,May,Million Cubic Meter,66.478658
Italy,2021,May,Million Cubic Meter,4120.099824
Hungary,2021,May,Million Cubic Meter,1392.442474
Greece,2021,May,Million Cubic Meter,414.516902
Germany,2021,May,Million Cubic Meter,6825.904756
France,2021,May,Million Cubic Meter,2700
Finland,2021,May,Million Cubic Meter,203.8
Denmark,2021,May,Million Cubic Meter,588.861224
Czech Republic,2021,May,Million Cubic Meter,1227.365061
Croatia,2021,May,Million Cubic Meter,352.314608
Bulgaria,2021,May,Million Cubic Meter,503.082116
Belgium,2021,May,Million Cubic Meter,1179.667465
Austria,2021,May,Million Cubic Meter,1213.404821
United Kingdom,2021,June,Million Cubic Meter,7006.785892
Sweden,2021,June,Million Cubic Meter,207.4
Spain,2021,June,Million Cubic Meter,2823
Slovenia,2021,June,Million Cubic Meter,111.09893
Slovakia,2021,June,Million Cubic Meter,563.130571
Serbia,2021,June,Million Cubic Meter,296
Romania,2021,June,Million Cubic Meter,598.776057
Portugal,2021,June,Million Cubic Meter,562.666667
Poland,2021,June,Million Cubic Meter,1296.80965
Netherlands,2021,June,Million Cubic Meter,2303
Luxembourg,2021,June,Million Cubic Meter,41.849818
Italy,2021,June,Million Cubic Meter,4100.250546
Hungary,2021,June,Million Cubic Meter,978.723844
Greece,2021,June,Million Cubic Meter,557.346254
Germany,2021,June,Million Cubic Meter,4491.42858
France,2021,June,Million Cubic Meter,1746
Finland,2021,June,Million Cubic Meter,239.79
Denmark,2021,June,Million Cubic Meter,422.929835
Czech Republic,2021,June,Million Cubic Meter,925.041697
Croatia,2021,June,Million Cubic Meter,248.263779
Bulgaria,2021,June,Million Cubic Meter,475.541978
Belgium,2021,June,Million Cubic Meter,868.791596
Austria,2021,June,Million Cubic Meter,855.205719
United Kingdom,2021,July,Million Cubic Meter,7064.442584
Sweden,2021,July,Million Cubic Meter,128
Spain,2021,July,Million Cubic Meter,2891
Slovenia,2021,July,Million Cubic Meter,100.86801
Slovakia,2021,July,Million Cubic Meter,535.183105
Serbia,2021,July,Million Cubic Meter,326
Romania,2021,July,Million Cubic Meter,629.940746
Portugal,2021,July,Million Cubic Meter,508.476191
Poland,2021,July,Million Cubic Meter,1327.566442
Netherlands,2021,July,Million Cubic Meter,2147
Luxembourg,2021,July,Million Cubic Meter,41.967762
Italy,2021,July,Million Cubic Meter,4553.288453
Hungary,2021,July,Million Cubic Meter,1021.293381
Greece,2021,July,Million Cubic Meter,636.928191
Germany,2021,July,Million Cubic Meter,4407.904756
France,2021,July,Million Cubic Meter,1670
Finland,2021,July,Million Cubic Meter,305.79
Denmark,2021,July,Million Cubic Meter,371.557256
Czech Republic,2021,July,Million Cubic Meter,872.328255
Croatia,2021,July,Million Cubic Meter,346.982324
Bulgaria,2021,July,Million Cubic Meter,535.763192
Belgium,2021,July,Million Cubic Meter,820.549043
Austria,2021,July,Million Cubic Meter,846.055795
United Kingdom,2021,August,Million Cubic Meter,6892.03706
Sweden,2021,August,Million Cubic Meter,161.43
Spain,2021,August,Million Cubic Meter,2752
Slovenia,2021,August,Million Cubic Meter,99.791931
Slovakia,2021,August,Million Cubic Meter,506.657429
Serbia,2021,August,Million Cubic Meter,338
Romania,2021,August,Million Cubic Meter,623.300382
Portugal,2021,August,Million Cubic Meter,474.47619
Poland,2021,August,Million Cubic Meter,1340.047809
Netherlands,2021,August,Million Cubic Meter,1835
Luxembourg,2021,August,Million Cubic Meter,38.266483
Italy,2021,August,Million Cubic Meter,3771.08308
Hungary,2021,August,Million Cubic Meter,1004.510495
Greece,2021,August,Million Cubic Meter,600.640539
Germany,2021,August,Million Cubic Meter,4328.190457
France,2021,August,Million Cubic Meter,1422
Finland,2021,August,Million Cubic Meter,285.79
Denmark,2021,August,Million Cubic Meter,436.935454
Czech Republic,2021,August,Million Cubic Meter,792.51775
Croatia,2021,August,Million Cubic Meter,345.330449
Bulgaria,2021,August,Million Cubic Meter,399.783908
Belgium,2021,August,Million Cubic Meter,822.476562
Austria,2021,August,Million Cubic Meter,837.309256
United Kingdom,2021,September,Million Cubic Meter,7679.698448
Sweden,2021,September,Million Cubic Meter,146.49
Spain,2021,September,Million Cubic Meter,3074
Slovenia,2021,September,Million Cubic Meter,109.626103
Slovakia,2021,September,Million Cubic Meter,617.652914
Serbia,2021,September,Million Cubic Meter,720
Romania,2021,September,Million Cubic Meter,689.667365
Portugal,2021,September,Million Cubic Meter,570.952381
Poland,2021,September,Million Cubic Meter,1378.687306
Netherlands,2021,September,Million Cubic Meter,2131
Luxembourg,2021,September,Million Cubic Meter,45.255842
Italy,2021,September,Million Cubic Meter,4675.696371
Hungary,2021,September,Million Cubic Meter,1063.475466
Greece,2021,September,Million Cubic Meter,539.804832
Germany,2021,September,Million Cubic Meter,4805.71428
France,2021,September,Million Cubic Meter,1809
Finland,2021,September,Million Cubic Meter,349.79
Denmark,2021,September,Million Cubic Meter,455.045954
Czech Republic,2021,September,Million Cubic Meter,948.012406
Croatia,2021,September,Million Cubic Meter,333.205308
Bulgaria,2021,September,Million Cubic Meter,447.549184
Belgium,2021,September,Million Cubic Meter,842.096222
Austria,2021,September,Million Cubic Meter,1004.135821
United Kingdom,2021,October,Million Cubic Meter,10043.990366
Sweden,2021,October,Million Cubic Meter,180.336
Spain,2021,October,Million Cubic Meter,3262
Slovenia,2021,October,Million Cubic Meter,167.697263
Slovakia,2021,October,Million Cubic Meter,928.755848
Serbia,2021,October,Million Cubic Meter,596
Romania,2021,October,Million Cubic Meter,1072.555951
Portugal,2021,October,Million Cubic Meter,504.952381
Poland,2021,October,Million Cubic Meter,1783.319215
Netherlands,2021,October,Million Cubic Meter,2582
Luxembourg,2021,October,Million Cubic Meter,70.956856
Italy,2021,October,Million Cubic Meter,5366.673343
Hungary,2021,October,Million Cubic Meter,2058.429156
Greece,2021,October,Million Cubic Meter,511.374936
Germany,2021,October,Million Cubic Meter,7289.428567
France,2021,October,Million Cubic Meter,3057
Finland,2021,October,Million Cubic Meter,293.789999
Denmark,2021,October,Million Cubic Meter,579.531888
Czech Republic,2021,October,Million Cubic Meter,1486.466491
Croatia,2021,October,Million Cubic Meter,473.642038
Bulgaria,2021,October,Million Cubic Meter,506.32873
Belgium,2021,October,Million Cubic Meter,1185.399414
Austria,2021,October,Million Cubic Meter,1753.835619
United Kingdom,2021,November,Million Cubic Meter,14673.386223
Sweden,2021,November,Million Cubic Meter,205.646
Spain,2021,November,Million Cubic Meter,4590
Slovenia,2021,November,Million Cubic Meter,199.850954
Slovakia,2021,November,Million Cubic Meter,1212.711867
Serbia,2021,November,Million Cubic Meter,724
Romania,2021,November,Million Cubic Meter,1360.179275
Portugal,2021,November,Million Cubic Meter,535.52381
Poland,2021,November,Million Cubic Meter,2105.817307
Netherlands,2021,November,Million Cubic Meter,3667
Luxembourg,2021,November,Million Cubic Meter,92.963745
Italy,2021,November,Million Cubic Meter,7469.845354
Hungary,2021,November,Million Cubic Meter,2724.627786
Greece,2021,November,Million Cubic Meter,531.853219
Germany,2021,November,Million Cubic Meter,10128.57144
France,2021,November,Million Cubic Meter,5185
Finland,2021,November,Million Cubic Meter,221.79
Denmark,2021,November,Million Cubic Meter,729.534961
Czech Republic,2021,November,Million Cubic Meter,2100.816632
Croatia,2021,November,Million Cubic Meter,619.201066
Bulgaria,2021,November,Million Cubic Meter,600.3663
Belgium,2021,November,Million Cubic Meter,1759.257873
Austria,2021,November,Million Cubic Meter,2515.764139
United Kingdom,2021,December,Million Cubic Meter,16641.862258
Sweden,2021,December,Million Cubic Meter,229.886
Spain,2021,December,Million Cubic Meter,4722
Slovenia,2021,December,Million Cubic Meter,235.732185
Slovakia,2021,December,Million Cubic Meter,1471.9836
Serbia,2021,December,Million Cubic Meter,848
Romania,2021,December,Million Cubic Meter,1710.541703
Portugal,2021,December,Million Cubic Meter,478.666667
Poland,2021,December,Million Cubic Meter,2564.852562
Netherlands,2021,December,Million Cubic Meter,4206
Luxembourg,2021,December,Million Cubic Meter,95.728931
Italy,2021,December,Million Cubic Meter,9328.912245
Hungary,2021,December,Million Cubic Meter,3337.456196
Greece,2021,December,Million Cubic Meter,623.271478
Germany,2021,December,Million Cubic Meter,11620.571433
France,2021,December,Million Cubic Meter,5675
Finland,2021,December,Million Cubic Meter,509.79
Denmark,2021,December,Million Cubic Meter,948.786498
Czech Republic,2021,December,Million Cubic Meter,2382.361088
Croatia,2021,December,Million Cubic Meter,565.62847
Bulgaria,2021,December,Million Cubic Meter,777.4046
Belgium,2021,December,Million Cubic Meter,1868.4646
Austria,2021,December,Million Cubic Meter,2699.857656
United Kingdom,2020,January,Million Cubic Meter,12155.399952
Sweden,2020,January,Million Cubic Meter,232
Spain,2020,January,Million Cubic Meter,5085
Slovenia,2020,January,Million Cubic Meter,249.318587
Slovakia,2020,January,Million Cubic Meter,1532.903
Serbia,2020,January,Million Cubic Meter,759.716572
Romania,2020,January,Million Cubic Meter,2219.345333
Portugal,2020,January,Million Cubic Meter,542.571428
Poland,2020,January,Million Cubic Meter,2482.807957
Netherlands,2020,January,Million Cubic Meter,4986
Luxembourg,2020,January,Million Cubic Meter,145.500348
Italy,2020,January,Million Cubic Meter,9475.269006
Hungary,2020,January,Million Cubic Meter,3237.937968
Greece,2020,January,Million Cubic Meter,635.577292
Germany,2020,January,Million Cubic Meter,11703.238095
France,2020,January,Million Cubic Meter,5824
Finland,2020,January,Million Cubic Meter,510
Denmark,2020,January,Million Cubic Meter,827.623692
Czech Republic,2020,January,Million Cubic Meter,2672.812187
Croatia,2020,January,Million Cubic Meter,766.303924
Bulgaria,2020,January,Million Cubic Meter,784.835964
Belgium,2020,January,Million Cubic Meter,2072.445954
Austria,2020,January,Million Cubic Meter,2955.474725
United Kingdom,2020,February,Million Cubic Meter,15913.923238
Sweden,2020,February,Million Cubic Meter,229.8
Spain,2020,February,Million Cubic Meter,4040
Slovenia,2020,February,Million Cubic Meter,192.339895
Slovakia,2020,February,Million Cubic Meter,1193.01101
Serbia,2020,February,Million Cubic Meter,588
Romania,2020,February,Million Cubic Meter,1543.5893
Portugal,2020,February,Million Cubic Meter,469.333333
Poland,2020,February,Million Cubic Meter,2080.813981
Netherlands,2020,February,Million Cubic Meter,4357
Luxembourg,2020,February,Million Cubic Meter,109.807879
Italy,2020,February,Million Cubic Meter,7422.05861
Hungary,2020,February,Million Cubic Meter,2469.889212
Greece,2020,February,Million Cubic Meter,500.92569
Germany,2020,February,Million Cubic Meter,10064.380952
France,2020,February,Million Cubic Meter,4682
Finland,2020,February,Million Cubic Meter,461
Denmark,2020,February,Million Cubic Meter,868.907236
Czech Republic,2020,February,Million Cubic Meter,2068.138337
Croatia,2020,February,Million Cubic Meter,594.306652
Bulgaria,2020,February,Million Cubic Meter,681.610512
Belgium,2020,February,Million Cubic Meter,1812.234985
Austria,2020,February,Million Cubic Meter,2103.494981
United Kingdom,2020,March,Million Cubic Meter,9984.933733
Sweden,2020,March,Million Cubic Meter,188
Spain,2020,March,Million Cubic Meter,3800
Slovenia,2020,March,Million Cubic Meter,192.24027
Slovakia,2020,March,Million Cubic Meter,1099.7256
Serbia,2020,March,Million Cubic Meter,540
Romania,2020,March,Million Cubic Meter,1266.710406
Portugal,2020,March,Million Cubic Meter,511.714286
Poland,2020,March,Million Cubic Meter,2089.524674
Netherlands,2020,March,Million Cubic Meter,4109
Luxembourg,2020,March,Million Cubic Meter,100.73452
Italy,2020,March,Million Cubic Meter,6507.60776
Hungary,2020,March,Million Cubic Meter,2200.091534
Greece,2020,March,Million Cubic Meter,471.044215
Germany,2020,March,Million Cubic Meter,9801.904762
France,2020,March,Million Cubic Meter,4404
Finland,2020,March,Million Cubic Meter,477
Denmark,2020,March,Million Cubic Meter,851.386543
Czech Republic,2020,March,Million Cubic Meter,1926.798547
Croatia,2020,March,Million Cubic Meter,575.274536
Bulgaria,2020,March,Million Cubic Meter,642.649347
Belgium,2020,March,Million Cubic Meter,1743.272369
Austria,2020,March,Million Cubic Meter,2029.479359
United Kingdom,2020,April,Million Cubic Meter,5410.679584
Sweden,2020,April,Million Cubic Meter,148.94
Spain,2020,April,Million Cubic Meter,2823
Slovenia,2020,April,Million Cubic Meter,136.907606
Slovakia,2020,April,Million Cubic Meter,742.740019
Serbia,2020,April,Million Cubic Meter,352
Romania,2020,April,Million Cubic Meter,846.155094
Portugal,2020,April,Million Cubic Meter,440.095239
Poland,2020,April,Million Cubic Meter,1597.36117
Netherlands,2020,April,Million Cubic Meter,2803
Luxembourg,2020,April,Million Cubic Meter,63.896883
Italy,2020,April,Million Cubic Meter,4047.456256
Hungary,2020,April,Million Cubic Meter,1368.600508
Greece,2020,April,Million Cubic Meter,387.526611
Germany,2020,April,Million Cubic Meter,6302.857142
France,2020,April,Million Cubic Meter,2204
Finland,2020,April,Million Cubic Meter,366
Denmark,2020,April,Million Cubic Meter,647.628991
Czech Republic,2020,April,Million Cubic Meter,1234.081223
Croatia,2020,April,Million Cubic Meter,371.681092
Bulgaria,2020,April,Million Cubic Meter,486.835117
Belgium,2020,April,Million Cubic Meter,1071.043427
Austria,2020,April,Million Cubic Meter,1294.327263
United Kingdom,2020,May,Million Cubic Meter,4699.937509
Sweden,2020,May,Million Cubic Meter,155
Spain,2020,May,Million Cubic Meter,2502
Slovenia,2020,May,Million Cubic Meter,109.626766
Slovakia,2020,May,Million Cubic Meter,645.609371
Serbia,2020,May,Million Cubic Meter,252
Romania,2020,May,Million Cubic Meter,637.554132
Portugal,2020,May,Million Cubic Meter,479.809524
Poland,2020,May,Million Cubic Meter,1486.837161
Netherlands,2020,May,Million Cubic Meter,2745
Luxembourg,2020,May,Million Cubic Meter,60.55101
Italy,2020,May,Million Cubic Meter,3586.998675
Hungary,2020,May,Million Cubic Meter,1039.863963
Greece,2020,May,Million Cubic Meter,388.564764
Germany,2020,May,Million Cubic Meter,5789.619048
France,2020,May,Million Cubic Meter,2075
Finland,2020,May,Million Cubic Meter,328
Denmark,2020,May,Million Cubic Meter,553.810752
Czech Republic,2020,May,Million Cubic Meter,1072.396669
Croatia,2020,May,Million Cubic Meter,362.206424
Bulgaria,2020,May,Million Cubic Meter,381.985522
Belgium,2020,May,Million Cubic Meter,1059.300537
Austria,2020,May,Million Cubic Meter,1004.232437
United Kingdom,2020,June,Million Cubic Meter,4636.597763
Sweden,2020,June,Million Cubic Meter,167.44
Spain,2020,June,Million Cubic Meter,2673
Slovenia,2020,June,Million Cubic Meter,92.68364
Slovakia,2020,June,Million Cubic Meter,534.708095
Serbia,2020,June,Million Cubic Meter,240
Romania,2020,June,Million Cubic Meter,625.418908
Portugal,2020,June,Million Cubic Meter,520.571428
Poland,2020,June,Million Cubic Meter,1236.401025
Netherlands,2020,June,Million Cubic Meter,2514
Luxembourg,2020,June,Million Cubic Meter,49.234498
Italy,2020,June,Million Cubic Meter,3943.720367
Hungary,2020,June,Million Cubic Meter,910.108815
Greece,2020,June,Million Cubic Meter,437.296577
Germany,2020,June,Million Cubic Meter,4791.428571
France,2020,June,Million Cubic Meter,2000
Finland,2020,June,Million Cubic Meter,332
Denmark,2020,June,Million Cubic Meter,484.445329
Czech Republic,2020,June,Million Cubic Meter,925.251682
Croatia,2020,June,Million Cubic Meter,342.743114
Bulgaria,2020,June,Million Cubic Meter,380.875836
Belgium,2020,June,Million Cubic Meter,1016.187928
Austria,2020,June,Million Cubic Meter,839.468498
United Kingdom,2020,July,Million Cubic Meter,5314.369879
Sweden,2020,July,Million Cubic Meter,107
Spain,2020,July,Million Cubic Meter,3023
Slovenia,2020,July,Million Cubic Meter,108.227537
Slovakia,2020,July,Million Cubic Meter,498.691352
Serbia,2020,July,Million Cubic Meter,258
Romania,2020,July,Million Cubic Meter,717.651429
Portugal,2020,July,Million Cubic Meter,536
Poland,2020,July,Million Cubic Meter,1358.926769
Netherlands,2020,July,Million Cubic Meter,2805.9996
Luxembourg,2020,July,Million Cubic Meter,45.513005
Italy,2020,July,Million Cubic Meter,4608.345567
Hungary,2020,July,Million Cubic Meter,970.798604
Greece,2020,July,Million Cubic Meter,568.382422
Germany,2020,July,Million Cubic Meter,4818.285714
France,2020,July,Million Cubic Meter,1919
Finland,2020,July,Million Cubic Meter,310
Denmark,2020,July,Million Cubic Meter,387.416731
Czech Republic,2020,July,Million Cubic Meter,961.05137
Croatia,2020,July,Million Cubic Meter,369.964491
Bulgaria,2020,July,Million Cubic Meter,355.006822
Belgium,2020,July,Million Cubic Meter,1115.552002
Austria,2020,July,Million Cubic Meter,959.287332
United Kingdom,2020,August,Million Cubic Meter,7617.723716
Sweden,2020,August,Million Cubic Meter,171
Spain,2020,August,Million Cubic Meter,2790
Slovenia,2020,August,Million Cubic Meter,103.769956
Slovakia,2020,August,Million Cubic Meter,494.994629
Serbia,2020,August,Million Cubic Meter,212
Romania,2020,August,Million Cubic Meter,722.413386
Portugal,2020,August,Million Cubic Meter,512.47619
Poland,2020,August,Million Cubic Meter,1254.886043
Netherlands,2020,August,Million Cubic Meter,2765.9998
Luxembourg,2020,August,Million Cubic Meter,40.093966
Italy,2020,August,Million Cubic Meter,4090.860545
Hungary,2020,August,Million Cubic Meter,920.529831
Greece,2020,August,Million Cubic Meter,528.625577
Germany,2020,August,Million Cubic Meter,4534.857143
France,2020,August,Million Cubic Meter,1710
Finland,2020,August,Million Cubic Meter,338
Denmark,2020,August,Million Cubic Meter,417.174757
Czech Republic,2020,August,Million Cubic Meter,890.633859
Croatia,2020,August,Million Cubic Meter,351.262063
Bulgaria,2020,August,Million Cubic Meter,329.949823
Belgium,2020,August,Million Cubic Meter,995.599075
Austria,2020,August,Million Cubic Meter,928.44932
United Kingdom,2020,September,Million Cubic Meter,4899.942792
Sweden,2020,September,Million Cubic Meter,160.8
Spain,2020,September,Million Cubic Meter,2998
Slovenia,2020,September,Million Cubic Meter,121.243093
Slovakia,2020,September,Million Cubic Meter,576.493848
Serbia,2020,September,Million Cubic Meter,278
Romania,2020,September,Million Cubic Meter,736.434729
Portugal,2020,September,Million Cubic Meter,488.095238
Poland,2020,September,Million Cubic Meter,1409.927346
Netherlands,2020,September,Million Cubic Meter,2696
Luxembourg,2020,September,Million Cubic Meter,52.270751
Italy,2020,September,Million Cubic Meter,4669.122515
Hungary,2020,September,Million Cubic Meter,1059.931868
Greece,2020,September,Million Cubic Meter,486.436136
Germany,2020,September,Million Cubic Meter,5242.857143
France,2020,September,Million Cubic Meter,2105
Finland,2020,September,Million Cubic Meter,406
Denmark,2020,September,Million Cubic Meter,504.038667
Czech Republic,2020,September,Million Cubic Meter,868.972848
Croatia,2020,September,Million Cubic Meter,389.451146
Bulgaria,2020,September,Million Cubic Meter,353.967792
Belgium,2020,September,Million Cubic Meter,1044.516021
Austria,2020,September,Million Cubic Meter,1070.15278
United Kingdom,2020,October,Million Cubic Meter,12696.476779
Sweden,2020,October,Million Cubic Meter,324
Spain,2020,October,Million Cubic Meter,3337
Slovenia,2020,October,Million Cubic Meter,160.054651
Slovakia,2020,October,Million Cubic Meter,912.399124
Serbia,2020,October,Million Cubic Meter,432
Romania,2020,October,Million Cubic Meter,835.444273
Portugal,2020,October,Million Cubic Meter,476.476191
Poland,2020,October,Million Cubic Meter,1773.93752
Netherlands,2020,October,Million Cubic Meter,3416
Luxembourg,2020,October,Million Cubic Meter,84.123308
Italy,2020,October,Million Cubic Meter,5221.28027
Hungary,2020,October,Million Cubic Meter,1768.05819
Greece,2020,October,Million Cubic Meter,452.33844
Germany,2020,October,Million Cubic Meter,7809.047619
France,2020,October,Million Cubic Meter,3488
Finland,2020,October,Million Cubic Meter,405
Denmark,2020,October,Million Cubic Meter,663.548698
Czech Republic,2020,October,Million Cubic Meter,1543.662996
Croatia,2020,October,Million Cubic Meter,517.508071
Bulgaria,2020,October,Million Cubic Meter,519.163638
Belgium,2020,October,Million Cubic Meter,1394.141144
Austria,2020,October,Million Cubic Meter,1733.574404
United Kingdom,2020,November,Million Cubic Meter,7316.919746
Sweden,2020,November,Million Cubic Meter,284
Spain,2020,November,Million Cubic Meter,3949
Slovenia,2020,November,Million Cubic Meter,212.63316
Slovakia,2020,November,Million Cubic Meter,1194.772305
Serbia,2020,November,Million Cubic Meter,614
Romania,2020,November,Million Cubic Meter,1484.334262
Portugal,2020,November,Million Cubic Meter,505.047619
Poland,2020,November,Million Cubic Meter,2136.548825
Netherlands,2020,November,Million Cubic Meter,3811
Luxembourg,2020,November,Million Cubic Meter,98.759158
Italy,2020,November,Million Cubic Meter,6799.670052
Hungary,2020,November,Million Cubic Meter,2457.652121
Greece,2020,November,Million Cubic Meter,528.131608
Germany,2020,November,Million Cubic Meter,9717.142857
France,2020,November,Million Cubic Meter,4495
Finland,2020,November,Million Cubic Meter,418.999999
Denmark,2020,November,Million Cubic Meter,796.984619
Czech Republic,2020,November,Million Cubic Meter,2158.779958
Croatia,2020,November,Million Cubic Meter,656.494648
Bulgaria,2020,November,Million Cubic Meter,689.371011
Belgium,2020,November,Million Cubic Meter,1656.214477
Austria,2020,November,Million Cubic Meter,2230.607645
United Kingdom,2020,December,Million Cubic Meter,17843.74832
Sweden,2020,December,Million Cubic Meter,354
Spain,2020,December,Million Cubic Meter,4626
Slovenia,2020,December,Million Cubic Meter,219.808699
Slovakia,2020,December,Million Cubic Meter,1357.139219
Serbia,2020,December,Million Cubic Meter,746
Romania,2020,December,Million Cubic Meter,1715.772107
Portugal,2020,December,Million Cubic Meter,399.904762
Poland,2020,December,Million Cubic Meter,2483.833037
Netherlands,2020,December,Million Cubic Meter,4822
Luxembourg,2020,December,Million Cubic Meter,109.515556
Italy,2020,December,Million Cubic Meter,8607.343305
Hungary,2020,December,Million Cubic Meter,2658.925423
Greece,2020,December,Million Cubic Meter,625.160686
Germany,2020,December,Million Cubic Meter,11602.857143
France,2020,December,Million Cubic Meter,5513
Finland,2020,December,Million Cubic Meter,509
Denmark,2020,December,Million Cubic Meter,947.148722
Czech Republic,2020,December,Million Cubic Meter,2468.741101
Croatia,2020,December,Million Cubic Meter,694.239172
Bulgaria,2020,December,Million Cubic Meter,749.31876
Belgium,2020,December,Million Cubic Meter,2023.743622
Austria,2020,December,Million Cubic Meter,2663.150782
Sweden,2019,January,Million Cubic Meter,260
Spain,2019,January,Million Cubic Meter,5253
Slovenia,2019,January,Million Cubic Meter,248.19
Slovakia,2019,January,Million Cubic Meter,1578.190476
Serbia,2019,January,Million Cubic Meter,874
Romania,2019,January,Million Cubic Meter,1859.643949
Poland,2019,January,Million Cubic Meter,2460.115229
Netherlands,2019,January,Million Cubic Meter,5321
Luxembourg,2019,January,Million Cubic Meter,115.760322
Italy,2019,January,Million Cubic Meter,10328.719043
Hungary,2019,January,Million Cubic Meter,3256.032952
Greece,2019,January,Million Cubic Meter,710.683939
Germany,2019,January,Million Cubic Meter,13034.761905
France,2019,January,Million Cubic Meter,6602
Finland,2019,January,Million Cubic Meter,768
Denmark,2019,January,Million Cubic Meter,1152.114286
Czech Republic,2019,January,Million Cubic Meter,2703.828571
Croatia,2019,January,Million Cubic Meter,775.730472
Bulgaria,2019,January,Million Cubic Meter,844.176443
Belgium,2019,January,Million Cubic Meter,2331.683045
Austria,2019,January,Million Cubic Meter,2936.529333
United Kingdom,2019,February,Million Cubic Meter,6613.249733
Sweden,2019,February,Million Cubic Meter,208
Spain,2019,February,Million Cubic Meter,4205
Slovenia,2019,February,Million Cubic Meter,197.371
Slovakia,2019,February,Million Cubic Meter,1201.005714
Serbia,2019,February,Million Cubic Meter,696
Romania,2019,February,Million Cubic Meter,1456.929979
Poland,2019,February,Million Cubic Meter,1997.016567
Netherlands,2019,February,Million Cubic Meter,4169
Luxembourg,2019,February,Million Cubic Meter,92.296505
Italy,2019,February,Million Cubic Meter,7875.113981
Hungary,2019,February,Million Cubic Meter,2343.264487
Greece,2019,February,Million Cubic Meter,515.561469
Germany,2019,February,Million Cubic Meter,10034.666667
France,2019,February,Million Cubic Meter,4992
Finland,2019,February,Million Cubic Meter,556
Denmark,2019,February,Million Cubic Meter,903.873598
Czech Republic,2019,February,Million Cubic Meter,2104.914286
Croatia,2019,February,Million Cubic Meter,569.4493
Bulgaria,2019,February,Million Cubic Meter,696.227834
Belgium,2019,February,Million Cubic Meter,1754.221771
Austria,2019,February,Million Cubic Meter,2252.517714
United Kingdom,2019,March,Million Cubic Meter,201.145171
Sweden,2019,March,Million Cubic Meter,252
Spain,2019,March,Million Cubic Meter,3989
Slovenia,2019,March,Million Cubic Meter,183.767
Slovakia,2019,March,Million Cubic Meter,1052.114286
Serbia,2019,March,Million Cubic Meter,516
Romania,2019,March,Million Cubic Meter,1135.358063
Poland,2019,March,Million Cubic Meter,2034.801454
Netherlands,2019,March,Million Cubic Meter,4166
Luxembourg,2019,March,Million Cubic Meter,88.912278
Italy,2019,March,Million Cubic Meter,6808.020292
Hungary,2019,March,Million Cubic Meter,1906.887142
Greece,2019,March,Million Cubic Meter,398.517283
Germany,2019,March,Million Cubic Meter,9329.523809
France,2019,March,Million Cubic Meter,4367
Finland,2019,March,Million Cubic Meter,538
Denmark,2019,March,Million Cubic Meter,898.02862
Czech Republic,2019,March,Million Cubic Meter,1768.285714
Croatia,2019,March,Million Cubic Meter,458.411748
Bulgaria,2019,March,Million Cubic Meter,606.636204
Belgium,2019,March,Million Cubic Meter,1619.598785
Austria,2019,March,Million Cubic Meter,1794.392952
United Kingdom,2019,April,Million Cubic Meter,2992.398814
Sweden,2019,April,Million Cubic Meter,202
Spain,2019,April,Million Cubic Meter,3693
Slovenia,2019,April,Million Cubic Meter,148.787
Slovakia,2019,April,Million Cubic Meter,727.904762
Serbia,2019,April,Million Cubic Meter,321.999762
Romania,2019,April,Million Cubic Meter,776.399595
Poland,2019,April,Million Cubic Meter,1706.68771
Netherlands,2019,April,Million Cubic Meter,3055
Luxembourg,2019,April,Million Cubic Meter,69.160939
Italy,2019,April,Million Cubic Meter,5332.838162
Hungary,2019,April,Million Cubic Meter,1391.449366
Greece,2019,April,Million Cubic Meter,370.531922
Germany,2019,April,Million Cubic Meter,7011.428572
France,2019,April,Million Cubic Meter,3293
Finland,2019,April,Million Cubic Meter,426
Denmark,2019,April,Million Cubic Meter,672.962285
Czech Republic,2019,April,Million Cubic Meter,1294.838095
Croatia,2019,April,Million Cubic Meter,380.856283
Bulgaria,2019,April,Million Cubic Meter,538.541722
Belgium,2019,April,Million Cubic Meter,1269.46814
Austria,2019,April,Million Cubic Meter,1446.374286
United Kingdom,2019,May,Million Cubic Meter,3569.479858
Sweden,2019,May,Million Cubic Meter,248
Spain,2019,May,Million Cubic Meter,3283
Slovenia,2019,May,Million Cubic Meter,140.226
Slovakia,2019,May,Million Cubic Meter,699.489524
Serbia,2019,May,Million Cubic Meter,299.999714
Romania,2019,May,Million Cubic Meter,518.923966
Poland,2019,May,Million Cubic Meter,1488.336675
Netherlands,2019,May,Million Cubic Meter,3068
Luxembourg,2019,May,Million Cubic Meter,62.287416
Italy,2019,May,Million Cubic Meter,4716.895404
Hungary,2019,May,Million Cubic Meter,1244.835571
Greece,2019,May,Million Cubic Meter,336.65797
Germany,2019,May,Million Cubic Meter,6539.523809
France,2019,May,Million Cubic Meter,2741
Finland,2019,May,Million Cubic Meter,310
Denmark,2019,May,Million Cubic Meter,638.878498
Czech Republic,2019,May,Million Cubic Meter,1187.142857
Croatia,2019,May,Million Cubic Meter,381.539585
Bulgaria,2019,May,Million Cubic Meter,430.779327
Belgium,2019,May,Million Cubic Meter,1176.677918
Austria,2019,May,Million Cubic Meter,1205.92
United Kingdom,2019,June,Million Cubic Meter,2000.88269
Sweden,2019,June,Million Cubic Meter,124
Spain,2019,June,Million Cubic Meter,3125
Slovenia,2019,June,Million Cubic Meter,103.034
Slovakia,2019,June,Million Cubic Meter,421.133333
Serbia,2019,June,Million Cubic Meter,265.999714
Romania,2019,June,Million Cubic Meter,322.040342
Poland,2019,June,Million Cubic Meter,1163.444118
Netherlands,2019,June,Million Cubic Meter,2352
Luxembourg,2019,June,Million Cubic Meter,44.993824
Italy,2019,June,Million Cubic Meter,4158.354015
Hungary,2019,June,Million Cubic Meter,793.561566
Greece,2019,June,Million Cubic Meter,412.513683
Germany,2019,June,Million Cubic Meter,4291.428571
France,2019,June,Million Cubic Meter,1873
Finland,2019,June,Million Cubic Meter,310
Denmark,2019,June,Million Cubic Meter,477.908571
Czech Republic,2019,June,Million Cubic Meter,880.571429
Croatia,2019,June,Million Cubic Meter,271.405909
Bulgaria,2019,June,Million Cubic Meter,362.756107
Belgium,2019,June,Million Cubic Meter,938.151459
Austria,2019,June,Million Cubic Meter,870.19181
United Kingdom,2019,July,Million Cubic Meter,2573.687513
Sweden,2019,July,Million Cubic Meter,124
Spain,2019,July,Million Cubic Meter,3336
Slovenia,2019,July,Million Cubic Meter,101.432
Slovakia,2019,July,Million Cubic Meter,501.28
Serbia,2019,July,Million Cubic Meter,287.999524
Romania,2019,July,Million Cubic Meter,515.447725
Poland,2019,July,Million Cubic Meter,1251.15164
Netherlands,2019,July,Million Cubic Meter,2959.38654
Luxembourg,2019,July,Million Cubic Meter,43.287375
Italy,2019,July,Million Cubic Meter,4786.237259
Hungary,2019,July,Million Cubic Meter,885.872958
Greece,2019,July,Million Cubic Meter,511.562937
Germany,2019,July,Million Cubic Meter,4593.904762
France,2019,July,Million Cubic Meter,1944
Finland,2019,July,Million Cubic Meter,306
Denmark,2019,July,Million Cubic Meter,471.4
Czech Republic,2019,July,Million Cubic Meter,916.4
Croatia,2019,July,Million Cubic Meter,312.811506
Bulgaria,2019,July,Million Cubic Meter,383.102409
Belgium,2019,July,Million Cubic Meter,909.202881
Austria,2019,July,Million Cubic Meter,1003.946667
United Kingdom,2019,August,Million Cubic Meter,2991.050468
Sweden,2019,August,Million Cubic Meter,150
Spain,2019,August,Million Cubic Meter,3124
Slovenia,2019,August,Million Cubic Meter,115.664
Slovakia,2019,August,Million Cubic Meter,492.584762
Serbia,2019,August,Million Cubic Meter,267.999619
Romania,2019,August,Million Cubic Meter,551.534797
Poland,2019,August,Million Cubic Meter,1309.632659
Netherlands,2019,August,Million Cubic Meter,2554
Luxembourg,2019,August,Million Cubic Meter,36.96617
Italy,2019,August,Million Cubic Meter,4048.703588
Hungary,2019,August,Million Cubic Meter,948.527678
Greece,2019,August,Million Cubic Meter,467.507881
Germany,2019,August,Million Cubic Meter,4410.857143
France,2019,August,Million Cubic Meter,1657
Finland,2019,August,Million Cubic Meter,299.999619
Denmark,2019,August,Million Cubic Meter,520.68
Czech Republic,2019,August,Million Cubic Meter,902.533333
Croatia,2019,August,Million Cubic Meter,339.464992
Bulgaria,2019,August,Million Cubic Meter,321.534905
Belgium,2019,August,Million Cubic Meter,882.009445
Austria,2019,August,Million Cubic Meter,1131.665905
United Kingdom,2019,September,Million Cubic Meter,590.199899
Sweden,2019,September,Million Cubic Meter,132
Spain,2019,September,Million Cubic Meter,3185
Slovenia,2019,September,Million Cubic Meter,118.274
Slovakia,2019,September,Million Cubic Meter,559.710476
Serbia,2019,September,Million Cubic Meter,300.000095
Romania,2019,September,Million Cubic Meter,541.244802
Poland,2019,September,Million Cubic Meter,1281.08342
Netherlands,2019,September,Million Cubic Meter,2824
Luxembourg,2019,September,Million Cubic Meter,47.836494
Italy,2019,September,Million Cubic Meter,4558.182904
Hungary,2019,September,Million Cubic Meter,1136.894535
Greece,2019,September,Million Cubic Meter,451.202977
Germany,2019,September,Million Cubic Meter,5322.857143
France,2019,September,Million Cubic Meter,2047
Finland,2019,September,Million Cubic Meter,339.999571
Denmark,2019,September,Million Cubic Meter,556.445714
Czech Republic,2019,September,Million Cubic Meter,1093.409524
Croatia,2019,September,Million Cubic Meter,344.7496
Bulgaria,2019,September,Million Cubic Meter,334.247257
Belgium,2019,September,Million Cubic Meter,1057.816193
Austria,2019,September,Million Cubic Meter,1468.156952
United Kingdom,2019,October,Million Cubic Meter,9228.231744
Sweden,2019,October,Million Cubic Meter,132
Spain,2019,October,Million Cubic Meter,3664
Slovenia,2019,October,Million Cubic Meter,151.378
Slovakia,2019,October,Million Cubic Meter,768
Serbia,2019,October,Million Cubic Meter,330.000429
Romania,2019,October,Million Cubic Meter,804.789542
Poland,2019,October,Million Cubic Meter,1691.447332
Netherlands,2019,October,Million Cubic Meter,3591
Luxembourg,2019,October,Million Cubic Meter,66.161139
Italy,2019,October,Million Cubic Meter,5035.654177
Hungary,2019,October,Million Cubic Meter,1662.094994
Greece,2019,October,Million Cubic Meter,425.749116
Germany,2019,October,Million Cubic Meter,7481.333333
France,2019,October,Million Cubic Meter,3058
Finland,2019,October,Million Cubic Meter,416.000143
Denmark,2019,October,Million Cubic Meter,768.429268
Czech Republic,2019,October,Million Cubic Meter,1442
Croatia,2019,October,Million Cubic Meter,511.551232
Bulgaria,2019,October,Million Cubic Meter,387.693893
Belgium,2019,October,Million Cubic Meter,1443.414429
Austria,2019,October,Million Cubic Meter,1855.171429
United Kingdom,2019,November,Million Cubic Meter,16592.940076
Sweden,2019,November,Million Cubic Meter,196
Spain,2019,November,Million Cubic Meter,4407
Slovenia,2019,November,Million Cubic Meter,174.135
Slovakia,2019,November,Million Cubic Meter,950
Serbia,2019,November,Million Cubic Meter,491.999619
Romania,2019,November,Million Cubic Meter,994.043942
Poland,2019,November,Million Cubic Meter,1975.157916
Netherlands,2019,November,Million Cubic Meter,4359
Luxembourg,2019,November,Million Cubic Meter,90.250827
Italy,2019,November,Million Cubic Meter,6512.130378
Hungary,2019,November,Million Cubic Meter,2030.345846
Greece,2019,November,Million Cubic Meter,401.381608
Germany,2019,November,Million Cubic Meter,10068.571429
France,2019,November,Million Cubic Meter,5075
Finland,2019,November,Million Cubic Meter,416.000429
Denmark,2019,November,Million Cubic Meter,920.966476
Czech Republic,2019,November,Million Cubic Meter,1820
Croatia,2019,November,Million Cubic Meter,571.762633
Bulgaria,2019,November,Million Cubic Meter,548.273398
Belgium,2019,November,Million Cubic Meter,1890.637939
Austria,2019,November,Million Cubic Meter,2157.787834
United Kingdom,2019,December,Million Cubic Meter,16959.955587
Sweden,2019,December,Million Cubic Meter,236
Spain,2019,December,Million Cubic Meter,4505
Slovenia,2019,December,Million Cubic Meter,206.83
Slovakia,2019,December,Million Cubic Meter,1262
Serbia,2019,December,Million Cubic Meter,659.999905
Romania,2019,December,Million Cubic Meter,1383.391443
Poland,2019,December,Million Cubic Meter,2315.23798
Netherlands,2019,December,Million Cubic Meter,4569
Luxembourg,2019,December,Million Cubic Meter,91.943259
Italy,2019,December,Million Cubic Meter,7836.727891
Hungary,2019,December,Million Cubic Meter,2678.657222
Greece,2019,December,Million Cubic Meter,465.485
Germany,2019,December,Million Cubic Meter,10950.380953
France,2019,December,Million Cubic Meter,5373
Finland,2019,December,Million Cubic Meter,452.000381
Denmark,2019,December,Million Cubic Meter,923.815143
Czech Republic,2019,December,Million Cubic Meter,2112
Croatia,2019,December,Million Cubic Meter,658.162592
Bulgaria,2019,December,Million Cubic Meter,709.325777
Belgium,2019,December,Million Cubic Meter,1945.514435
Austria,2019,December,Million Cubic Meter,2416.788381
