Source,Copyright,TechTypeFull,Month of Date,Crude,Region,TechType,DataValue
Source: Energy Intelligence,"COPYRIGHT © 2001-2021 ENERGY INTELLIGENCE GROUP, INC. / ENERGY INTELLIGENCE GROUP (UK) LIMITED.",Catalytic Cracking,Feb 19,Urals,NWE,FCC,59.834776
Source: Energy Intelligence,"COPYRIGHT © 2001-2021 ENERGY INTELLIGENCE GROUP, INC. / ENERGY INTELLIGENCE GROUP (UK) LIMITED.",Catalytic Cracking,Mar 19,Urals,NWE,FCC,62.706772
Source: Energy Intelligence,"COPYRIGHT © 2001-2021 ENERGY INTELLIGENCE GROUP, INC. / ENERGY INTELLIGENCE GROUP (UK) LIMITED.",Catalytic Cracking,Apr 19,Urals,NWE,FCC,67.340344
Source: Energy Intelligence,"COPYRIGHT © 2001-2021 ENERGY INTELLIGENCE GROUP, INC. / ENERGY INTELLIGENCE GROUP (UK) LIMITED.",Catalytic Cracking,May 19,Urals,NWE,FCC,67.407878
Source: Energy Intelligence,"COPYRIGHT © 2001-2021 ENERGY INTELLIGENCE GROUP, INC. / ENERGY INTELLIGENCE GROUP (UK) LIMITED.",Catalytic Cracking,Jun 19,Urals,NWE,FCC,59.669097
Source: Energy Intelligence,"COPYRIGHT © 2001-2021 ENERGY INTELLIGENCE GROUP, INC. / ENERGY INTELLIGENCE GROUP (UK) LIMITED.",Catalytic Cracking,Jul 19,Urals,NWE,FCC,62.369758
Source: Energy Intelligence,"COPYRIGHT © 2001-2021 ENERGY INTELLIGENCE GROUP, INC. / ENERGY INTELLIGENCE GROUP (UK) LIMITED.",Catalytic Cracking,Aug 19,Urals,NWE,FCC,57.880074
Source: Energy Intelligence,"COPYRIGHT © 2001-2021 ENERGY INTELLIGENCE GROUP, INC. / ENERGY INTELLIGENCE GROUP (UK) LIMITED.",Catalytic Cracking,Sept 19,Urals,NWE,FCC,60.387017
Source: Energy Intelligence,"COPYRIGHT © 2001-2021 ENERGY INTELLIGENCE GROUP, INC. / ENERGY INTELLIGENCE GROUP (UK) LIMITED.",Catalytic Cracking,Oct 19,Urals,NWE,FCC,58.548229
Source: Energy Intelligence,"COPYRIGHT © 2001-2021 ENERGY INTELLIGENCE GROUP, INC. / ENERGY INTELLIGENCE GROUP (UK) LIMITED.",Catalytic Cracking,Nov 19,Urals,NWE,FCC,66.243603
Source: Energy Intelligence,"COPYRIGHT © 2001-2021 ENERGY INTELLIGENCE GROUP, INC. / ENERGY INTELLIGENCE GROUP (UK) LIMITED.",Catalytic Cracking,Dec 19,Urals,NWE,FCC,68.689474
Source: Energy Intelligence,"COPYRIGHT © 2001-2021 ENERGY INTELLIGENCE GROUP, INC. / ENERGY INTELLIGENCE GROUP (UK) LIMITED.",Catalytic Cracking,Jan 20,Urals,NWE,FCC,66.772004
Source: Energy Intelligence,"COPYRIGHT © 2001-2021 ENERGY INTELLIGENCE GROUP, INC. / ENERGY INTELLIGENCE GROUP (UK) LIMITED.",Catalytic Cracking,Feb 20,Urals,NWE,FCC,58.440358
Source: Energy Intelligence,"COPYRIGHT © 2001-2021 ENERGY INTELLIGENCE GROUP, INC. / ENERGY INTELLIGENCE GROUP (UK) LIMITED.",Catalytic Cracking,Mar 20,Urals,NWE,FCC,35.942481
Source: Energy Intelligence,"COPYRIGHT © 2001-2021 ENERGY INTELLIGENCE GROUP, INC. / ENERGY INTELLIGENCE GROUP (UK) LIMITED.",Catalytic Cracking,Apr 20,Urals,NWE,FCC,23.986725
Source: Energy Intelligence,"COPYRIGHT © 2001-2021 ENERGY INTELLIGENCE GROUP, INC. / ENERGY INTELLIGENCE GROUP (UK) LIMITED.",Catalytic Cracking,May 20,Urals,NWE,FCC,29.364918
Source: Energy Intelligence,"COPYRIGHT © 2001-2021 ENERGY INTELLIGENCE GROUP, INC. / ENERGY INTELLIGENCE GROUP (UK) LIMITED.",Catalytic Cracking,Jun 20,Urals,NWE,FCC,39.608889
Source: Energy Intelligence,"COPYRIGHT © 2001-2021 ENERGY INTELLIGENCE GROUP, INC. / ENERGY INTELLIGENCE GROUP (UK) LIMITED.",Catalytic Cracking,Jul 20,Urals,NWE,FCC,43.347051
Source: Energy Intelligence,"COPYRIGHT © 2001-2021 ENERGY INTELLIGENCE GROUP, INC. / ENERGY INTELLIGENCE GROUP (UK) LIMITED.",Catalytic Cracking,Aug 20,Urals,NWE,FCC,44.024994
Source: Energy Intelligence,"COPYRIGHT © 2001-2021 ENERGY INTELLIGENCE GROUP, INC. / ENERGY INTELLIGENCE GROUP (UK) LIMITED.",Catalytic Cracking,Sept 20,Urals,NWE,FCC,40.75917
Source: Energy Intelligence,"COPYRIGHT © 2001-2021 ENERGY INTELLIGENCE GROUP, INC. / ENERGY INTELLIGENCE GROUP (UK) LIMITED.",Catalytic Cracking,Oct 20,Urals,NWE,FCC,41.453582
Source: Energy Intelligence,"COPYRIGHT © 2001-2021 ENERGY INTELLIGENCE GROUP, INC. / ENERGY INTELLIGENCE GROUP (UK) LIMITED.",Catalytic Cracking,Nov 20,Urals,NWE,FCC,43.239487
Source: Energy Intelligence,"COPYRIGHT © 2001-2021 ENERGY INTELLIGENCE GROUP, INC. / ENERGY INTELLIGENCE GROUP (UK) LIMITED.",Catalytic Cracking,Dec 20,Urals,NWE,FCC,49.60813
Source: Energy Intelligence,"COPYRIGHT © 2001-2021 ENERGY INTELLIGENCE GROUP, INC. / ENERGY INTELLIGENCE GROUP (UK) LIMITED.",Catalytic Cracking,Jan 21,Urals,NWE,FCC,55.514217
Source: Energy Intelligence,"COPYRIGHT © 2001-2021 ENERGY INTELLIGENCE GROUP, INC. / ENERGY INTELLIGENCE GROUP (UK) LIMITED.",Catalytic Cracking,Feb 21,Urals,NWE,FCC,62.861909
Source: Energy Intelligence,"COPYRIGHT © 2001-2021 ENERGY INTELLIGENCE GROUP, INC. / ENERGY INTELLIGENCE GROUP (UK) LIMITED.",Catalytic Cracking,Mar 21,Urals,NWE,FCC,66.004443
Source: Energy Intelligence,"COPYRIGHT © 2001-2021 ENERGY INTELLIGENCE GROUP, INC. / ENERGY INTELLIGENCE GROUP (UK) LIMITED.",Catalytic Cracking,Apr 21,Urals,NWE,FCC,65.832855
Source: Energy Intelligence,"COPYRIGHT © 2001-2021 ENERGY INTELLIGENCE GROUP, INC. / ENERGY INTELLIGENCE GROUP (UK) LIMITED.",Catalytic Cracking,May 21,Urals,NWE,FCC,69.072788
Source: Energy Intelligence,"COPYRIGHT © 2001-2021 ENERGY INTELLIGENCE GROUP, INC. / ENERGY INTELLIGENCE GROUP (UK) LIMITED.",Catalytic Cracking,Jun 21,Urals,NWE,FCC,73.234913
Source: Energy Intelligence,"COPYRIGHT © 2001-2021 ENERGY INTELLIGENCE GROUP, INC. / ENERGY INTELLIGENCE GROUP (UK) LIMITED.",Catalytic Cracking,Jul 21,Urals,NWE,FCC,75.367032
Source: Energy Intelligence,"COPYRIGHT © 2001-2021 ENERGY INTELLIGENCE GROUP, INC. / ENERGY INTELLIGENCE GROUP (UK) LIMITED.",Catalytic Cracking,Aug 21,Urals,NWE,FCC,72.853543
Source: Energy Intelligence,"COPYRIGHT © 2001-2021 ENERGY INTELLIGENCE GROUP, INC. / ENERGY INTELLIGENCE GROUP (UK) LIMITED.",Catalytic Cracking,Sept 21,Urals,NWE,FCC,77.306549
Source: Energy Intelligence,"COPYRIGHT © 2001-2021 ENERGY INTELLIGENCE GROUP, INC. / ENERGY INTELLIGENCE GROUP (UK) LIMITED.",Catalytic Cracking,Oct 21,Urals,NWE,FCC,88.098686
Source: Energy Intelligence,"COPYRIGHT © 2001-2021 ENERGY INTELLIGENCE GROUP, INC. / ENERGY INTELLIGENCE GROUP (UK) LIMITED.",Catalytic Cracking,Nov 21,Urals,NWE,FCC,84.227103
Source: Energy Intelligence,"COPYRIGHT © 2001-2021 ENERGY INTELLIGENCE GROUP, INC. / ENERGY INTELLIGENCE GROUP (UK) LIMITED.",Catalytic Cracking,Dec 21,Urals,NWE,FCC,77.695375
Source: Energy Intelligence,"COPYRIGHT © 2001-2021 ENERGY INTELLIGENCE GROUP, INC. / ENERGY INTELLIGENCE GROUP (UK) LIMITED.",Catalytic Cracking,Jan 22,Urals,NWE,FCC,90.151099
Source: Energy Intelligence,"COPYRIGHT © 2001-2021 ENERGY INTELLIGENCE GROUP, INC. / ENERGY INTELLIGENCE GROUP (UK) LIMITED.",Catalytic Cracking,Feb 22,Urals,NWE,FCC,99.899598
Source: Energy Intelligence,"COPYRIGHT © 2001-2021 ENERGY INTELLIGENCE GROUP, INC. / ENERGY INTELLIGENCE GROUP (UK) LIMITED.",Catalytic Cracking,Mar 22,Urals,NWE,FCC,127.617333
Source: Energy Intelligence,"COPYRIGHT © 2001-2021 ENERGY INTELLIGENCE GROUP, INC. / ENERGY INTELLIGENCE GROUP (UK) LIMITED.",Catalytic Cracking,Apr 22,Urals,NWE,FCC,126.450504
Source: Energy Intelligence,"COPYRIGHT © 2001-2021 ENERGY INTELLIGENCE GROUP, INC. / ENERGY INTELLIGENCE GROUP (UK) LIMITED.",Catalytic Cracking,May 22,Urals,NWE,FCC,132.167848
Source: Energy Intelligence,"COPYRIGHT © 2001-2021 ENERGY INTELLIGENCE GROUP, INC. / ENERGY INTELLIGENCE GROUP (UK) LIMITED.",Catalytic Cracking,Jun 22,Urals,NWE,FCC,145.773791
Source: Energy Intelligence,"COPYRIGHT © 2001-2021 ENERGY INTELLIGENCE GROUP, INC. / ENERGY INTELLIGENCE GROUP (UK) LIMITED.",Catalytic Cracking,Jul 22,Urals,NWE,FCC,122.748203
Source: Energy Intelligence,"COPYRIGHT © 2001-2021 ENERGY INTELLIGENCE GROUP, INC. / ENERGY INTELLIGENCE GROUP (UK) LIMITED.",Catalytic Cracking,Aug 22,Urals,NWE,FCC,111.039212
Source: Energy Intelligence,"COPYRIGHT © 2001-2021 ENERGY INTELLIGENCE GROUP, INC. / ENERGY INTELLIGENCE GROUP (UK) LIMITED.",Catalytic Cracking,Sept 22,Urals,NWE,FCC,103.25868
Source: Energy Intelligence,"COPYRIGHT © 2001-2021 ENERGY INTELLIGENCE GROUP, INC. / ENERGY INTELLIGENCE GROUP (UK) LIMITED.",Catalytic Cracking,Oct 22,Urals,NWE,FCC,114.283117
Source: Energy Intelligence,"COPYRIGHT © 2001-2021 ENERGY INTELLIGENCE GROUP, INC. / ENERGY INTELLIGENCE GROUP (UK) LIMITED.",Catalytic Cracking,Nov 22,Urals,NWE,FCC,102.034637
Source: Energy Intelligence,"COPYRIGHT © 2001-2021 ENERGY INTELLIGENCE GROUP, INC. / ENERGY INTELLIGENCE GROUP (UK) LIMITED.",Catalytic Cracking,Dec 22,Urals,NWE,FCC,90.397433
Source: Energy Intelligence,"COPYRIGHT © 2001-2021 ENERGY INTELLIGENCE GROUP, INC. / ENERGY INTELLIGENCE GROUP (UK) LIMITED.",Catalytic Cracking,Jan 23,Urals,NWE,FCC,98.002088
Source: Energy Intelligence,"COPYRIGHT © 2001-2021 ENERGY INTELLIGENCE GROUP, INC. / ENERGY INTELLIGENCE GROUP (UK) LIMITED.",Catalytic Cracking,Feb 23,Urals,NWE,FCC,93.078863
Source: Energy Intelligence,"COPYRIGHT © 2001-2021 ENERGY INTELLIGENCE GROUP, INC. / ENERGY INTELLIGENCE GROUP (UK) LIMITED.",Catalytic Cracking,Mar 23,Urals,NWE,FCC,89.213399
Source: Energy Intelligence,"COPYRIGHT © 2001-2021 ENERGY INTELLIGENCE GROUP, INC. / ENERGY INTELLIGENCE GROUP (UK) LIMITED.",Catalytic Cracking,Apr 23,Urals,NWE,FCC,90.124303
Source: Energy Intelligence,"COPYRIGHT © 2001-2021 ENERGY INTELLIGENCE GROUP, INC. / ENERGY INTELLIGENCE GROUP (UK) LIMITED.",Catalytic Cracking,May 23,Urals,NWE,FCC,81.906667
Source: Energy Intelligence,"COPYRIGHT © 2001-2021 ENERGY INTELLIGENCE GROUP, INC. / ENERGY INTELLIGENCE GROUP (UK) LIMITED.",Catalytic Cracking,Jun 23,Urals,NWE,FCC,83.545767
Source: Energy Intelligence,"COPYRIGHT © 2001-2021 ENERGY INTELLIGENCE GROUP, INC. / ENERGY INTELLIGENCE GROUP (UK) LIMITED.",Catalytic Cracking,Jul 23,Urals,NWE,FCC,90.511538
Source: Energy Intelligence,"COPYRIGHT © 2001-2021 ENERGY INTELLIGENCE GROUP, INC. / ENERGY INTELLIGENCE GROUP (UK) LIMITED.",Catalytic Cracking,Aug 23,Urals,NWE,FCC,103.498963
Source: Energy Intelligence,"COPYRIGHT © 2001-2021 ENERGY INTELLIGENCE GROUP, INC. / ENERGY INTELLIGENCE GROUP (UK) LIMITED.",Catalytic Cracking,Sept 23,Urals,NWE,FCC,108.108674
Source: Energy Intelligence,"COPYRIGHT © 2001-2021 ENERGY INTELLIGENCE GROUP, INC. / ENERGY INTELLIGENCE GROUP (UK) LIMITED.",Catalytic Cracking,Oct 23,Urals,NWE,FCC,98.048955
Source: Energy Intelligence,"COPYRIGHT © 2001-2021 ENERGY INTELLIGENCE GROUP, INC. / ENERGY INTELLIGENCE GROUP (UK) LIMITED.",Catalytic Cracking,Nov 23,Urals,NWE,FCC,92.79688
Source: Energy Intelligence,"COPYRIGHT © 2001-2021 ENERGY INTELLIGENCE GROUP, INC. / ENERGY INTELLIGENCE GROUP (UK) LIMITED.",Catalytic Cracking,Dec 23,Urals,NWE,FCC,87.702287
Source: Energy Intelligence,"COPYRIGHT © 2001-2021 ENERGY INTELLIGENCE GROUP, INC. / ENERGY INTELLIGENCE GROUP (UK) LIMITED.",Catalytic Cracking,Jan 24,Urals,NWE,FCC,90.078766
Source: Energy Intelligence,"COPYRIGHT © 2001-2021 ENERGY INTELLIGENCE GROUP, INC. / ENERGY INTELLIGENCE GROUP (UK) LIMITED.",Catalytic Cracking,Feb 24,Urals,NWE,FCC,94.747705
Source: Energy Intelligence,"COPYRIGHT © 2001-2021 ENERGY INTELLIGENCE GROUP, INC. / ENERGY INTELLIGENCE GROUP (UK) LIMITED.",Catalytic Cracking,Mar 24,Urals,NWE,FCC,95.060728
Source: Energy Intelligence,"COPYRIGHT © 2001-2021 ENERGY INTELLIGENCE GROUP, INC. / ENERGY INTELLIGENCE GROUP (UK) LIMITED.",Catalytic Cracking,Apr 24,Urals,NWE,FCC,96.367093
Source: Energy Intelligence,"COPYRIGHT © 2001-2021 ENERGY INTELLIGENCE GROUP, INC. / ENERGY INTELLIGENCE GROUP (UK) LIMITED.",Catalytic Cracking,May 24,Urals,NWE,FCC,89.063317
Source: Energy Intelligence,"COPYRIGHT © 2001-2021 ENERGY INTELLIGENCE GROUP, INC. / ENERGY INTELLIGENCE GROUP (UK) LIMITED.",Catalytic Cracking,Jun 24,Urals,NWE,FCC,88.367123
Source: Energy Intelligence,"COPYRIGHT © 2001-2021 ENERGY INTELLIGENCE GROUP, INC. / ENERGY INTELLIGENCE GROUP (UK) LIMITED.",Catalytic Cracking,Jul 24,Urals,NWE,FCC,89.833071
Source: Energy Intelligence,"COPYRIGHT © 2001-2021 ENERGY INTELLIGENCE GROUP, INC. / ENERGY INTELLIGENCE GROUP (UK) LIMITED.",Catalytic Cracking,Aug 24,Urals,NWE,FCC,83.69102
Source: Energy Intelligence,"COPYRIGHT © 2001-2021 ENERGY INTELLIGENCE GROUP, INC. / ENERGY INTELLIGENCE GROUP (UK) LIMITED.",Catalytic Cracking,Sept 24,Urals,NWE,FCC,77.291773
Source: Energy Intelligence,"COPYRIGHT © 2001-2021 ENERGY INTELLIGENCE GROUP, INC. / ENERGY INTELLIGENCE GROUP (UK) LIMITED.",Catalytic Cracking,Oct 24,Urals,NWE,FCC,81.174768
Source: Energy Intelligence,"COPYRIGHT © 2001-2021 ENERGY INTELLIGENCE GROUP, INC. / ENERGY INTELLIGENCE GROUP (UK) LIMITED.",Catalytic Cracking,Feb 19,Brent Blend,NWE,FCC,59.6841
Source: Energy Intelligence,"COPYRIGHT © 2001-2021 ENERGY INTELLIGENCE GROUP, INC. / ENERGY INTELLIGENCE GROUP (UK) LIMITED.",Catalytic Cracking,Mar 19,Brent Blend,NWE,FCC,62.715272
Source: Energy Intelligence,"COPYRIGHT © 2001-2021 ENERGY INTELLIGENCE GROUP, INC. / ENERGY INTELLIGENCE GROUP (UK) LIMITED.",Catalytic Cracking,Apr 19,Brent Blend,NWE,FCC,67.764306
Source: Energy Intelligence,"COPYRIGHT © 2001-2021 ENERGY INTELLIGENCE GROUP, INC. / ENERGY INTELLIGENCE GROUP (UK) LIMITED.",Catalytic Cracking,May 19,Brent Blend,NWE,FCC,68.2756
Source: Energy Intelligence,"COPYRIGHT © 2001-2021 ENERGY INTELLIGENCE GROUP, INC. / ENERGY INTELLIGENCE GROUP (UK) LIMITED.",Catalytic Cracking,Jun 19,Brent Blend,NWE,FCC,60.106398
Source: Energy Intelligence,"COPYRIGHT © 2001-2021 ENERGY INTELLIGENCE GROUP, INC. / ENERGY INTELLIGENCE GROUP (UK) LIMITED.",Catalytic Cracking,Jul 19,Brent Blend,NWE,FCC,62.85017
Source: Energy Intelligence,"COPYRIGHT © 2001-2021 ENERGY INTELLIGENCE GROUP, INC. / ENERGY INTELLIGENCE GROUP (UK) LIMITED.",Catalytic Cracking,Aug 19,Brent Blend,NWE,FCC,59.230641
Source: Energy Intelligence,"COPYRIGHT © 2001-2021 ENERGY INTELLIGENCE GROUP, INC. / ENERGY INTELLIGENCE GROUP (UK) LIMITED.",Catalytic Cracking,Sept 19,Brent Blend,NWE,FCC,61.361414
Source: Energy Intelligence,"COPYRIGHT © 2001-2021 ENERGY INTELLIGENCE GROUP, INC. / ENERGY INTELLIGENCE GROUP (UK) LIMITED.",Catalytic Cracking,Oct 19,Brent Blend,NWE,FCC,60.62966
Source: Energy Intelligence,"COPYRIGHT © 2001-2021 ENERGY INTELLIGENCE GROUP, INC. / ENERGY INTELLIGENCE GROUP (UK) LIMITED.",Catalytic Cracking,Nov 19,Brent Blend,NWE,FCC,68.927683
Source: Energy Intelligence,"COPYRIGHT © 2001-2021 ENERGY INTELLIGENCE GROUP, INC. / ENERGY INTELLIGENCE GROUP (UK) LIMITED.",Catalytic Cracking,Dec 19,Brent Blend,NWE,FCC,71.115214
Source: Energy Intelligence,"COPYRIGHT © 2001-2021 ENERGY INTELLIGENCE GROUP, INC. / ENERGY INTELLIGENCE GROUP (UK) LIMITED.",Catalytic Cracking,Jan 20,Brent Blend,NWE,FCC,68.422595
Source: Energy Intelligence,"COPYRIGHT © 2001-2021 ENERGY INTELLIGENCE GROUP, INC. / ENERGY INTELLIGENCE GROUP (UK) LIMITED.",Catalytic Cracking,Feb 20,Brent Blend,NWE,FCC,59.554113
Source: Energy Intelligence,"COPYRIGHT © 2001-2021 ENERGY INTELLIGENCE GROUP, INC. / ENERGY INTELLIGENCE GROUP (UK) LIMITED.",Catalytic Cracking,Mar 20,Brent Blend,NWE,FCC,36.757461
Source: Energy Intelligence,"COPYRIGHT © 2001-2021 ENERGY INTELLIGENCE GROUP, INC. / ENERGY INTELLIGENCE GROUP (UK) LIMITED.",Catalytic Cracking,Apr 20,Brent Blend,NWE,FCC,24.410775
Source: Energy Intelligence,"COPYRIGHT © 2001-2021 ENERGY INTELLIGENCE GROUP, INC. / ENERGY INTELLIGENCE GROUP (UK) LIMITED.",Catalytic Cracking,May 20,Brent Blend,NWE,FCC,29.835325
Source: Energy Intelligence,"COPYRIGHT © 2001-2021 ENERGY INTELLIGENCE GROUP, INC. / ENERGY INTELLIGENCE GROUP (UK) LIMITED.",Catalytic Cracking,Jun 20,Brent Blend,NWE,FCC,39.792417
Source: Energy Intelligence,"COPYRIGHT © 2001-2021 ENERGY INTELLIGENCE GROUP, INC. / ENERGY INTELLIGENCE GROUP (UK) LIMITED.",Catalytic Cracking,Jul 20,Brent Blend,NWE,FCC,43.589278
Source: Energy Intelligence,"COPYRIGHT © 2001-2021 ENERGY INTELLIGENCE GROUP, INC. / ENERGY INTELLIGENCE GROUP (UK) LIMITED.",Catalytic Cracking,Aug 20,Brent Blend,NWE,FCC,44.166369
Source: Energy Intelligence,"COPYRIGHT © 2001-2021 ENERGY INTELLIGENCE GROUP, INC. / ENERGY INTELLIGENCE GROUP (UK) LIMITED.",Catalytic Cracking,Sept 20,Brent Blend,NWE,FCC,41.03452
Source: Energy Intelligence,"COPYRIGHT © 2001-2021 ENERGY INTELLIGENCE GROUP, INC. / ENERGY INTELLIGENCE GROUP (UK) LIMITED.",Catalytic Cracking,Oct 20,Brent Blend,NWE,FCC,41.65527
Source: Energy Intelligence,"COPYRIGHT © 2001-2021 ENERGY INTELLIGENCE GROUP, INC. / ENERGY INTELLIGENCE GROUP (UK) LIMITED.",Catalytic Cracking,Nov 20,Brent Blend,NWE,FCC,43.271208
Source: Energy Intelligence,"COPYRIGHT © 2001-2021 ENERGY INTELLIGENCE GROUP, INC. / ENERGY INTELLIGENCE GROUP (UK) LIMITED.",Catalytic Cracking,Dec 20,Brent Blend,NWE,FCC,49.825615
Source: Energy Intelligence,"COPYRIGHT © 2001-2021 ENERGY INTELLIGENCE GROUP, INC. / ENERGY INTELLIGENCE GROUP (UK) LIMITED.",Catalytic Cracking,Jan 21,Brent Blend,NWE,FCC,55.793596
Source: Energy Intelligence,"COPYRIGHT © 2001-2021 ENERGY INTELLIGENCE GROUP, INC. / ENERGY INTELLIGENCE GROUP (UK) LIMITED.",Catalytic Cracking,Feb 21,Brent Blend,NWE,FCC,63.165836
Source: Energy Intelligence,"COPYRIGHT © 2001-2021 ENERGY INTELLIGENCE GROUP, INC. / ENERGY INTELLIGENCE GROUP (UK) LIMITED.",Catalytic Cracking,Mar 21,Brent Blend,NWE,FCC,66.39237
Source: Energy Intelligence,"COPYRIGHT © 2001-2021 ENERGY INTELLIGENCE GROUP, INC. / ENERGY INTELLIGENCE GROUP (UK) LIMITED.",Catalytic Cracking,Apr 21,Brent Blend,NWE,FCC,66.47803
Source: Energy Intelligence,"COPYRIGHT © 2001-2021 ENERGY INTELLIGENCE GROUP, INC. / ENERGY INTELLIGENCE GROUP (UK) LIMITED.",Catalytic Cracking,May 21,Brent Blend,NWE,FCC,69.947454
Source: Energy Intelligence,"COPYRIGHT © 2001-2021 ENERGY INTELLIGENCE GROUP, INC. / ENERGY INTELLIGENCE GROUP (UK) LIMITED.",Catalytic Cracking,Jun 21,Brent Blend,NWE,FCC,74.06662
Source: Energy Intelligence,"COPYRIGHT © 2001-2021 ENERGY INTELLIGENCE GROUP, INC. / ENERGY INTELLIGENCE GROUP (UK) LIMITED.",Catalytic Cracking,Jul 21,Brent Blend,NWE,FCC,76.465728
Source: Energy Intelligence,"COPYRIGHT © 2001-2021 ENERGY INTELLIGENCE GROUP, INC. / ENERGY INTELLIGENCE GROUP (UK) LIMITED.",Catalytic Cracking,Aug 21,Brent Blend,NWE,FCC,74.161236
Source: Energy Intelligence,"COPYRIGHT © 2001-2021 ENERGY INTELLIGENCE GROUP, INC. / ENERGY INTELLIGENCE GROUP (UK) LIMITED.",Catalytic Cracking,Sept 21,Brent Blend,NWE,FCC,78.784906
Source: Energy Intelligence,"COPYRIGHT © 2001-2021 ENERGY INTELLIGENCE GROUP, INC. / ENERGY INTELLIGENCE GROUP (UK) LIMITED.",Catalytic Cracking,Oct 21,Brent Blend,NWE,FCC,90.048127
Source: Energy Intelligence,"COPYRIGHT © 2001-2021 ENERGY INTELLIGENCE GROUP, INC. / ENERGY INTELLIGENCE GROUP (UK) LIMITED.",Catalytic Cracking,Nov 21,Brent Blend,NWE,FCC,86.393416
Source: Energy Intelligence,"COPYRIGHT © 2001-2021 ENERGY INTELLIGENCE GROUP, INC. / ENERGY INTELLIGENCE GROUP (UK) LIMITED.",Catalytic Cracking,Dec 21,Brent Blend,NWE,FCC,79.90913
Source: Energy Intelligence,"COPYRIGHT © 2001-2021 ENERGY INTELLIGENCE GROUP, INC. / ENERGY INTELLIGENCE GROUP (UK) LIMITED.",Catalytic Cracking,Jan 22,Brent Blend,NWE,FCC,91.84389
Source: Energy Intelligence,"COPYRIGHT © 2001-2021 ENERGY INTELLIGENCE GROUP, INC. / ENERGY INTELLIGENCE GROUP (UK) LIMITED.",Catalytic Cracking,Feb 22,Brent Blend,NWE,FCC,101.962648
Source: Energy Intelligence,"COPYRIGHT © 2001-2021 ENERGY INTELLIGENCE GROUP, INC. / ENERGY INTELLIGENCE GROUP (UK) LIMITED.",Catalytic Cracking,Mar 22,Brent Blend,NWE,FCC,131.022181
Source: Energy Intelligence,"COPYRIGHT © 2001-2021 ENERGY INTELLIGENCE GROUP, INC. / ENERGY INTELLIGENCE GROUP (UK) LIMITED.",Catalytic Cracking,Apr 22,Brent Blend,NWE,FCC,129.472043
Source: Energy Intelligence,"COPYRIGHT © 2001-2021 ENERGY INTELLIGENCE GROUP, INC. / ENERGY INTELLIGENCE GROUP (UK) LIMITED.",Catalytic Cracking,May 22,Brent Blend,NWE,FCC,135.277613
Source: Energy Intelligence,"COPYRIGHT © 2001-2021 ENERGY INTELLIGENCE GROUP, INC. / ENERGY INTELLIGENCE GROUP (UK) LIMITED.",Catalytic Cracking,Jun 22,Brent Blend,NWE,FCC,151.061009
Source: Energy Intelligence,"COPYRIGHT © 2001-2021 ENERGY INTELLIGENCE GROUP, INC. / ENERGY INTELLIGENCE GROUP (UK) LIMITED.",Catalytic Cracking,Jul 22,Brent Blend,NWE,FCC,128.406151
Source: Energy Intelligence,"COPYRIGHT © 2001-2021 ENERGY INTELLIGENCE GROUP, INC. / ENERGY INTELLIGENCE GROUP (UK) LIMITED.",Catalytic Cracking,Aug 22,Brent Blend,NWE,FCC,115.822392
Source: Energy Intelligence,"COPYRIGHT © 2001-2021 ENERGY INTELLIGENCE GROUP, INC. / ENERGY INTELLIGENCE GROUP (UK) LIMITED.",Catalytic Cracking,Sept 22,Brent Blend,NWE,FCC,107.804399
Source: Energy Intelligence,"COPYRIGHT © 2001-2021 ENERGY INTELLIGENCE GROUP, INC. / ENERGY INTELLIGENCE GROUP (UK) LIMITED.",Catalytic Cracking,Oct 22,Brent Blend,NWE,FCC,120.277144
Source: Energy Intelligence,"COPYRIGHT © 2001-2021 ENERGY INTELLIGENCE GROUP, INC. / ENERGY INTELLIGENCE GROUP (UK) LIMITED.",Catalytic Cracking,Nov 22,Brent Blend,NWE,FCC,106.684595
Source: Energy Intelligence,"COPYRIGHT © 2001-2021 ENERGY INTELLIGENCE GROUP, INC. / ENERGY INTELLIGENCE GROUP (UK) LIMITED.",Catalytic Cracking,Dec 22,Brent Blend,NWE,FCC,94.334807
Source: Energy Intelligence,"COPYRIGHT © 2001-2021 ENERGY INTELLIGENCE GROUP, INC. / ENERGY INTELLIGENCE GROUP (UK) LIMITED.",Catalytic Cracking,Jan 23,Brent Blend,NWE,FCC,101.605199
Source: Energy Intelligence,"COPYRIGHT © 2001-2021 ENERGY INTELLIGENCE GROUP, INC. / ENERGY INTELLIGENCE GROUP (UK) LIMITED.",Catalytic Cracking,Feb 23,Brent Blend,NWE,FCC,96.061955
Source: Energy Intelligence,"COPYRIGHT © 2001-2021 ENERGY INTELLIGENCE GROUP, INC. / ENERGY INTELLIGENCE GROUP (UK) LIMITED.",Catalytic Cracking,Mar 23,Brent Blend,NWE,FCC,91.795003
Source: Energy Intelligence,"COPYRIGHT © 2001-2021 ENERGY INTELLIGENCE GROUP, INC. / ENERGY INTELLIGENCE GROUP (UK) LIMITED.",Catalytic Cracking,Apr 23,Brent Blend,NWE,FCC,92.020327
Source: Energy Intelligence,"COPYRIGHT © 2001-2021 ENERGY INTELLIGENCE GROUP, INC. / ENERGY INTELLIGENCE GROUP (UK) LIMITED.",Catalytic Cracking,May 23,Brent Blend,NWE,FCC,83.58796
Source: Energy Intelligence,"COPYRIGHT © 2001-2021 ENERGY INTELLIGENCE GROUP, INC. / ENERGY INTELLIGENCE GROUP (UK) LIMITED.",Catalytic Cracking,Jun 23,Brent Blend,NWE,FCC,84.939151
Source: Energy Intelligence,"COPYRIGHT © 2001-2021 ENERGY INTELLIGENCE GROUP, INC. / ENERGY INTELLIGENCE GROUP (UK) LIMITED.",Catalytic Cracking,Jul 23,Brent Blend,NWE,FCC,92.122132
Source: Energy Intelligence,"COPYRIGHT © 2001-2021 ENERGY INTELLIGENCE GROUP, INC. / ENERGY INTELLIGENCE GROUP (UK) LIMITED.",Catalytic Cracking,Aug 23,Brent Blend,NWE,FCC,105.102781
Source: Energy Intelligence,"COPYRIGHT © 2001-2021 ENERGY INTELLIGENCE GROUP, INC. / ENERGY INTELLIGENCE GROUP (UK) LIMITED.",Catalytic Cracking,Sept 23,Brent Blend,NWE,FCC,109.626279
Source: Energy Intelligence,"COPYRIGHT © 2001-2021 ENERGY INTELLIGENCE GROUP, INC. / ENERGY INTELLIGENCE GROUP (UK) LIMITED.",Catalytic Cracking,Oct 23,Brent Blend,NWE,FCC,99.855455
Source: Energy Intelligence,"COPYRIGHT © 2001-2021 ENERGY INTELLIGENCE GROUP, INC. / ENERGY INTELLIGENCE GROUP (UK) LIMITED.",Catalytic Cracking,Nov 23,Brent Blend,NWE,FCC,94.760275
Source: Energy Intelligence,"COPYRIGHT © 2001-2021 ENERGY INTELLIGENCE GROUP, INC. / ENERGY INTELLIGENCE GROUP (UK) LIMITED.",Catalytic Cracking,Dec 23,Brent Blend,NWE,FCC,89.234593
Source: Energy Intelligence,"COPYRIGHT © 2001-2021 ENERGY INTELLIGENCE GROUP, INC. / ENERGY INTELLIGENCE GROUP (UK) LIMITED.",Catalytic Cracking,Jan 24,Brent Blend,NWE,FCC,91.786889
Source: Energy Intelligence,"COPYRIGHT © 2001-2021 ENERGY INTELLIGENCE GROUP, INC. / ENERGY INTELLIGENCE GROUP (UK) LIMITED.",Catalytic Cracking,Feb 24,Brent Blend,NWE,FCC,96.633233
Source: Energy Intelligence,"COPYRIGHT © 2001-2021 ENERGY INTELLIGENCE GROUP, INC. / ENERGY INTELLIGENCE GROUP (UK) LIMITED.",Catalytic Cracking,Mar 24,Brent Blend,NWE,FCC,96.812796
Source: Energy Intelligence,"COPYRIGHT © 2001-2021 ENERGY INTELLIGENCE GROUP, INC. / ENERGY INTELLIGENCE GROUP (UK) LIMITED.",Catalytic Cracking,Apr 24,Brent Blend,NWE,FCC,98.220751
Source: Energy Intelligence,"COPYRIGHT © 2001-2021 ENERGY INTELLIGENCE GROUP, INC. / ENERGY INTELLIGENCE GROUP (UK) LIMITED.",Catalytic Cracking,May 24,Brent Blend,NWE,FCC,90.391078
Source: Energy Intelligence,"COPYRIGHT © 2001-2021 ENERGY INTELLIGENCE GROUP, INC. / ENERGY INTELLIGENCE GROUP (UK) LIMITED.",Catalytic Cracking,Jun 24,Brent Blend,NWE,FCC,89.375093
Source: Energy Intelligence,"COPYRIGHT © 2001-2021 ENERGY INTELLIGENCE GROUP, INC. / ENERGY INTELLIGENCE GROUP (UK) LIMITED.",Catalytic Cracking,Jul 24,Brent Blend,NWE,FCC,90.824236
Source: Energy Intelligence,"COPYRIGHT © 2001-2021 ENERGY INTELLIGENCE GROUP, INC. / ENERGY INTELLIGENCE GROUP (UK) LIMITED.",Catalytic Cracking,Aug 24,Brent Blend,NWE,FCC,84.810975
Source: Energy Intelligence,"COPYRIGHT © 2001-2021 ENERGY INTELLIGENCE GROUP, INC. / ENERGY INTELLIGENCE GROUP (UK) LIMITED.",Catalytic Cracking,Sept 24,Brent Blend,NWE,FCC,78.287588
Source: Energy Intelligence,"COPYRIGHT © 2001-2021 ENERGY INTELLIGENCE GROUP, INC. / ENERGY INTELLIGENCE GROUP (UK) LIMITED.",Catalytic Cracking,Oct 24,Brent Blend,NWE,FCC,81.388819
Source: Energy Intelligence,"COPYRIGHT © 2001-2021 ENERGY INTELLIGENCE GROUP, INC. / ENERGY INTELLIGENCE GROUP (UK) LIMITED.",Catalytic Cracking,Feb 19,Bonny Light,NWE,FCC,59.881048
Source: Energy Intelligence,"COPYRIGHT © 2001-2021 ENERGY INTELLIGENCE GROUP, INC. / ENERGY INTELLIGENCE GROUP (UK) LIMITED.",Catalytic Cracking,Mar 19,Bonny Light,NWE,FCC,63.473756
Source: Energy Intelligence,"COPYRIGHT © 2001-2021 ENERGY INTELLIGENCE GROUP, INC. / ENERGY INTELLIGENCE GROUP (UK) LIMITED.",Catalytic Cracking,Apr 19,Bonny Light,NWE,FCC,69.583499
Source: Energy Intelligence,"COPYRIGHT © 2001-2021 ENERGY INTELLIGENCE GROUP, INC. / ENERGY INTELLIGENCE GROUP (UK) LIMITED.",Catalytic Cracking,May 19,Bonny Light,NWE,FCC,70.720458
Source: Energy Intelligence,"COPYRIGHT © 2001-2021 ENERGY INTELLIGENCE GROUP, INC. / ENERGY INTELLIGENCE GROUP (UK) LIMITED.",Catalytic Cracking,Jun 19,Bonny Light,NWE,FCC,61.858914
Source: Energy Intelligence,"COPYRIGHT © 2001-2021 ENERGY INTELLIGENCE GROUP, INC. / ENERGY INTELLIGENCE GROUP (UK) LIMITED.",Catalytic Cracking,Jul 19,Bonny Light,NWE,FCC,64.801176
Source: Energy Intelligence,"COPYRIGHT © 2001-2021 ENERGY INTELLIGENCE GROUP, INC. / ENERGY INTELLIGENCE GROUP (UK) LIMITED.",Catalytic Cracking,Aug 19,Bonny Light,NWE,FCC,61.308671
Source: Energy Intelligence,"COPYRIGHT © 2001-2021 ENERGY INTELLIGENCE GROUP, INC. / ENERGY INTELLIGENCE GROUP (UK) LIMITED.",Catalytic Cracking,Sept 19,Bonny Light,NWE,FCC,62.883136
Source: Energy Intelligence,"COPYRIGHT © 2001-2021 ENERGY INTELLIGENCE GROUP, INC. / ENERGY INTELLIGENCE GROUP (UK) LIMITED.",Catalytic Cracking,Oct 19,Bonny Light,NWE,FCC,62.211759
Source: Energy Intelligence,"COPYRIGHT © 2001-2021 ENERGY INTELLIGENCE GROUP, INC. / ENERGY INTELLIGENCE GROUP (UK) LIMITED.",Catalytic Cracking,Nov 19,Bonny Light,NWE,FCC,71.81812
Source: Energy Intelligence,"COPYRIGHT © 2001-2021 ENERGY INTELLIGENCE GROUP, INC. / ENERGY INTELLIGENCE GROUP (UK) LIMITED.",Catalytic Cracking,Dec 19,Bonny Light,NWE,FCC,73.99836
Source: Energy Intelligence,"COPYRIGHT © 2001-2021 ENERGY INTELLIGENCE GROUP, INC. / ENERGY INTELLIGENCE GROUP (UK) LIMITED.",Catalytic Cracking,Jan 20,Bonny Light,NWE,FCC,71.208069
Source: Energy Intelligence,"COPYRIGHT © 2001-2021 ENERGY INTELLIGENCE GROUP, INC. / ENERGY INTELLIGENCE GROUP (UK) LIMITED.",Catalytic Cracking,Feb 20,Bonny Light,NWE,FCC,61.955998
Source: Energy Intelligence,"COPYRIGHT © 2001-2021 ENERGY INTELLIGENCE GROUP, INC. / ENERGY INTELLIGENCE GROUP (UK) LIMITED.",Catalytic Cracking,Mar 20,Bonny Light,NWE,FCC,37.63529
Source: Energy Intelligence,"COPYRIGHT © 2001-2021 ENERGY INTELLIGENCE GROUP, INC. / ENERGY INTELLIGENCE GROUP (UK) LIMITED.",Catalytic Cracking,Apr 20,Bonny Light,NWE,FCC,24.8731
Source: Energy Intelligence,"COPYRIGHT © 2001-2021 ENERGY INTELLIGENCE GROUP, INC. / ENERGY INTELLIGENCE GROUP (UK) LIMITED.",Catalytic Cracking,May 20,Bonny Light,NWE,FCC,31.005957
Source: Energy Intelligence,"COPYRIGHT © 2001-2021 ENERGY INTELLIGENCE GROUP, INC. / ENERGY INTELLIGENCE GROUP (UK) LIMITED.",Catalytic Cracking,Jun 20,Bonny Light,NWE,FCC,41.232949
Source: Energy Intelligence,"COPYRIGHT © 2001-2021 ENERGY INTELLIGENCE GROUP, INC. / ENERGY INTELLIGENCE GROUP (UK) LIMITED.",Catalytic Cracking,Jul 20,Bonny Light,NWE,FCC,45.041141
Source: Energy Intelligence,"COPYRIGHT © 2001-2021 ENERGY INTELLIGENCE GROUP, INC. / ENERGY INTELLIGENCE GROUP (UK) LIMITED.",Catalytic Cracking,Aug 20,Bonny Light,NWE,FCC,45.757441
Source: Energy Intelligence,"COPYRIGHT © 2001-2021 ENERGY INTELLIGENCE GROUP, INC. / ENERGY INTELLIGENCE GROUP (UK) LIMITED.",Catalytic Cracking,Sept 20,Bonny Light,NWE,FCC,42.768476
Source: Energy Intelligence,"COPYRIGHT © 2001-2021 ENERGY INTELLIGENCE GROUP, INC. / ENERGY INTELLIGENCE GROUP (UK) LIMITED.",Catalytic Cracking,Oct 20,Bonny Light,NWE,FCC,43.071357
Source: Energy Intelligence,"COPYRIGHT © 2001-2021 ENERGY INTELLIGENCE GROUP, INC. / ENERGY INTELLIGENCE GROUP (UK) LIMITED.",Catalytic Cracking,Nov 20,Bonny Light,NWE,FCC,44.57703
Source: Energy Intelligence,"COPYRIGHT © 2001-2021 ENERGY INTELLIGENCE GROUP, INC. / ENERGY INTELLIGENCE GROUP (UK) LIMITED.",Catalytic Cracking,Dec 20,Bonny Light,NWE,FCC,51.277942
Source: Energy Intelligence,"COPYRIGHT © 2001-2021 ENERGY INTELLIGENCE GROUP, INC. / ENERGY INTELLIGENCE GROUP (UK) LIMITED.",Catalytic Cracking,Jan 21,Bonny Light,NWE,FCC,57.658339
Source: Energy Intelligence,"COPYRIGHT © 2001-2021 ENERGY INTELLIGENCE GROUP, INC. / ENERGY INTELLIGENCE GROUP (UK) LIMITED.",Catalytic Cracking,Feb 21,Bonny Light,NWE,FCC,65.346023
Source: Energy Intelligence,"COPYRIGHT © 2001-2021 ENERGY INTELLIGENCE GROUP, INC. / ENERGY INTELLIGENCE GROUP (UK) LIMITED.",Catalytic Cracking,Mar 21,Bonny Light,NWE,FCC,69.271421
Source: Energy Intelligence,"COPYRIGHT © 2001-2021 ENERGY INTELLIGENCE GROUP, INC. / ENERGY INTELLIGENCE GROUP (UK) LIMITED.",Catalytic Cracking,Apr 21,Bonny Light,NWE,FCC,69.759906
Source: Energy Intelligence,"COPYRIGHT © 2001-2021 ENERGY INTELLIGENCE GROUP, INC. / ENERGY INTELLIGENCE GROUP (UK) LIMITED.",Catalytic Cracking,May 21,Bonny Light,NWE,FCC,73.256772
Source: Energy Intelligence,"COPYRIGHT © 2001-2021 ENERGY INTELLIGENCE GROUP, INC. / ENERGY INTELLIGENCE GROUP (UK) LIMITED.",Catalytic Cracking,Jun 21,Bonny Light,NWE,FCC,77.336861
Source: Energy Intelligence,"COPYRIGHT © 2001-2021 ENERGY INTELLIGENCE GROUP, INC. / ENERGY INTELLIGENCE GROUP (UK) LIMITED.",Catalytic Cracking,Jul 21,Bonny Light,NWE,FCC,79.757343
Source: Energy Intelligence,"COPYRIGHT © 2001-2021 ENERGY INTELLIGENCE GROUP, INC. / ENERGY INTELLIGENCE GROUP (UK) LIMITED.",Catalytic Cracking,Aug 21,Bonny Light,NWE,FCC,77.357715
Source: Energy Intelligence,"COPYRIGHT © 2001-2021 ENERGY INTELLIGENCE GROUP, INC. / ENERGY INTELLIGENCE GROUP (UK) LIMITED.",Catalytic Cracking,Sept 21,Bonny Light,NWE,FCC,81.711852
Source: Energy Intelligence,"COPYRIGHT © 2001-2021 ENERGY INTELLIGENCE GROUP, INC. / ENERGY INTELLIGENCE GROUP (UK) LIMITED.",Catalytic Cracking,Oct 21,Bonny Light,NWE,FCC,93.01928
Source: Energy Intelligence,"COPYRIGHT © 2001-2021 ENERGY INTELLIGENCE GROUP, INC. / ENERGY INTELLIGENCE GROUP (UK) LIMITED.",Catalytic Cracking,Nov 21,Bonny Light,NWE,FCC,89.61614
Source: Energy Intelligence,"COPYRIGHT © 2001-2021 ENERGY INTELLIGENCE GROUP, INC. / ENERGY INTELLIGENCE GROUP (UK) LIMITED.",Catalytic Cracking,Dec 21,Bonny Light,NWE,FCC,82.553559
Source: Energy Intelligence,"COPYRIGHT © 2001-2021 ENERGY INTELLIGENCE GROUP, INC. / ENERGY INTELLIGENCE GROUP (UK) LIMITED.",Catalytic Cracking,Jan 22,Bonny Light,NWE,FCC,94.62501
Source: Energy Intelligence,"COPYRIGHT © 2001-2021 ENERGY INTELLIGENCE GROUP, INC. / ENERGY INTELLIGENCE GROUP (UK) LIMITED.",Catalytic Cracking,Feb 22,Bonny Light,NWE,FCC,105.276496
Source: Energy Intelligence,"COPYRIGHT © 2001-2021 ENERGY INTELLIGENCE GROUP, INC. / ENERGY INTELLIGENCE GROUP (UK) LIMITED.",Catalytic Cracking,Mar 22,Bonny Light,NWE,FCC,134.208346
Source: Energy Intelligence,"COPYRIGHT © 2001-2021 ENERGY INTELLIGENCE GROUP, INC. / ENERGY INTELLIGENCE GROUP (UK) LIMITED.",Catalytic Cracking,Apr 22,Bonny Light,NWE,FCC,132.814507
Source: Energy Intelligence,"COPYRIGHT © 2001-2021 ENERGY INTELLIGENCE GROUP, INC. / ENERGY INTELLIGENCE GROUP (UK) LIMITED.",Catalytic Cracking,May 22,Bonny Light,NWE,FCC,141.062723
Source: Energy Intelligence,"COPYRIGHT © 2001-2021 ENERGY INTELLIGENCE GROUP, INC. / ENERGY INTELLIGENCE GROUP (UK) LIMITED.",Catalytic Cracking,Jun 22,Bonny Light,NWE,FCC,158.182082
Source: Energy Intelligence,"COPYRIGHT © 2001-2021 ENERGY INTELLIGENCE GROUP, INC. / ENERGY INTELLIGENCE GROUP (UK) LIMITED.",Catalytic Cracking,Jul 22,Bonny Light,NWE,FCC,134.30429
Source: Energy Intelligence,"COPYRIGHT © 2001-2021 ENERGY INTELLIGENCE GROUP, INC. / ENERGY INTELLIGENCE GROUP (UK) LIMITED.",Catalytic Cracking,Aug 22,Bonny Light,NWE,FCC,119.483719
Source: Energy Intelligence,"COPYRIGHT © 2001-2021 ENERGY INTELLIGENCE GROUP, INC. / ENERGY INTELLIGENCE GROUP (UK) LIMITED.",Catalytic Cracking,Sept 22,Bonny Light,NWE,FCC,110.181896
Source: Energy Intelligence,"COPYRIGHT © 2001-2021 ENERGY INTELLIGENCE GROUP, INC. / ENERGY INTELLIGENCE GROUP (UK) LIMITED.",Catalytic Cracking,Oct 22,Bonny Light,NWE,FCC,122.788467
Source: Energy Intelligence,"COPYRIGHT © 2001-2021 ENERGY INTELLIGENCE GROUP, INC. / ENERGY INTELLIGENCE GROUP (UK) LIMITED.",Catalytic Cracking,Nov 22,Bonny Light,NWE,FCC,109.502057
Source: Energy Intelligence,"COPYRIGHT © 2001-2021 ENERGY INTELLIGENCE GROUP, INC. / ENERGY INTELLIGENCE GROUP (UK) LIMITED.",Catalytic Cracking,Dec 22,Bonny Light,NWE,FCC,96.274612
Source: Energy Intelligence,"COPYRIGHT © 2001-2021 ENERGY INTELLIGENCE GROUP, INC. / ENERGY INTELLIGENCE GROUP (UK) LIMITED.",Catalytic Cracking,Jan 23,Bonny Light,NWE,FCC,104.569969
Source: Energy Intelligence,"COPYRIGHT © 2001-2021 ENERGY INTELLIGENCE GROUP, INC. / ENERGY INTELLIGENCE GROUP (UK) LIMITED.",Catalytic Cracking,Feb 23,Bonny Light,NWE,FCC,99.707317
Source: Energy Intelligence,"COPYRIGHT © 2001-2021 ENERGY INTELLIGENCE GROUP, INC. / ENERGY INTELLIGENCE GROUP (UK) LIMITED.",Catalytic Cracking,Mar 23,Bonny Light,NWE,FCC,95.18606
Source: Energy Intelligence,"COPYRIGHT © 2001-2021 ENERGY INTELLIGENCE GROUP, INC. / ENERGY INTELLIGENCE GROUP (UK) LIMITED.",Catalytic Cracking,Apr 23,Bonny Light,NWE,FCC,96.728006
Source: Energy Intelligence,"COPYRIGHT © 2001-2021 ENERGY INTELLIGENCE GROUP, INC. / ENERGY INTELLIGENCE GROUP (UK) LIMITED.",Catalytic Cracking,May 23,Bonny Light,NWE,FCC,88.199292
Source: Energy Intelligence,"COPYRIGHT © 2001-2021 ENERGY INTELLIGENCE GROUP, INC. / ENERGY INTELLIGENCE GROUP (UK) LIMITED.",Catalytic Cracking,Jun 23,Bonny Light,NWE,FCC,89.497427
Source: Energy Intelligence,"COPYRIGHT © 2001-2021 ENERGY INTELLIGENCE GROUP, INC. / ENERGY INTELLIGENCE GROUP (UK) LIMITED.",Catalytic Cracking,Jul 23,Bonny Light,NWE,FCC,97.020197
Source: Energy Intelligence,"COPYRIGHT © 2001-2021 ENERGY INTELLIGENCE GROUP, INC. / ENERGY INTELLIGENCE GROUP (UK) LIMITED.",Catalytic Cracking,Aug 23,Bonny Light,NWE,FCC,109.535366
Source: Energy Intelligence,"COPYRIGHT © 2001-2021 ENERGY INTELLIGENCE GROUP, INC. / ENERGY INTELLIGENCE GROUP (UK) LIMITED.",Catalytic Cracking,Sept 23,Bonny Light,NWE,FCC,113.17534
Source: Energy Intelligence,"COPYRIGHT © 2001-2021 ENERGY INTELLIGENCE GROUP, INC. / ENERGY INTELLIGENCE GROUP (UK) LIMITED.",Catalytic Cracking,Oct 23,Bonny Light,NWE,FCC,102.498586
Source: Energy Intelligence,"COPYRIGHT © 2001-2021 ENERGY INTELLIGENCE GROUP, INC. / ENERGY INTELLIGENCE GROUP (UK) LIMITED.",Catalytic Cracking,Nov 23,Bonny Light,NWE,FCC,97.429541
Source: Energy Intelligence,"COPYRIGHT © 2001-2021 ENERGY INTELLIGENCE GROUP, INC. / ENERGY INTELLIGENCE GROUP (UK) LIMITED.",Catalytic Cracking,Dec 23,Bonny Light,NWE,FCC,91.754235
Source: Energy Intelligence,"COPYRIGHT © 2001-2021 ENERGY INTELLIGENCE GROUP, INC. / ENERGY INTELLIGENCE GROUP (UK) LIMITED.",Catalytic Cracking,Jan 24,Bonny Light,NWE,FCC,94.684875
Source: Energy Intelligence,"COPYRIGHT © 2001-2021 ENERGY INTELLIGENCE GROUP, INC. / ENERGY INTELLIGENCE GROUP (UK) LIMITED.",Catalytic Cracking,Feb 24,Bonny Light,NWE,FCC,99.646244
Source: Energy Intelligence,"COPYRIGHT © 2001-2021 ENERGY INTELLIGENCE GROUP, INC. / ENERGY INTELLIGENCE GROUP (UK) LIMITED.",Catalytic Cracking,Mar 24,Bonny Light,NWE,FCC,100.518784
Source: Energy Intelligence,"COPYRIGHT © 2001-2021 ENERGY INTELLIGENCE GROUP, INC. / ENERGY INTELLIGENCE GROUP (UK) LIMITED.",Catalytic Cracking,Apr 24,Bonny Light,NWE,FCC,103.35066
Source: Energy Intelligence,"COPYRIGHT © 2001-2021 ENERGY INTELLIGENCE GROUP, INC. / ENERGY INTELLIGENCE GROUP (UK) LIMITED.",Catalytic Cracking,May 24,Bonny Light,NWE,FCC,94.792123
Source: Energy Intelligence,"COPYRIGHT © 2001-2021 ENERGY INTELLIGENCE GROUP, INC. / ENERGY INTELLIGENCE GROUP (UK) LIMITED.",Catalytic Cracking,Jun 24,Bonny Light,NWE,FCC,93.030134
Source: Energy Intelligence,"COPYRIGHT © 2001-2021 ENERGY INTELLIGENCE GROUP, INC. / ENERGY INTELLIGENCE GROUP (UK) LIMITED.",Catalytic Cracking,Jul 24,Bonny Light,NWE,FCC,94.59357
Source: Energy Intelligence,"COPYRIGHT © 2001-2021 ENERGY INTELLIGENCE GROUP, INC. / ENERGY INTELLIGENCE GROUP (UK) LIMITED.",Catalytic Cracking,Aug 24,Bonny Light,NWE,FCC,88.262509
Source: Energy Intelligence,"COPYRIGHT © 2001-2021 ENERGY INTELLIGENCE GROUP, INC. / ENERGY INTELLIGENCE GROUP (UK) LIMITED.",Catalytic Cracking,Sept 24,Bonny Light,NWE,FCC,80.821055
Source: Energy Intelligence,"COPYRIGHT © 2001-2021 ENERGY INTELLIGENCE GROUP, INC. / ENERGY INTELLIGENCE GROUP (UK) LIMITED.",Catalytic Cracking,Oct 24,Bonny Light,NWE,FCC,83.764256
Source: Energy Intelligence,"COPYRIGHT © 2001-2021 ENERGY INTELLIGENCE GROUP, INC. / ENERGY INTELLIGENCE GROUP (UK) LIMITED.",Catalytic Cracking,Feb 19,Arab Light,NWE,FCC,68.019271
Source: Energy Intelligence,"COPYRIGHT © 2001-2021 ENERGY INTELLIGENCE GROUP, INC. / ENERGY INTELLIGENCE GROUP (UK) LIMITED.",Catalytic Cracking,Mar 19,Arab Light,NWE,FCC,71.078333
Source: Energy Intelligence,"COPYRIGHT © 2001-2021 ENERGY INTELLIGENCE GROUP, INC. / ENERGY INTELLIGENCE GROUP (UK) LIMITED.",Catalytic Cracking,Apr 19,Arab Light,NWE,FCC,75.903314
Source: Energy Intelligence,"COPYRIGHT © 2001-2021 ENERGY INTELLIGENCE GROUP, INC. / ENERGY INTELLIGENCE GROUP (UK) LIMITED.",Catalytic Cracking,May 19,Arab Light,NWE,FCC,75.416169
Source: Energy Intelligence,"COPYRIGHT © 2001-2021 ENERGY INTELLIGENCE GROUP, INC. / ENERGY INTELLIGENCE GROUP (UK) LIMITED.",Catalytic Cracking,Jun 19,Arab Light,NWE,FCC,67.138388
Source: Energy Intelligence,"COPYRIGHT © 2001-2021 ENERGY INTELLIGENCE GROUP, INC. / ENERGY INTELLIGENCE GROUP (UK) LIMITED.",Catalytic Cracking,Jul 19,Arab Light,NWE,FCC,70.148805
Source: Energy Intelligence,"COPYRIGHT © 2001-2021 ENERGY INTELLIGENCE GROUP, INC. / ENERGY INTELLIGENCE GROUP (UK) LIMITED.",Catalytic Cracking,Aug 19,Arab Light,NWE,FCC,63.705281
Source: Energy Intelligence,"COPYRIGHT © 2001-2021 ENERGY INTELLIGENCE GROUP, INC. / ENERGY INTELLIGENCE GROUP (UK) LIMITED.",Catalytic Cracking,Sept 19,Arab Light,NWE,FCC,67.034845
Source: Energy Intelligence,"COPYRIGHT © 2001-2021 ENERGY INTELLIGENCE GROUP, INC. / ENERGY INTELLIGENCE GROUP (UK) LIMITED.",Catalytic Cracking,Oct 19,Arab Light,NWE,FCC,63.195277
Source: Energy Intelligence,"COPYRIGHT © 2001-2021 ENERGY INTELLIGENCE GROUP, INC. / ENERGY INTELLIGENCE GROUP (UK) LIMITED.",Catalytic Cracking,Nov 19,Arab Light,NWE,FCC,59.385522
Source: Energy Intelligence,"COPYRIGHT © 2001-2021 ENERGY INTELLIGENCE GROUP, INC. / ENERGY INTELLIGENCE GROUP (UK) LIMITED.",Catalytic Cracking,Dec 19,Arab Light,NWE,FCC,61.033038
Source: Energy Intelligence,"COPYRIGHT © 2001-2021 ENERGY INTELLIGENCE GROUP, INC. / ENERGY INTELLIGENCE GROUP (UK) LIMITED.",Catalytic Cracking,Jan 20,Arab Light,NWE,FCC,60.150371
Source: Energy Intelligence,"COPYRIGHT © 2001-2021 ENERGY INTELLIGENCE GROUP, INC. / ENERGY INTELLIGENCE GROUP (UK) LIMITED.",Catalytic Cracking,Feb 20,Arab Light,NWE,FCC,53.9843
Source: Energy Intelligence,"COPYRIGHT © 2001-2021 ENERGY INTELLIGENCE GROUP, INC. / ENERGY INTELLIGENCE GROUP (UK) LIMITED.",Catalytic Cracking,Mar 20,Arab Light,NWE,FCC,33.079246
Source: Energy Intelligence,"COPYRIGHT © 2001-2021 ENERGY INTELLIGENCE GROUP, INC. / ENERGY INTELLIGENCE GROUP (UK) LIMITED.",Catalytic Cracking,Apr 20,Arab Light,NWE,FCC,21.902497
Source: Energy Intelligence,"COPYRIGHT © 2001-2021 ENERGY INTELLIGENCE GROUP, INC. / ENERGY INTELLIGENCE GROUP (UK) LIMITED.",Catalytic Cracking,May 20,Arab Light,NWE,FCC,27.632162
Source: Energy Intelligence,"COPYRIGHT © 2001-2021 ENERGY INTELLIGENCE GROUP, INC. / ENERGY INTELLIGENCE GROUP (UK) LIMITED.",Catalytic Cracking,Jun 20,Arab Light,NWE,FCC,37.907798
Source: Energy Intelligence,"COPYRIGHT © 2001-2021 ENERGY INTELLIGENCE GROUP, INC. / ENERGY INTELLIGENCE GROUP (UK) LIMITED.",Catalytic Cracking,Jul 20,Arab Light,NWE,FCC,41.471941
Source: Energy Intelligence,"COPYRIGHT © 2001-2021 ENERGY INTELLIGENCE GROUP, INC. / ENERGY INTELLIGENCE GROUP (UK) LIMITED.",Catalytic Cracking,Aug 20,Arab Light,NWE,FCC,42.272572
Source: Energy Intelligence,"COPYRIGHT © 2001-2021 ENERGY INTELLIGENCE GROUP, INC. / ENERGY INTELLIGENCE GROUP (UK) LIMITED.",Catalytic Cracking,Sept 20,Arab Light,NWE,FCC,38.957973
Source: Energy Intelligence,"COPYRIGHT © 2001-2021 ENERGY INTELLIGENCE GROUP, INC. / ENERGY INTELLIGENCE GROUP (UK) LIMITED.",Catalytic Cracking,Oct 20,Arab Light,NWE,FCC,39.504315
Source: Energy Intelligence,"COPYRIGHT © 2001-2021 ENERGY INTELLIGENCE GROUP, INC. / ENERGY INTELLIGENCE GROUP (UK) LIMITED.",Catalytic Cracking,Nov 20,Arab Light,NWE,FCC,41.244688
Source: Energy Intelligence,"COPYRIGHT © 2001-2021 ENERGY INTELLIGENCE GROUP, INC. / ENERGY INTELLIGENCE GROUP (UK) LIMITED.",Catalytic Cracking,Dec 20,Arab Light,NWE,FCC,47.093071
Source: Energy Intelligence,"COPYRIGHT © 2001-2021 ENERGY INTELLIGENCE GROUP, INC. / ENERGY INTELLIGENCE GROUP (UK) LIMITED.",Catalytic Cracking,Jan 21,Arab Light,NWE,FCC,52.77847
Source: Energy Intelligence,"COPYRIGHT © 2001-2021 ENERGY INTELLIGENCE GROUP, INC. / ENERGY INTELLIGENCE GROUP (UK) LIMITED.",Catalytic Cracking,Feb 21,Arab Light,NWE,FCC,59.604612
Source: Energy Intelligence,"COPYRIGHT © 2001-2021 ENERGY INTELLIGENCE GROUP, INC. / ENERGY INTELLIGENCE GROUP (UK) LIMITED.",Catalytic Cracking,Mar 21,Arab Light,NWE,FCC,62.796232
Source: Energy Intelligence,"COPYRIGHT © 2001-2021 ENERGY INTELLIGENCE GROUP, INC. / ENERGY INTELLIGENCE GROUP (UK) LIMITED.",Catalytic Cracking,Apr 21,Arab Light,NWE,FCC,62.652484
Source: Energy Intelligence,"COPYRIGHT © 2001-2021 ENERGY INTELLIGENCE GROUP, INC. / ENERGY INTELLIGENCE GROUP (UK) LIMITED.",Catalytic Cracking,May 21,Arab Light,NWE,FCC,65.688181
Source: Energy Intelligence,"COPYRIGHT © 2001-2021 ENERGY INTELLIGENCE GROUP, INC. / ENERGY INTELLIGENCE GROUP (UK) LIMITED.",Catalytic Cracking,Jun 21,Arab Light,NWE,FCC,69.739388
Source: Energy Intelligence,"COPYRIGHT © 2001-2021 ENERGY INTELLIGENCE GROUP, INC. / ENERGY INTELLIGENCE GROUP (UK) LIMITED.",Catalytic Cracking,Jul 21,Arab Light,NWE,FCC,71.727802
Source: Energy Intelligence,"COPYRIGHT © 2001-2021 ENERGY INTELLIGENCE GROUP, INC. / ENERGY INTELLIGENCE GROUP (UK) LIMITED.",Catalytic Cracking,Aug 21,Arab Light,NWE,FCC,69.436514
Source: Energy Intelligence,"COPYRIGHT © 2001-2021 ENERGY INTELLIGENCE GROUP, INC. / ENERGY INTELLIGENCE GROUP (UK) LIMITED.",Catalytic Cracking,Sept 21,Arab Light,NWE,FCC,73.847562
Source: Energy Intelligence,"COPYRIGHT © 2001-2021 ENERGY INTELLIGENCE GROUP, INC. / ENERGY INTELLIGENCE GROUP (UK) LIMITED.",Catalytic Cracking,Oct 21,Arab Light,NWE,FCC,84.409792
Source: Energy Intelligence,"COPYRIGHT © 2001-2021 ENERGY INTELLIGENCE GROUP, INC. / ENERGY INTELLIGENCE GROUP (UK) LIMITED.",Catalytic Cracking,Nov 21,Arab Light,NWE,FCC,80.021158
Source: Energy Intelligence,"COPYRIGHT © 2001-2021 ENERGY INTELLIGENCE GROUP, INC. / ENERGY INTELLIGENCE GROUP (UK) LIMITED.",Catalytic Cracking,Dec 21,Arab Light,NWE,FCC,73.806934
Source: Energy Intelligence,"COPYRIGHT © 2001-2021 ENERGY INTELLIGENCE GROUP, INC. / ENERGY INTELLIGENCE GROUP (UK) LIMITED.",Catalytic Cracking,Jan 22,Arab Light,NWE,FCC,85.804394
Source: Energy Intelligence,"COPYRIGHT © 2001-2021 ENERGY INTELLIGENCE GROUP, INC. / ENERGY INTELLIGENCE GROUP (UK) LIMITED.",Catalytic Cracking,Feb 22,Arab Light,NWE,FCC,94.726021
Source: Energy Intelligence,"COPYRIGHT © 2001-2021 ENERGY INTELLIGENCE GROUP, INC. / ENERGY INTELLIGENCE GROUP (UK) LIMITED.",Catalytic Cracking,Mar 22,Arab Light,NWE,FCC,120.911333
Source: Energy Intelligence,"COPYRIGHT © 2001-2021 ENERGY INTELLIGENCE GROUP, INC. / ENERGY INTELLIGENCE GROUP (UK) LIMITED.",Catalytic Cracking,Apr 22,Arab Light,NWE,FCC,119.94866
Source: Energy Intelligence,"COPYRIGHT © 2001-2021 ENERGY INTELLIGENCE GROUP, INC. / ENERGY INTELLIGENCE GROUP (UK) LIMITED.",Catalytic Cracking,May 22,Arab Light,NWE,FCC,126.504136
Source: Energy Intelligence,"COPYRIGHT © 2001-2021 ENERGY INTELLIGENCE GROUP, INC. / ENERGY INTELLIGENCE GROUP (UK) LIMITED.",Catalytic Cracking,Jun 22,Arab Light,NWE,FCC,136.99405
Source: Energy Intelligence,"COPYRIGHT © 2001-2021 ENERGY INTELLIGENCE GROUP, INC. / ENERGY INTELLIGENCE GROUP (UK) LIMITED.",Catalytic Cracking,Jul 22,Arab Light,NWE,FCC,113.966156
Source: Energy Intelligence,"COPYRIGHT © 2001-2021 ENERGY INTELLIGENCE GROUP, INC. / ENERGY INTELLIGENCE GROUP (UK) LIMITED.",Catalytic Cracking,Aug 22,Arab Light,NWE,FCC,104.621428
Source: Energy Intelligence,"COPYRIGHT © 2001-2021 ENERGY INTELLIGENCE GROUP, INC. / ENERGY INTELLIGENCE GROUP (UK) LIMITED.",Catalytic Cracking,Sept 22,Arab Light,NWE,FCC,96.559996
Source: Energy Intelligence,"COPYRIGHT © 2001-2021 ENERGY INTELLIGENCE GROUP, INC. / ENERGY INTELLIGENCE GROUP (UK) LIMITED.",Catalytic Cracking,Oct 22,Arab Light,NWE,FCC,106.739446
Source: Energy Intelligence,"COPYRIGHT © 2001-2021 ENERGY INTELLIGENCE GROUP, INC. / ENERGY INTELLIGENCE GROUP (UK) LIMITED.",Catalytic Cracking,Nov 22,Arab Light,NWE,FCC,96.018186
Source: Energy Intelligence,"COPYRIGHT © 2001-2021 ENERGY INTELLIGENCE GROUP, INC. / ENERGY INTELLIGENCE GROUP (UK) LIMITED.",Catalytic Cracking,Dec 22,Arab Light,NWE,FCC,85.516094
Source: Energy Intelligence,"COPYRIGHT © 2001-2021 ENERGY INTELLIGENCE GROUP, INC. / ENERGY INTELLIGENCE GROUP (UK) LIMITED.",Catalytic Cracking,Jan 23,Arab Light,NWE,FCC,92.394159
Source: Energy Intelligence,"COPYRIGHT © 2001-2021 ENERGY INTELLIGENCE GROUP, INC. / ENERGY INTELLIGENCE GROUP (UK) LIMITED.",Catalytic Cracking,Feb 23,Arab Light,NWE,FCC,87.792603
Source: Energy Intelligence,"COPYRIGHT © 2001-2021 ENERGY INTELLIGENCE GROUP, INC. / ENERGY INTELLIGENCE GROUP (UK) LIMITED.",Catalytic Cracking,Mar 23,Arab Light,NWE,FCC,84.594863
Source: Energy Intelligence,"COPYRIGHT © 2001-2021 ENERGY INTELLIGENCE GROUP, INC. / ENERGY INTELLIGENCE GROUP (UK) LIMITED.",Catalytic Cracking,Apr 23,Arab Light,NWE,FCC,86.753627
Source: Energy Intelligence,"COPYRIGHT © 2001-2021 ENERGY INTELLIGENCE GROUP, INC. / ENERGY INTELLIGENCE GROUP (UK) LIMITED.",Catalytic Cracking,May 23,Arab Light,NWE,FCC,78.794348
Source: Energy Intelligence,"COPYRIGHT © 2001-2021 ENERGY INTELLIGENCE GROUP, INC. / ENERGY INTELLIGENCE GROUP (UK) LIMITED.",Catalytic Cracking,Jun 23,Arab Light,NWE,FCC,80.845614
Source: Energy Intelligence,"COPYRIGHT © 2001-2021 ENERGY INTELLIGENCE GROUP, INC. / ENERGY INTELLIGENCE GROUP (UK) LIMITED.",Catalytic Cracking,Jul 23,Arab Light,NWE,FCC,87.842269
Source: Energy Intelligence,"COPYRIGHT © 2001-2021 ENERGY INTELLIGENCE GROUP, INC. / ENERGY INTELLIGENCE GROUP (UK) LIMITED.",Catalytic Cracking,Aug 23,Arab Light,NWE,FCC,101.183708
Source: Energy Intelligence,"COPYRIGHT © 2001-2021 ENERGY INTELLIGENCE GROUP, INC. / ENERGY INTELLIGENCE GROUP (UK) LIMITED.",Catalytic Cracking,Sept 23,Arab Light,NWE,FCC,105.891883
Source: Energy Intelligence,"COPYRIGHT © 2001-2021 ENERGY INTELLIGENCE GROUP, INC. / ENERGY INTELLIGENCE GROUP (UK) LIMITED.",Catalytic Cracking,Oct 23,Arab Light,NWE,FCC,94.439186
Source: Energy Intelligence,"COPYRIGHT © 2001-2021 ENERGY INTELLIGENCE GROUP, INC. / ENERGY INTELLIGENCE GROUP (UK) LIMITED.",Catalytic Cracking,Nov 23,Arab Light,NWE,FCC,88.88781
Source: Energy Intelligence,"COPYRIGHT © 2001-2021 ENERGY INTELLIGENCE GROUP, INC. / ENERGY INTELLIGENCE GROUP (UK) LIMITED.",Catalytic Cracking,Dec 23,Arab Light,NWE,FCC,84.279279
Source: Energy Intelligence,"COPYRIGHT © 2001-2021 ENERGY INTELLIGENCE GROUP, INC. / ENERGY INTELLIGENCE GROUP (UK) LIMITED.",Catalytic Cracking,Jan 24,Arab Light,NWE,FCC,86.157345
Source: Energy Intelligence,"COPYRIGHT © 2001-2021 ENERGY INTELLIGENCE GROUP, INC. / ENERGY INTELLIGENCE GROUP (UK) LIMITED.",Catalytic Cracking,Feb 24,Arab Light,NWE,FCC,90.622008
Source: Energy Intelligence,"COPYRIGHT © 2001-2021 ENERGY INTELLIGENCE GROUP, INC. / ENERGY INTELLIGENCE GROUP (UK) LIMITED.",Catalytic Cracking,Mar 24,Arab Light,NWE,FCC,91.006988
Source: Energy Intelligence,"COPYRIGHT © 2001-2021 ENERGY INTELLIGENCE GROUP, INC. / ENERGY INTELLIGENCE GROUP (UK) LIMITED.",Catalytic Cracking,Apr 24,Arab Light,NWE,FCC,92.324366
Source: Energy Intelligence,"COPYRIGHT © 2001-2021 ENERGY INTELLIGENCE GROUP, INC. / ENERGY INTELLIGENCE GROUP (UK) LIMITED.",Catalytic Cracking,May 24,Arab Light,NWE,FCC,85.973535
Source: Energy Intelligence,"COPYRIGHT © 2001-2021 ENERGY INTELLIGENCE GROUP, INC. / ENERGY INTELLIGENCE GROUP (UK) LIMITED.",Catalytic Cracking,Jun 24,Arab Light,NWE,FCC,85.693583
Source: Energy Intelligence,"COPYRIGHT © 2001-2021 ENERGY INTELLIGENCE GROUP, INC. / ENERGY INTELLIGENCE GROUP (UK) LIMITED.",Catalytic Cracking,Jul 24,Arab Light,NWE,FCC,86.935993
Source: Energy Intelligence,"COPYRIGHT © 2001-2021 ENERGY INTELLIGENCE GROUP, INC. / ENERGY INTELLIGENCE GROUP (UK) LIMITED.",Catalytic Cracking,Aug 24,Arab Light,NWE,FCC,80.612088
Source: Energy Intelligence,"COPYRIGHT © 2001-2021 ENERGY INTELLIGENCE GROUP, INC. / ENERGY INTELLIGENCE GROUP (UK) LIMITED.",Catalytic Cracking,Sept 24,Arab Light,NWE,FCC,74.144716
Source: Energy Intelligence,"COPYRIGHT © 2001-2021 ENERGY INTELLIGENCE GROUP, INC. / ENERGY INTELLIGENCE GROUP (UK) LIMITED.",Catalytic Cracking,Oct 24,Arab Light,NWE,FCC,79.284306
Source: Energy Intelligence,"COPYRIGHT © 2001-2021 ENERGY INTELLIGENCE GROUP, INC. / ENERGY INTELLIGENCE GROUP (UK) LIMITED.",Hydroskimming,Feb 19,Urals,NWE,HSK,48.050904
Source: Energy Intelligence,"COPYRIGHT © 2001-2021 ENERGY INTELLIGENCE GROUP, INC. / ENERGY INTELLIGENCE GROUP (UK) LIMITED.",Hydroskimming,Mar 19,Urals,NWE,HSK,49.596249
Source: Energy Intelligence,"COPYRIGHT © 2001-2021 ENERGY INTELLIGENCE GROUP, INC. / ENERGY INTELLIGENCE GROUP (UK) LIMITED.",Hydroskimming,Apr 19,Urals,NWE,HSK,51.905915
Source: Energy Intelligence,"COPYRIGHT © 2001-2021 ENERGY INTELLIGENCE GROUP, INC. / ENERGY INTELLIGENCE GROUP (UK) LIMITED.",Hydroskimming,May 19,Urals,NWE,HSK,51.320983
Source: Energy Intelligence,"COPYRIGHT © 2001-2021 ENERGY INTELLIGENCE GROUP, INC. / ENERGY INTELLIGENCE GROUP (UK) LIMITED.",Hydroskimming,Jun 19,Urals,NWE,HSK,46.065361
Source: Energy Intelligence,"COPYRIGHT © 2001-2021 ENERGY INTELLIGENCE GROUP, INC. / ENERGY INTELLIGENCE GROUP (UK) LIMITED.",Hydroskimming,Jul 19,Urals,NWE,HSK,48.070978
Source: Energy Intelligence,"COPYRIGHT © 2001-2021 ENERGY INTELLIGENCE GROUP, INC. / ENERGY INTELLIGENCE GROUP (UK) LIMITED.",Hydroskimming,Aug 19,Urals,NWE,HSK,44.07424
Source: Energy Intelligence,"COPYRIGHT © 2001-2021 ENERGY INTELLIGENCE GROUP, INC. / ENERGY INTELLIGENCE GROUP (UK) LIMITED.",Hydroskimming,Sept 19,Urals,NWE,HSK,46.708486
Source: Energy Intelligence,"COPYRIGHT © 2001-2021 ENERGY INTELLIGENCE GROUP, INC. / ENERGY INTELLIGENCE GROUP (UK) LIMITED.",Hydroskimming,Oct 19,Urals,NWE,HSK,44.712548
Source: Energy Intelligence,"COPYRIGHT © 2001-2021 ENERGY INTELLIGENCE GROUP, INC. / ENERGY INTELLIGENCE GROUP (UK) LIMITED.",Hydroskimming,Nov 19,Urals,NWE,HSK,63.263568
Source: Energy Intelligence,"COPYRIGHT © 2001-2021 ENERGY INTELLIGENCE GROUP, INC. / ENERGY INTELLIGENCE GROUP (UK) LIMITED.",Hydroskimming,Dec 19,Urals,NWE,HSK,67.0007
Source: Energy Intelligence,"COPYRIGHT © 2001-2021 ENERGY INTELLIGENCE GROUP, INC. / ENERGY INTELLIGENCE GROUP (UK) LIMITED.",Hydroskimming,Jan 20,Urals,NWE,HSK,65.645973
Source: Energy Intelligence,"COPYRIGHT © 2001-2021 ENERGY INTELLIGENCE GROUP, INC. / ENERGY INTELLIGENCE GROUP (UK) LIMITED.",Hydroskimming,Feb 20,Urals,NWE,HSK,56.792458
Source: Energy Intelligence,"COPYRIGHT © 2001-2021 ENERGY INTELLIGENCE GROUP, INC. / ENERGY INTELLIGENCE GROUP (UK) LIMITED.",Hydroskimming,Mar 20,Urals,NWE,HSK,35.398734
Source: Energy Intelligence,"COPYRIGHT © 2001-2021 ENERGY INTELLIGENCE GROUP, INC. / ENERGY INTELLIGENCE GROUP (UK) LIMITED.",Hydroskimming,Apr 20,Urals,NWE,HSK,24.098736
Source: Energy Intelligence,"COPYRIGHT © 2001-2021 ENERGY INTELLIGENCE GROUP, INC. / ENERGY INTELLIGENCE GROUP (UK) LIMITED.",Hydroskimming,May 20,Urals,NWE,HSK,28.078848
Source: Energy Intelligence,"COPYRIGHT © 2001-2021 ENERGY INTELLIGENCE GROUP, INC. / ENERGY INTELLIGENCE GROUP (UK) LIMITED.",Hydroskimming,Jun 20,Urals,NWE,HSK,38.273242
Source: Energy Intelligence,"COPYRIGHT © 2001-2021 ENERGY INTELLIGENCE GROUP, INC. / ENERGY INTELLIGENCE GROUP (UK) LIMITED.",Hydroskimming,Jul 20,Urals,NWE,HSK,42.100064
Source: Energy Intelligence,"COPYRIGHT © 2001-2021 ENERGY INTELLIGENCE GROUP, INC. / ENERGY INTELLIGENCE GROUP (UK) LIMITED.",Hydroskimming,Aug 20,Urals,NWE,HSK,42.803653
Source: Energy Intelligence,"COPYRIGHT © 2001-2021 ENERGY INTELLIGENCE GROUP, INC. / ENERGY INTELLIGENCE GROUP (UK) LIMITED.",Hydroskimming,Sept 20,Urals,NWE,HSK,39.394746
Source: Energy Intelligence,"COPYRIGHT © 2001-2021 ENERGY INTELLIGENCE GROUP, INC. / ENERGY INTELLIGENCE GROUP (UK) LIMITED.",Hydroskimming,Oct 20,Urals,NWE,HSK,40.526502
Source: Energy Intelligence,"COPYRIGHT © 2001-2021 ENERGY INTELLIGENCE GROUP, INC. / ENERGY INTELLIGENCE GROUP (UK) LIMITED.",Hydroskimming,Nov 20,Urals,NWE,HSK,42.808931
Source: Energy Intelligence,"COPYRIGHT © 2001-2021 ENERGY INTELLIGENCE GROUP, INC. / ENERGY INTELLIGENCE GROUP (UK) LIMITED.",Hydroskimming,Dec 20,Urals,NWE,HSK,49.061733
Source: Energy Intelligence,"COPYRIGHT © 2001-2021 ENERGY INTELLIGENCE GROUP, INC. / ENERGY INTELLIGENCE GROUP (UK) LIMITED.",Hydroskimming,Jan 21,Urals,NWE,HSK,54.599332
Source: Energy Intelligence,"COPYRIGHT © 2001-2021 ENERGY INTELLIGENCE GROUP, INC. / ENERGY INTELLIGENCE GROUP (UK) LIMITED.",Hydroskimming,Feb 21,Urals,NWE,HSK,61.65076
Source: Energy Intelligence,"COPYRIGHT © 2001-2021 ENERGY INTELLIGENCE GROUP, INC. / ENERGY INTELLIGENCE GROUP (UK) LIMITED.",Hydroskimming,Mar 21,Urals,NWE,HSK,63.863502
Source: Energy Intelligence,"COPYRIGHT © 2001-2021 ENERGY INTELLIGENCE GROUP, INC. / ENERGY INTELLIGENCE GROUP (UK) LIMITED.",Hydroskimming,Apr 21,Urals,NWE,HSK,63.120503
Source: Energy Intelligence,"COPYRIGHT © 2001-2021 ENERGY INTELLIGENCE GROUP, INC. / ENERGY INTELLIGENCE GROUP (UK) LIMITED.",Hydroskimming,May 21,Urals,NWE,HSK,66.138183
Source: Energy Intelligence,"COPYRIGHT © 2001-2021 ENERGY INTELLIGENCE GROUP, INC. / ENERGY INTELLIGENCE GROUP (UK) LIMITED.",Hydroskimming,Jun 21,Urals,NWE,HSK,70.444008
Source: Energy Intelligence,"COPYRIGHT © 2001-2021 ENERGY INTELLIGENCE GROUP, INC. / ENERGY INTELLIGENCE GROUP (UK) LIMITED.",Hydroskimming,Jul 21,Urals,NWE,HSK,72.034099
Source: Energy Intelligence,"COPYRIGHT © 2001-2021 ENERGY INTELLIGENCE GROUP, INC. / ENERGY INTELLIGENCE GROUP (UK) LIMITED.",Hydroskimming,Aug 21,Urals,NWE,HSK,69.311534
Source: Energy Intelligence,"COPYRIGHT © 2001-2021 ENERGY INTELLIGENCE GROUP, INC. / ENERGY INTELLIGENCE GROUP (UK) LIMITED.",Hydroskimming,Sept 21,Urals,NWE,HSK,74.007689
Source: Energy Intelligence,"COPYRIGHT © 2001-2021 ENERGY INTELLIGENCE GROUP, INC. / ENERGY INTELLIGENCE GROUP (UK) LIMITED.",Hydroskimming,Oct 21,Urals,NWE,HSK,84.00699
Source: Energy Intelligence,"COPYRIGHT © 2001-2021 ENERGY INTELLIGENCE GROUP, INC. / ENERGY INTELLIGENCE GROUP (UK) LIMITED.",Hydroskimming,Nov 21,Urals,NWE,HSK,79.898084
Source: Energy Intelligence,"COPYRIGHT © 2001-2021 ENERGY INTELLIGENCE GROUP, INC. / ENERGY INTELLIGENCE GROUP (UK) LIMITED.",Hydroskimming,Dec 21,Urals,NWE,HSK,75.124106
Source: Energy Intelligence,"COPYRIGHT © 2001-2021 ENERGY INTELLIGENCE GROUP, INC. / ENERGY INTELLIGENCE GROUP (UK) LIMITED.",Hydroskimming,Jan 22,Urals,NWE,HSK,87.342309
Source: Energy Intelligence,"COPYRIGHT © 2001-2021 ENERGY INTELLIGENCE GROUP, INC. / ENERGY INTELLIGENCE GROUP (UK) LIMITED.",Hydroskimming,Feb 22,Urals,NWE,HSK,96.403023
Source: Energy Intelligence,"COPYRIGHT © 2001-2021 ENERGY INTELLIGENCE GROUP, INC. / ENERGY INTELLIGENCE GROUP (UK) LIMITED.",Hydroskimming,Mar 22,Urals,NWE,HSK,122.599306
Source: Energy Intelligence,"COPYRIGHT © 2001-2021 ENERGY INTELLIGENCE GROUP, INC. / ENERGY INTELLIGENCE GROUP (UK) LIMITED.",Hydroskimming,Apr 22,Urals,NWE,HSK,120.205177
Source: Energy Intelligence,"COPYRIGHT © 2001-2021 ENERGY INTELLIGENCE GROUP, INC. / ENERGY INTELLIGENCE GROUP (UK) LIMITED.",Hydroskimming,May 22,Urals,NWE,HSK,122.608702
Source: Energy Intelligence,"COPYRIGHT © 2001-2021 ENERGY INTELLIGENCE GROUP, INC. / ENERGY INTELLIGENCE GROUP (UK) LIMITED.",Hydroskimming,Jun 22,Urals,NWE,HSK,133.935651
Source: Energy Intelligence,"COPYRIGHT © 2001-2021 ENERGY INTELLIGENCE GROUP, INC. / ENERGY INTELLIGENCE GROUP (UK) LIMITED.",Hydroskimming,Jul 22,Urals,NWE,HSK,113.370749
Source: Energy Intelligence,"COPYRIGHT © 2001-2021 ENERGY INTELLIGENCE GROUP, INC. / ENERGY INTELLIGENCE GROUP (UK) LIMITED.",Hydroskimming,Aug 22,Urals,NWE,HSK,105.499494
Source: Energy Intelligence,"COPYRIGHT © 2001-2021 ENERGY INTELLIGENCE GROUP, INC. / ENERGY INTELLIGENCE GROUP (UK) LIMITED.",Hydroskimming,Sept 22,Urals,NWE,HSK,98.04299
Source: Energy Intelligence,"COPYRIGHT © 2001-2021 ENERGY INTELLIGENCE GROUP, INC. / ENERGY INTELLIGENCE GROUP (UK) LIMITED.",Hydroskimming,Oct 22,Urals,NWE,HSK,105.140459
Source: Energy Intelligence,"COPYRIGHT © 2001-2021 ENERGY INTELLIGENCE GROUP, INC. / ENERGY INTELLIGENCE GROUP (UK) LIMITED.",Hydroskimming,Nov 22,Urals,NWE,HSK,94.881743
Source: Energy Intelligence,"COPYRIGHT © 2001-2021 ENERGY INTELLIGENCE GROUP, INC. / ENERGY INTELLIGENCE GROUP (UK) LIMITED.",Hydroskimming,Dec 22,Urals,NWE,HSK,85.038802
Source: Energy Intelligence,"COPYRIGHT © 2001-2021 ENERGY INTELLIGENCE GROUP, INC. / ENERGY INTELLIGENCE GROUP (UK) LIMITED.",Hydroskimming,Jan 23,Urals,NWE,HSK,91.40961
Source: Energy Intelligence,"COPYRIGHT © 2001-2021 ENERGY INTELLIGENCE GROUP, INC. / ENERGY INTELLIGENCE GROUP (UK) LIMITED.",Hydroskimming,Feb 23,Urals,NWE,HSK,86.366067
Source: Energy Intelligence,"COPYRIGHT © 2001-2021 ENERGY INTELLIGENCE GROUP, INC. / ENERGY INTELLIGENCE GROUP (UK) LIMITED.",Hydroskimming,Mar 23,Urals,NWE,HSK,82.838283
Source: Energy Intelligence,"COPYRIGHT © 2001-2021 ENERGY INTELLIGENCE GROUP, INC. / ENERGY INTELLIGENCE GROUP (UK) LIMITED.",Hydroskimming,Apr 23,Urals,NWE,HSK,83.058855
Source: Energy Intelligence,"COPYRIGHT © 2001-2021 ENERGY INTELLIGENCE GROUP, INC. / ENERGY INTELLIGENCE GROUP (UK) LIMITED.",Hydroskimming,May 23,Urals,NWE,HSK,75.385217
Source: Energy Intelligence,"COPYRIGHT © 2001-2021 ENERGY INTELLIGENCE GROUP, INC. / ENERGY INTELLIGENCE GROUP (UK) LIMITED.",Hydroskimming,Jun 23,Urals,NWE,HSK,77.459902
Source: Energy Intelligence,"COPYRIGHT © 2001-2021 ENERGY INTELLIGENCE GROUP, INC. / ENERGY INTELLIGENCE GROUP (UK) LIMITED.",Hydroskimming,Jul 23,Urals,NWE,HSK,83.247004
Source: Energy Intelligence,"COPYRIGHT © 2001-2021 ENERGY INTELLIGENCE GROUP, INC. / ENERGY INTELLIGENCE GROUP (UK) LIMITED.",Hydroskimming,Aug 23,Urals,NWE,HSK,95.486818
Source: Energy Intelligence,"COPYRIGHT © 2001-2021 ENERGY INTELLIGENCE GROUP, INC. / ENERGY INTELLIGENCE GROUP (UK) LIMITED.",Hydroskimming,Sept 23,Urals,NWE,HSK,100.447081
Source: Energy Intelligence,"COPYRIGHT © 2001-2021 ENERGY INTELLIGENCE GROUP, INC. / ENERGY INTELLIGENCE GROUP (UK) LIMITED.",Hydroskimming,Oct 23,Urals,NWE,HSK,92.971718
Source: Energy Intelligence,"COPYRIGHT © 2001-2021 ENERGY INTELLIGENCE GROUP, INC. / ENERGY INTELLIGENCE GROUP (UK) LIMITED.",Hydroskimming,Nov 23,Urals,NWE,HSK,87.803397
Source: Energy Intelligence,"COPYRIGHT © 2001-2021 ENERGY INTELLIGENCE GROUP, INC. / ENERGY INTELLIGENCE GROUP (UK) LIMITED.",Hydroskimming,Dec 23,Urals,NWE,HSK,82.875842
Source: Energy Intelligence,"COPYRIGHT © 2001-2021 ENERGY INTELLIGENCE GROUP, INC. / ENERGY INTELLIGENCE GROUP (UK) LIMITED.",Hydroskimming,Jan 24,Urals,NWE,HSK,84.851157
Source: Energy Intelligence,"COPYRIGHT © 2001-2021 ENERGY INTELLIGENCE GROUP, INC. / ENERGY INTELLIGENCE GROUP (UK) LIMITED.",Hydroskimming,Feb 24,Urals,NWE,HSK,89.086173
Source: Energy Intelligence,"COPYRIGHT © 2001-2021 ENERGY INTELLIGENCE GROUP, INC. / ENERGY INTELLIGENCE GROUP (UK) LIMITED.",Hydroskimming,Mar 24,Urals,NWE,HSK,89.269345
Source: Energy Intelligence,"COPYRIGHT © 2001-2021 ENERGY INTELLIGENCE GROUP, INC. / ENERGY INTELLIGENCE GROUP (UK) LIMITED.",Hydroskimming,Apr 24,Urals,NWE,HSK,89.475176
Source: Energy Intelligence,"COPYRIGHT © 2001-2021 ENERGY INTELLIGENCE GROUP, INC. / ENERGY INTELLIGENCE GROUP (UK) LIMITED.",Hydroskimming,May 24,Urals,NWE,HSK,83.267767
Source: Energy Intelligence,"COPYRIGHT © 2001-2021 ENERGY INTELLIGENCE GROUP, INC. / ENERGY INTELLIGENCE GROUP (UK) LIMITED.",Hydroskimming,Jun 24,Urals,NWE,HSK,83.473569
Source: Energy Intelligence,"COPYRIGHT © 2001-2021 ENERGY INTELLIGENCE GROUP, INC. / ENERGY INTELLIGENCE GROUP (UK) LIMITED.",Hydroskimming,Jul 24,Urals,NWE,HSK,85.100327
Source: Energy Intelligence,"COPYRIGHT © 2001-2021 ENERGY INTELLIGENCE GROUP, INC. / ENERGY INTELLIGENCE GROUP (UK) LIMITED.",Hydroskimming,Aug 24,Urals,NWE,HSK,79.575798
Source: Energy Intelligence,"COPYRIGHT © 2001-2021 ENERGY INTELLIGENCE GROUP, INC. / ENERGY INTELLIGENCE GROUP (UK) LIMITED.",Hydroskimming,Sept 24,Urals,NWE,HSK,74.247454
Source: Energy Intelligence,"COPYRIGHT © 2001-2021 ENERGY INTELLIGENCE GROUP, INC. / ENERGY INTELLIGENCE GROUP (UK) LIMITED.",Hydroskimming,Oct 24,Urals,NWE,HSK,78.205003
Source: Energy Intelligence,"COPYRIGHT © 2001-2021 ENERGY INTELLIGENCE GROUP, INC. / ENERGY INTELLIGENCE GROUP (UK) LIMITED.",Hydroskimming,Feb 19,Brent Blend,NWE,HSK,42.600784
Source: Energy Intelligence,"COPYRIGHT © 2001-2021 ENERGY INTELLIGENCE GROUP, INC. / ENERGY INTELLIGENCE GROUP (UK) LIMITED.",Hydroskimming,Mar 19,Brent Blend,NWE,HSK,44.340886
Source: Energy Intelligence,"COPYRIGHT © 2001-2021 ENERGY INTELLIGENCE GROUP, INC. / ENERGY INTELLIGENCE GROUP (UK) LIMITED.",Hydroskimming,Apr 19,Brent Blend,NWE,HSK,47.087009
Source: Energy Intelligence,"COPYRIGHT © 2001-2021 ENERGY INTELLIGENCE GROUP, INC. / ENERGY INTELLIGENCE GROUP (UK) LIMITED.",Hydroskimming,May 19,Brent Blend,NWE,HSK,47.185093
Source: Energy Intelligence,"COPYRIGHT © 2001-2021 ENERGY INTELLIGENCE GROUP, INC. / ENERGY INTELLIGENCE GROUP (UK) LIMITED.",Hydroskimming,Jun 19,Brent Blend,NWE,HSK,41.817776
Source: Energy Intelligence,"COPYRIGHT © 2001-2021 ENERGY INTELLIGENCE GROUP, INC. / ENERGY INTELLIGENCE GROUP (UK) LIMITED.",Hydroskimming,Jul 19,Brent Blend,NWE,HSK,43.725364
Source: Energy Intelligence,"COPYRIGHT © 2001-2021 ENERGY INTELLIGENCE GROUP, INC. / ENERGY INTELLIGENCE GROUP (UK) LIMITED.",Hydroskimming,Aug 19,Brent Blend,NWE,HSK,41.620834
Source: Energy Intelligence,"COPYRIGHT © 2001-2021 ENERGY INTELLIGENCE GROUP, INC. / ENERGY INTELLIGENCE GROUP (UK) LIMITED.",Hydroskimming,Sept 19,Brent Blend,NWE,HSK,43.381038
Source: Energy Intelligence,"COPYRIGHT © 2001-2021 ENERGY INTELLIGENCE GROUP, INC. / ENERGY INTELLIGENCE GROUP (UK) LIMITED.",Hydroskimming,Oct 19,Brent Blend,NWE,HSK,43.605306
Source: Energy Intelligence,"COPYRIGHT © 2001-2021 ENERGY INTELLIGENCE GROUP, INC. / ENERGY INTELLIGENCE GROUP (UK) LIMITED.",Hydroskimming,Nov 19,Brent Blend,NWE,HSK,69.244836
Source: Energy Intelligence,"COPYRIGHT © 2001-2021 ENERGY INTELLIGENCE GROUP, INC. / ENERGY INTELLIGENCE GROUP (UK) LIMITED.",Hydroskimming,Dec 19,Brent Blend,NWE,HSK,73.157738
Source: Energy Intelligence,"COPYRIGHT © 2001-2021 ENERGY INTELLIGENCE GROUP, INC. / ENERGY INTELLIGENCE GROUP (UK) LIMITED.",Hydroskimming,Jan 20,Brent Blend,NWE,HSK,70.544658
Source: Energy Intelligence,"COPYRIGHT © 2001-2021 ENERGY INTELLIGENCE GROUP, INC. / ENERGY INTELLIGENCE GROUP (UK) LIMITED.",Hydroskimming,Feb 20,Brent Blend,NWE,HSK,60.027152
Source: Energy Intelligence,"COPYRIGHT © 2001-2021 ENERGY INTELLIGENCE GROUP, INC. / ENERGY INTELLIGENCE GROUP (UK) LIMITED.",Hydroskimming,Mar 20,Brent Blend,NWE,HSK,37.327712
Source: Energy Intelligence,"COPYRIGHT © 2001-2021 ENERGY INTELLIGENCE GROUP, INC. / ENERGY INTELLIGENCE GROUP (UK) LIMITED.",Hydroskimming,Apr 20,Brent Blend,NWE,HSK,25.270479
Source: Energy Intelligence,"COPYRIGHT © 2001-2021 ENERGY INTELLIGENCE GROUP, INC. / ENERGY INTELLIGENCE GROUP (UK) LIMITED.",Hydroskimming,May 20,Brent Blend,NWE,HSK,29.328154
Source: Energy Intelligence,"COPYRIGHT © 2001-2021 ENERGY INTELLIGENCE GROUP, INC. / ENERGY INTELLIGENCE GROUP (UK) LIMITED.",Hydroskimming,Jun 20,Brent Blend,NWE,HSK,39.230126
Source: Energy Intelligence,"COPYRIGHT © 2001-2021 ENERGY INTELLIGENCE GROUP, INC. / ENERGY INTELLIGENCE GROUP (UK) LIMITED.",Hydroskimming,Jul 20,Brent Blend,NWE,HSK,43.118912
Source: Energy Intelligence,"COPYRIGHT © 2001-2021 ENERGY INTELLIGENCE GROUP, INC. / ENERGY INTELLIGENCE GROUP (UK) LIMITED.",Hydroskimming,Aug 20,Brent Blend,NWE,HSK,43.645505
Source: Energy Intelligence,"COPYRIGHT © 2001-2021 ENERGY INTELLIGENCE GROUP, INC. / ENERGY INTELLIGENCE GROUP (UK) LIMITED.",Hydroskimming,Sept 20,Brent Blend,NWE,HSK,40.54864
Source: Energy Intelligence,"COPYRIGHT © 2001-2021 ENERGY INTELLIGENCE GROUP, INC. / ENERGY INTELLIGENCE GROUP (UK) LIMITED.",Hydroskimming,Oct 20,Brent Blend,NWE,HSK,41.709856
Source: Energy Intelligence,"COPYRIGHT © 2001-2021 ENERGY INTELLIGENCE GROUP, INC. / ENERGY INTELLIGENCE GROUP (UK) LIMITED.",Hydroskimming,Nov 20,Brent Blend,NWE,HSK,43.735848
Source: Energy Intelligence,"COPYRIGHT © 2001-2021 ENERGY INTELLIGENCE GROUP, INC. / ENERGY INTELLIGENCE GROUP (UK) LIMITED.",Hydroskimming,Dec 20,Brent Blend,NWE,HSK,50.386456
Source: Energy Intelligence,"COPYRIGHT © 2001-2021 ENERGY INTELLIGENCE GROUP, INC. / ENERGY INTELLIGENCE GROUP (UK) LIMITED.",Hydroskimming,Jan 21,Brent Blend,NWE,HSK,56.123535
Source: Energy Intelligence,"COPYRIGHT © 2001-2021 ENERGY INTELLIGENCE GROUP, INC. / ENERGY INTELLIGENCE GROUP (UK) LIMITED.",Hydroskimming,Feb 21,Brent Blend,NWE,HSK,63.496673
Source: Energy Intelligence,"COPYRIGHT © 2001-2021 ENERGY INTELLIGENCE GROUP, INC. / ENERGY INTELLIGENCE GROUP (UK) LIMITED.",Hydroskimming,Mar 21,Brent Blend,NWE,HSK,65.792579
Source: Energy Intelligence,"COPYRIGHT © 2001-2021 ENERGY INTELLIGENCE GROUP, INC. / ENERGY INTELLIGENCE GROUP (UK) LIMITED.",Hydroskimming,Apr 21,Brent Blend,NWE,HSK,65.201475
Source: Energy Intelligence,"COPYRIGHT © 2001-2021 ENERGY INTELLIGENCE GROUP, INC. / ENERGY INTELLIGENCE GROUP (UK) LIMITED.",Hydroskimming,May 21,Brent Blend,NWE,HSK,68.481833
Source: Energy Intelligence,"COPYRIGHT © 2001-2021 ENERGY INTELLIGENCE GROUP, INC. / ENERGY INTELLIGENCE GROUP (UK) LIMITED.",Hydroskimming,Jun 21,Brent Blend,NWE,HSK,72.766375
Source: Energy Intelligence,"COPYRIGHT © 2001-2021 ENERGY INTELLIGENCE GROUP, INC. / ENERGY INTELLIGENCE GROUP (UK) LIMITED.",Hydroskimming,Jul 21,Brent Blend,NWE,HSK,74.798591
Source: Energy Intelligence,"COPYRIGHT © 2001-2021 ENERGY INTELLIGENCE GROUP, INC. / ENERGY INTELLIGENCE GROUP (UK) LIMITED.",Hydroskimming,Aug 21,Brent Blend,NWE,HSK,72.120264
Source: Energy Intelligence,"COPYRIGHT © 2001-2021 ENERGY INTELLIGENCE GROUP, INC. / ENERGY INTELLIGENCE GROUP (UK) LIMITED.",Hydroskimming,Sept 21,Brent Blend,NWE,HSK,76.793376
Source: Energy Intelligence,"COPYRIGHT © 2001-2021 ENERGY INTELLIGENCE GROUP, INC. / ENERGY INTELLIGENCE GROUP (UK) LIMITED.",Hydroskimming,Oct 21,Brent Blend,NWE,HSK,87.231716
Source: Energy Intelligence,"COPYRIGHT © 2001-2021 ENERGY INTELLIGENCE GROUP, INC. / ENERGY INTELLIGENCE GROUP (UK) LIMITED.",Hydroskimming,Nov 21,Brent Blend,NWE,HSK,83.674484
Source: Energy Intelligence,"COPYRIGHT © 2001-2021 ENERGY INTELLIGENCE GROUP, INC. / ENERGY INTELLIGENCE GROUP (UK) LIMITED.",Hydroskimming,Dec 21,Brent Blend,NWE,HSK,78.466503
Source: Energy Intelligence,"COPYRIGHT © 2001-2021 ENERGY INTELLIGENCE GROUP, INC. / ENERGY INTELLIGENCE GROUP (UK) LIMITED.",Hydroskimming,Jan 22,Brent Blend,NWE,HSK,90.578452
Source: Energy Intelligence,"COPYRIGHT © 2001-2021 ENERGY INTELLIGENCE GROUP, INC. / ENERGY INTELLIGENCE GROUP (UK) LIMITED.",Hydroskimming,Feb 22,Brent Blend,NWE,HSK,100.370035
Source: Energy Intelligence,"COPYRIGHT © 2001-2021 ENERGY INTELLIGENCE GROUP, INC. / ENERGY INTELLIGENCE GROUP (UK) LIMITED.",Hydroskimming,Mar 22,Brent Blend,NWE,HSK,127.89096
Source: Energy Intelligence,"COPYRIGHT © 2001-2021 ENERGY INTELLIGENCE GROUP, INC. / ENERGY INTELLIGENCE GROUP (UK) LIMITED.",Hydroskimming,Apr 22,Brent Blend,NWE,HSK,125.32294
Source: Energy Intelligence,"COPYRIGHT © 2001-2021 ENERGY INTELLIGENCE GROUP, INC. / ENERGY INTELLIGENCE GROUP (UK) LIMITED.",Hydroskimming,May 22,Brent Blend,NWE,HSK,127.669648
Source: Energy Intelligence,"COPYRIGHT © 2001-2021 ENERGY INTELLIGENCE GROUP, INC. / ENERGY INTELLIGENCE GROUP (UK) LIMITED.",Hydroskimming,Jun 22,Brent Blend,NWE,HSK,142.182668
Source: Energy Intelligence,"COPYRIGHT © 2001-2021 ENERGY INTELLIGENCE GROUP, INC. / ENERGY INTELLIGENCE GROUP (UK) LIMITED.",Hydroskimming,Jul 22,Brent Blend,NWE,HSK,121.939398
Source: Energy Intelligence,"COPYRIGHT © 2001-2021 ENERGY INTELLIGENCE GROUP, INC. / ENERGY INTELLIGENCE GROUP (UK) LIMITED.",Hydroskimming,Aug 22,Brent Blend,NWE,HSK,111.365266
Source: Energy Intelligence,"COPYRIGHT © 2001-2021 ENERGY INTELLIGENCE GROUP, INC. / ENERGY INTELLIGENCE GROUP (UK) LIMITED.",Hydroskimming,Sept 22,Brent Blend,NWE,HSK,104.115203
Source: Energy Intelligence,"COPYRIGHT © 2001-2021 ENERGY INTELLIGENCE GROUP, INC. / ENERGY INTELLIGENCE GROUP (UK) LIMITED.",Hydroskimming,Oct 22,Brent Blend,NWE,HSK,112.727469
Source: Energy Intelligence,"COPYRIGHT © 2001-2021 ENERGY INTELLIGENCE GROUP, INC. / ENERGY INTELLIGENCE GROUP (UK) LIMITED.",Hydroskimming,Nov 22,Brent Blend,NWE,HSK,100.988508
Source: Energy Intelligence,"COPYRIGHT © 2001-2021 ENERGY INTELLIGENCE GROUP, INC. / ENERGY INTELLIGENCE GROUP (UK) LIMITED.",Hydroskimming,Dec 22,Brent Blend,NWE,HSK,89.81915
Source: Energy Intelligence,"COPYRIGHT © 2001-2021 ENERGY INTELLIGENCE GROUP, INC. / ENERGY INTELLIGENCE GROUP (UK) LIMITED.",Hydroskimming,Jan 23,Brent Blend,NWE,HSK,96.701854
Source: Energy Intelligence,"COPYRIGHT © 2001-2021 ENERGY INTELLIGENCE GROUP, INC. / ENERGY INTELLIGENCE GROUP (UK) LIMITED.",Hydroskimming,Feb 23,Brent Blend,NWE,HSK,91.413407
Source: Energy Intelligence,"COPYRIGHT © 2001-2021 ENERGY INTELLIGENCE GROUP, INC. / ENERGY INTELLIGENCE GROUP (UK) LIMITED.",Hydroskimming,Mar 23,Brent Blend,NWE,HSK,87.093814
Source: Energy Intelligence,"COPYRIGHT © 2001-2021 ENERGY INTELLIGENCE GROUP, INC. / ENERGY INTELLIGENCE GROUP (UK) LIMITED.",Hydroskimming,Apr 23,Brent Blend,NWE,HSK,86.144902
Source: Energy Intelligence,"COPYRIGHT © 2001-2021 ENERGY INTELLIGENCE GROUP, INC. / ENERGY INTELLIGENCE GROUP (UK) LIMITED.",Hydroskimming,May 23,Brent Blend,NWE,HSK,78.151009
Source: Energy Intelligence,"COPYRIGHT © 2001-2021 ENERGY INTELLIGENCE GROUP, INC. / ENERGY INTELLIGENCE GROUP (UK) LIMITED.",Hydroskimming,Jun 23,Brent Blend,NWE,HSK,79.502262
Source: Energy Intelligence,"COPYRIGHT © 2001-2021 ENERGY INTELLIGENCE GROUP, INC. / ENERGY INTELLIGENCE GROUP (UK) LIMITED.",Hydroskimming,Jul 23,Brent Blend,NWE,HSK,85.38675
Source: Energy Intelligence,"COPYRIGHT © 2001-2021 ENERGY INTELLIGENCE GROUP, INC. / ENERGY INTELLIGENCE GROUP (UK) LIMITED.",Hydroskimming,Aug 23,Brent Blend,NWE,HSK,97.291311
Source: Energy Intelligence,"COPYRIGHT © 2001-2021 ENERGY INTELLIGENCE GROUP, INC. / ENERGY INTELLIGENCE GROUP (UK) LIMITED.",Hydroskimming,Sept 23,Brent Blend,NWE,HSK,102.01131
Source: Energy Intelligence,"COPYRIGHT © 2001-2021 ENERGY INTELLIGENCE GROUP, INC. / ENERGY INTELLIGENCE GROUP (UK) LIMITED.",Hydroskimming,Oct 23,Brent Blend,NWE,HSK,95.480943
Source: Energy Intelligence,"COPYRIGHT © 2001-2021 ENERGY INTELLIGENCE GROUP, INC. / ENERGY INTELLIGENCE GROUP (UK) LIMITED.",Hydroskimming,Nov 23,Brent Blend,NWE,HSK,90.790239
Source: Energy Intelligence,"COPYRIGHT © 2001-2021 ENERGY INTELLIGENCE GROUP, INC. / ENERGY INTELLIGENCE GROUP (UK) LIMITED.",Hydroskimming,Dec 23,Brent Blend,NWE,HSK,85.490516
Source: Energy Intelligence,"COPYRIGHT © 2001-2021 ENERGY INTELLIGENCE GROUP, INC. / ENERGY INTELLIGENCE GROUP (UK) LIMITED.",Hydroskimming,Jan 24,Brent Blend,NWE,HSK,87.893877
Source: Energy Intelligence,"COPYRIGHT © 2001-2021 ENERGY INTELLIGENCE GROUP, INC. / ENERGY INTELLIGENCE GROUP (UK) LIMITED.",Hydroskimming,Feb 24,Brent Blend,NWE,HSK,92.202188
Source: Energy Intelligence,"COPYRIGHT © 2001-2021 ENERGY INTELLIGENCE GROUP, INC. / ENERGY INTELLIGENCE GROUP (UK) LIMITED.",Hydroskimming,Mar 24,Brent Blend,NWE,HSK,92.395499
Source: Energy Intelligence,"COPYRIGHT © 2001-2021 ENERGY INTELLIGENCE GROUP, INC. / ENERGY INTELLIGENCE GROUP (UK) LIMITED.",Hydroskimming,Apr 24,Brent Blend,NWE,HSK,92.762485
Source: Energy Intelligence,"COPYRIGHT © 2001-2021 ENERGY INTELLIGENCE GROUP, INC. / ENERGY INTELLIGENCE GROUP (UK) LIMITED.",Hydroskimming,May 24,Brent Blend,NWE,HSK,85.550337
Source: Energy Intelligence,"COPYRIGHT © 2001-2021 ENERGY INTELLIGENCE GROUP, INC. / ENERGY INTELLIGENCE GROUP (UK) LIMITED.",Hydroskimming,Jun 24,Brent Blend,NWE,HSK,85.101156
Source: Energy Intelligence,"COPYRIGHT © 2001-2021 ENERGY INTELLIGENCE GROUP, INC. / ENERGY INTELLIGENCE GROUP (UK) LIMITED.",Hydroskimming,Jul 24,Brent Blend,NWE,HSK,86.839487
Source: Energy Intelligence,"COPYRIGHT © 2001-2021 ENERGY INTELLIGENCE GROUP, INC. / ENERGY INTELLIGENCE GROUP (UK) LIMITED.",Hydroskimming,Aug 24,Brent Blend,NWE,HSK,81.605131
Source: Energy Intelligence,"COPYRIGHT © 2001-2021 ENERGY INTELLIGENCE GROUP, INC. / ENERGY INTELLIGENCE GROUP (UK) LIMITED.",Hydroskimming,Sept 24,Brent Blend,NWE,HSK,76.35045
Source: Energy Intelligence,"COPYRIGHT © 2001-2021 ENERGY INTELLIGENCE GROUP, INC. / ENERGY INTELLIGENCE GROUP (UK) LIMITED.",Hydroskimming,Oct 24,Brent Blend,NWE,HSK,78.863499
Source: Energy Intelligence,"COPYRIGHT © 2001-2021 ENERGY INTELLIGENCE GROUP, INC. / ENERGY INTELLIGENCE GROUP (UK) LIMITED.",Hydroskimming,Feb 19,Bonny Light,NWE,HSK,42.361696
Source: Energy Intelligence,"COPYRIGHT © 2001-2021 ENERGY INTELLIGENCE GROUP, INC. / ENERGY INTELLIGENCE GROUP (UK) LIMITED.",Hydroskimming,Mar 19,Bonny Light,NWE,HSK,43.7936
Source: Energy Intelligence,"COPYRIGHT © 2001-2021 ENERGY INTELLIGENCE GROUP, INC. / ENERGY INTELLIGENCE GROUP (UK) LIMITED.",Hydroskimming,Apr 19,Bonny Light,NWE,HSK,46.21335
Source: Energy Intelligence,"COPYRIGHT © 2001-2021 ENERGY INTELLIGENCE GROUP, INC. / ENERGY INTELLIGENCE GROUP (UK) LIMITED.",Hydroskimming,May 19,Bonny Light,NWE,HSK,46.550779
Source: Energy Intelligence,"COPYRIGHT © 2001-2021 ENERGY INTELLIGENCE GROUP, INC. / ENERGY INTELLIGENCE GROUP (UK) LIMITED.",Hydroskimming,Jun 19,Bonny Light,NWE,HSK,41.338371
Source: Energy Intelligence,"COPYRIGHT © 2001-2021 ENERGY INTELLIGENCE GROUP, INC. / ENERGY INTELLIGENCE GROUP (UK) LIMITED.",Hydroskimming,Jul 19,Bonny Light,NWE,HSK,43.123112
Source: Energy Intelligence,"COPYRIGHT © 2001-2021 ENERGY INTELLIGENCE GROUP, INC. / ENERGY INTELLIGENCE GROUP (UK) LIMITED.",Hydroskimming,Aug 19,Bonny Light,NWE,HSK,41.974408
Source: Energy Intelligence,"COPYRIGHT © 2001-2021 ENERGY INTELLIGENCE GROUP, INC. / ENERGY INTELLIGENCE GROUP (UK) LIMITED.",Hydroskimming,Sept 19,Bonny Light,NWE,HSK,43.563467
Source: Energy Intelligence,"COPYRIGHT © 2001-2021 ENERGY INTELLIGENCE GROUP, INC. / ENERGY INTELLIGENCE GROUP (UK) LIMITED.",Hydroskimming,Oct 19,Bonny Light,NWE,HSK,44.490306
Source: Energy Intelligence,"COPYRIGHT © 2001-2021 ENERGY INTELLIGENCE GROUP, INC. / ENERGY INTELLIGENCE GROUP (UK) LIMITED.",Hydroskimming,Nov 19,Bonny Light,NWE,HSK,73.86798
Source: Energy Intelligence,"COPYRIGHT © 2001-2021 ENERGY INTELLIGENCE GROUP, INC. / ENERGY INTELLIGENCE GROUP (UK) LIMITED.",Hydroskimming,Dec 19,Bonny Light,NWE,HSK,78.159194
Source: Energy Intelligence,"COPYRIGHT © 2001-2021 ENERGY INTELLIGENCE GROUP, INC. / ENERGY INTELLIGENCE GROUP (UK) LIMITED.",Hydroskimming,Jan 20,Bonny Light,NWE,HSK,74.84749
Source: Energy Intelligence,"COPYRIGHT © 2001-2021 ENERGY INTELLIGENCE GROUP, INC. / ENERGY INTELLIGENCE GROUP (UK) LIMITED.",Hydroskimming,Feb 20,Bonny Light,NWE,HSK,63.224087
Source: Energy Intelligence,"COPYRIGHT © 2001-2021 ENERGY INTELLIGENCE GROUP, INC. / ENERGY INTELLIGENCE GROUP (UK) LIMITED.",Hydroskimming,Mar 20,Bonny Light,NWE,HSK,40.052024
Source: Energy Intelligence,"COPYRIGHT © 2001-2021 ENERGY INTELLIGENCE GROUP, INC. / ENERGY INTELLIGENCE GROUP (UK) LIMITED.",Hydroskimming,Apr 20,Bonny Light,NWE,HSK,27.324909
Source: Energy Intelligence,"COPYRIGHT © 2001-2021 ENERGY INTELLIGENCE GROUP, INC. / ENERGY INTELLIGENCE GROUP (UK) LIMITED.",Hydroskimming,May 20,Bonny Light,NWE,HSK,30.760032
Source: Energy Intelligence,"COPYRIGHT © 2001-2021 ENERGY INTELLIGENCE GROUP, INC. / ENERGY INTELLIGENCE GROUP (UK) LIMITED.",Hydroskimming,Jun 20,Bonny Light,NWE,HSK,40.789413
Source: Energy Intelligence,"COPYRIGHT © 2001-2021 ENERGY INTELLIGENCE GROUP, INC. / ENERGY INTELLIGENCE GROUP (UK) LIMITED.",Hydroskimming,Jul 20,Bonny Light,NWE,HSK,44.876803
Source: Energy Intelligence,"COPYRIGHT © 2001-2021 ENERGY INTELLIGENCE GROUP, INC. / ENERGY INTELLIGENCE GROUP (UK) LIMITED.",Hydroskimming,Aug 20,Bonny Light,NWE,HSK,45.299376
Source: Energy Intelligence,"COPYRIGHT © 2001-2021 ENERGY INTELLIGENCE GROUP, INC. / ENERGY INTELLIGENCE GROUP (UK) LIMITED.",Hydroskimming,Sept 20,Bonny Light,NWE,HSK,41.759938
Source: Energy Intelligence,"COPYRIGHT © 2001-2021 ENERGY INTELLIGENCE GROUP, INC. / ENERGY INTELLIGENCE GROUP (UK) LIMITED.",Hydroskimming,Oct 20,Bonny Light,NWE,HSK,42.941902
Source: Energy Intelligence,"COPYRIGHT © 2001-2021 ENERGY INTELLIGENCE GROUP, INC. / ENERGY INTELLIGENCE GROUP (UK) LIMITED.",Hydroskimming,Nov 20,Bonny Light,NWE,HSK,45.304829
Source: Energy Intelligence,"COPYRIGHT © 2001-2021 ENERGY INTELLIGENCE GROUP, INC. / ENERGY INTELLIGENCE GROUP (UK) LIMITED.",Hydroskimming,Dec 20,Bonny Light,NWE,HSK,52.38422
Source: Energy Intelligence,"COPYRIGHT © 2001-2021 ENERGY INTELLIGENCE GROUP, INC. / ENERGY INTELLIGENCE GROUP (UK) LIMITED.",Hydroskimming,Jan 21,Bonny Light,NWE,HSK,58.106017
Source: Energy Intelligence,"COPYRIGHT © 2001-2021 ENERGY INTELLIGENCE GROUP, INC. / ENERGY INTELLIGENCE GROUP (UK) LIMITED.",Hydroskimming,Feb 21,Bonny Light,NWE,HSK,65.811106
Source: Energy Intelligence,"COPYRIGHT © 2001-2021 ENERGY INTELLIGENCE GROUP, INC. / ENERGY INTELLIGENCE GROUP (UK) LIMITED.",Hydroskimming,Mar 21,Bonny Light,NWE,HSK,67.94488
Source: Energy Intelligence,"COPYRIGHT © 2001-2021 ENERGY INTELLIGENCE GROUP, INC. / ENERGY INTELLIGENCE GROUP (UK) LIMITED.",Hydroskimming,Apr 21,Bonny Light,NWE,HSK,67.482447
Source: Energy Intelligence,"COPYRIGHT © 2001-2021 ENERGY INTELLIGENCE GROUP, INC. / ENERGY INTELLIGENCE GROUP (UK) LIMITED.",Hydroskimming,May 21,Bonny Light,NWE,HSK,71.062459
Source: Energy Intelligence,"COPYRIGHT © 2001-2021 ENERGY INTELLIGENCE GROUP, INC. / ENERGY INTELLIGENCE GROUP (UK) LIMITED.",Hydroskimming,Jun 21,Bonny Light,NWE,HSK,75.500228
Source: Energy Intelligence,"COPYRIGHT © 2001-2021 ENERGY INTELLIGENCE GROUP, INC. / ENERGY INTELLIGENCE GROUP (UK) LIMITED.",Hydroskimming,Jul 21,Bonny Light,NWE,HSK,77.28418
Source: Energy Intelligence,"COPYRIGHT © 2001-2021 ENERGY INTELLIGENCE GROUP, INC. / ENERGY INTELLIGENCE GROUP (UK) LIMITED.",Hydroskimming,Aug 21,Bonny Light,NWE,HSK,74.391422
Source: Energy Intelligence,"COPYRIGHT © 2001-2021 ENERGY INTELLIGENCE GROUP, INC. / ENERGY INTELLIGENCE GROUP (UK) LIMITED.",Hydroskimming,Sept 21,Bonny Light,NWE,HSK,79.310464
Source: Energy Intelligence,"COPYRIGHT © 2001-2021 ENERGY INTELLIGENCE GROUP, INC. / ENERGY INTELLIGENCE GROUP (UK) LIMITED.",Hydroskimming,Oct 21,Bonny Light,NWE,HSK,89.989884
Source: Energy Intelligence,"COPYRIGHT © 2001-2021 ENERGY INTELLIGENCE GROUP, INC. / ENERGY INTELLIGENCE GROUP (UK) LIMITED.",Hydroskimming,Nov 21,Bonny Light,NWE,HSK,86.551937
Source: Energy Intelligence,"COPYRIGHT © 2001-2021 ENERGY INTELLIGENCE GROUP, INC. / ENERGY INTELLIGENCE GROUP (UK) LIMITED.",Hydroskimming,Dec 21,Bonny Light,NWE,HSK,81.276519
Source: Energy Intelligence,"COPYRIGHT © 2001-2021 ENERGY INTELLIGENCE GROUP, INC. / ENERGY INTELLIGENCE GROUP (UK) LIMITED.",Hydroskimming,Jan 22,Bonny Light,NWE,HSK,94.006414
Source: Energy Intelligence,"COPYRIGHT © 2001-2021 ENERGY INTELLIGENCE GROUP, INC. / ENERGY INTELLIGENCE GROUP (UK) LIMITED.",Hydroskimming,Feb 22,Bonny Light,NWE,HSK,104.453659
Source: Energy Intelligence,"COPYRIGHT © 2001-2021 ENERGY INTELLIGENCE GROUP, INC. / ENERGY INTELLIGENCE GROUP (UK) LIMITED.",Hydroskimming,Mar 22,Bonny Light,NWE,HSK,134.222519
Source: Energy Intelligence,"COPYRIGHT © 2001-2021 ENERGY INTELLIGENCE GROUP, INC. / ENERGY INTELLIGENCE GROUP (UK) LIMITED.",Hydroskimming,Apr 22,Bonny Light,NWE,HSK,132.052739
Source: Energy Intelligence,"COPYRIGHT © 2001-2021 ENERGY INTELLIGENCE GROUP, INC. / ENERGY INTELLIGENCE GROUP (UK) LIMITED.",Hydroskimming,May 22,Bonny Light,NWE,HSK,133.584435
Source: Energy Intelligence,"COPYRIGHT © 2001-2021 ENERGY INTELLIGENCE GROUP, INC. / ENERGY INTELLIGENCE GROUP (UK) LIMITED.",Hydroskimming,Jun 22,Bonny Light,NWE,HSK,150.957199
Source: Energy Intelligence,"COPYRIGHT © 2001-2021 ENERGY INTELLIGENCE GROUP, INC. / ENERGY INTELLIGENCE GROUP (UK) LIMITED.",Hydroskimming,Jul 22,Bonny Light,NWE,HSK,130.078641
Source: Energy Intelligence,"COPYRIGHT © 2001-2021 ENERGY INTELLIGENCE GROUP, INC. / ENERGY INTELLIGENCE GROUP (UK) LIMITED.",Hydroskimming,Aug 22,Bonny Light,NWE,HSK,118.980521
Source: Energy Intelligence,"COPYRIGHT © 2001-2021 ENERGY INTELLIGENCE GROUP, INC. / ENERGY INTELLIGENCE GROUP (UK) LIMITED.",Hydroskimming,Sept 22,Bonny Light,NWE,HSK,111.963436
Source: Energy Intelligence,"COPYRIGHT © 2001-2021 ENERGY INTELLIGENCE GROUP, INC. / ENERGY INTELLIGENCE GROUP (UK) LIMITED.",Hydroskimming,Oct 22,Bonny Light,NWE,HSK,121.852413
Source: Energy Intelligence,"COPYRIGHT © 2001-2021 ENERGY INTELLIGENCE GROUP, INC. / ENERGY INTELLIGENCE GROUP (UK) LIMITED.",Hydroskimming,Nov 22,Bonny Light,NWE,HSK,107.927228
Source: Energy Intelligence,"COPYRIGHT © 2001-2021 ENERGY INTELLIGENCE GROUP, INC. / ENERGY INTELLIGENCE GROUP (UK) LIMITED.",Hydroskimming,Dec 22,Bonny Light,NWE,HSK,96.187
Source: Energy Intelligence,"COPYRIGHT © 2001-2021 ENERGY INTELLIGENCE GROUP, INC. / ENERGY INTELLIGENCE GROUP (UK) LIMITED.",Hydroskimming,Jan 23,Bonny Light,NWE,HSK,103.091178
Source: Energy Intelligence,"COPYRIGHT © 2001-2021 ENERGY INTELLIGENCE GROUP, INC. / ENERGY INTELLIGENCE GROUP (UK) LIMITED.",Hydroskimming,Feb 23,Bonny Light,NWE,HSK,96.183174
Source: Energy Intelligence,"COPYRIGHT © 2001-2021 ENERGY INTELLIGENCE GROUP, INC. / ENERGY INTELLIGENCE GROUP (UK) LIMITED.",Hydroskimming,Mar 23,Bonny Light,NWE,HSK,91.747314
Source: Energy Intelligence,"COPYRIGHT © 2001-2021 ENERGY INTELLIGENCE GROUP, INC. / ENERGY INTELLIGENCE GROUP (UK) LIMITED.",Hydroskimming,Apr 23,Bonny Light,NWE,HSK,89.610073
Source: Energy Intelligence,"COPYRIGHT © 2001-2021 ENERGY INTELLIGENCE GROUP, INC. / ENERGY INTELLIGENCE GROUP (UK) LIMITED.",Hydroskimming,May 23,Bonny Light,NWE,HSK,81.418044
Source: Energy Intelligence,"COPYRIGHT © 2001-2021 ENERGY INTELLIGENCE GROUP, INC. / ENERGY INTELLIGENCE GROUP (UK) LIMITED.",Hydroskimming,Jun 23,Bonny Light,NWE,HSK,83.082469
Source: Energy Intelligence,"COPYRIGHT © 2001-2021 ENERGY INTELLIGENCE GROUP, INC. / ENERGY INTELLIGENCE GROUP (UK) LIMITED.",Hydroskimming,Jul 23,Bonny Light,NWE,HSK,89.350225
Source: Energy Intelligence,"COPYRIGHT © 2001-2021 ENERGY INTELLIGENCE GROUP, INC. / ENERGY INTELLIGENCE GROUP (UK) LIMITED.",Hydroskimming,Aug 23,Bonny Light,NWE,HSK,101.769037
Source: Energy Intelligence,"COPYRIGHT © 2001-2021 ENERGY INTELLIGENCE GROUP, INC. / ENERGY INTELLIGENCE GROUP (UK) LIMITED.",Hydroskimming,Sept 23,Bonny Light,NWE,HSK,106.83938
Source: Energy Intelligence,"COPYRIGHT © 2001-2021 ENERGY INTELLIGENCE GROUP, INC. / ENERGY INTELLIGENCE GROUP (UK) LIMITED.",Hydroskimming,Oct 23,Bonny Light,NWE,HSK,100.805324
Source: Energy Intelligence,"COPYRIGHT © 2001-2021 ENERGY INTELLIGENCE GROUP, INC. / ENERGY INTELLIGENCE GROUP (UK) LIMITED.",Hydroskimming,Nov 23,Bonny Light,NWE,HSK,95.736018
Source: Energy Intelligence,"COPYRIGHT © 2001-2021 ENERGY INTELLIGENCE GROUP, INC. / ENERGY INTELLIGENCE GROUP (UK) LIMITED.",Hydroskimming,Dec 23,Bonny Light,NWE,HSK,89.697931
Source: Energy Intelligence,"COPYRIGHT © 2001-2021 ENERGY INTELLIGENCE GROUP, INC. / ENERGY INTELLIGENCE GROUP (UK) LIMITED.",Hydroskimming,Jan 24,Bonny Light,NWE,HSK,92.431789
Source: Energy Intelligence,"COPYRIGHT © 2001-2021 ENERGY INTELLIGENCE GROUP, INC. / ENERGY INTELLIGENCE GROUP (UK) LIMITED.",Hydroskimming,Feb 24,Bonny Light,NWE,HSK,97.158418
Source: Energy Intelligence,"COPYRIGHT © 2001-2021 ENERGY INTELLIGENCE GROUP, INC. / ENERGY INTELLIGENCE GROUP (UK) LIMITED.",Hydroskimming,Mar 24,Bonny Light,NWE,HSK,96.851872
Source: Energy Intelligence,"COPYRIGHT © 2001-2021 ENERGY INTELLIGENCE GROUP, INC. / ENERGY INTELLIGENCE GROUP (UK) LIMITED.",Hydroskimming,Apr 24,Bonny Light,NWE,HSK,96.866434
Source: Energy Intelligence,"COPYRIGHT © 2001-2021 ENERGY INTELLIGENCE GROUP, INC. / ENERGY INTELLIGENCE GROUP (UK) LIMITED.",Hydroskimming,May 24,Bonny Light,NWE,HSK,89.124809
Source: Energy Intelligence,"COPYRIGHT © 2001-2021 ENERGY INTELLIGENCE GROUP, INC. / ENERGY INTELLIGENCE GROUP (UK) LIMITED.",Hydroskimming,Jun 24,Bonny Light,NWE,HSK,88.836496
Source: Energy Intelligence,"COPYRIGHT © 2001-2021 ENERGY INTELLIGENCE GROUP, INC. / ENERGY INTELLIGENCE GROUP (UK) LIMITED.",Hydroskimming,Jul 24,Bonny Light,NWE,HSK,90.537228
Source: Energy Intelligence,"COPYRIGHT © 2001-2021 ENERGY INTELLIGENCE GROUP, INC. / ENERGY INTELLIGENCE GROUP (UK) LIMITED.",Hydroskimming,Aug 24,Bonny Light,NWE,HSK,85.049565
Source: Energy Intelligence,"COPYRIGHT © 2001-2021 ENERGY INTELLIGENCE GROUP, INC. / ENERGY INTELLIGENCE GROUP (UK) LIMITED.",Hydroskimming,Sept 24,Bonny Light,NWE,HSK,79.488314
Source: Energy Intelligence,"COPYRIGHT © 2001-2021 ENERGY INTELLIGENCE GROUP, INC. / ENERGY INTELLIGENCE GROUP (UK) LIMITED.",Hydroskimming,Oct 24,Bonny Light,NWE,HSK,81.368236
Source: Energy Intelligence,"COPYRIGHT © 2001-2021 ENERGY INTELLIGENCE GROUP, INC. / ENERGY INTELLIGENCE GROUP (UK) LIMITED.",Hydroskimming,Feb 19,Arab Light,NWE,HSK,63.445593
Source: Energy Intelligence,"COPYRIGHT © 2001-2021 ENERGY INTELLIGENCE GROUP, INC. / ENERGY INTELLIGENCE GROUP (UK) LIMITED.",Hydroskimming,Mar 19,Arab Light,NWE,HSK,65.448217
Source: Energy Intelligence,"COPYRIGHT © 2001-2021 ENERGY INTELLIGENCE GROUP, INC. / ENERGY INTELLIGENCE GROUP (UK) LIMITED.",Hydroskimming,Apr 19,Arab Light,NWE,HSK,68.365412
Source: Energy Intelligence,"COPYRIGHT © 2001-2021 ENERGY INTELLIGENCE GROUP, INC. / ENERGY INTELLIGENCE GROUP (UK) LIMITED.",Hydroskimming,May 19,Arab Light,NWE,HSK,67.02752
Source: Energy Intelligence,"COPYRIGHT © 2001-2021 ENERGY INTELLIGENCE GROUP, INC. / ENERGY INTELLIGENCE GROUP (UK) LIMITED.",Hydroskimming,Jun 19,Arab Light,NWE,HSK,60.497222
Source: Energy Intelligence,"COPYRIGHT © 2001-2021 ENERGY INTELLIGENCE GROUP, INC. / ENERGY INTELLIGENCE GROUP (UK) LIMITED.",Hydroskimming,Jul 19,Arab Light,NWE,HSK,63.095212
Source: Energy Intelligence,"COPYRIGHT © 2001-2021 ENERGY INTELLIGENCE GROUP, INC. / ENERGY INTELLIGENCE GROUP (UK) LIMITED.",Hydroskimming,Aug 19,Arab Light,NWE,HSK,55.855516
Source: Energy Intelligence,"COPYRIGHT © 2001-2021 ENERGY INTELLIGENCE GROUP, INC. / ENERGY INTELLIGENCE GROUP (UK) LIMITED.",Hydroskimming,Sept 19,Arab Light,NWE,HSK,59.82965
Source: Energy Intelligence,"COPYRIGHT © 2001-2021 ENERGY INTELLIGENCE GROUP, INC. / ENERGY INTELLIGENCE GROUP (UK) LIMITED.",Hydroskimming,Oct 19,Arab Light,NWE,HSK,54.652711
Source: Energy Intelligence,"COPYRIGHT © 2001-2021 ENERGY INTELLIGENCE GROUP, INC. / ENERGY INTELLIGENCE GROUP (UK) LIMITED.",Hydroskimming,Nov 19,Arab Light,NWE,HSK,53.302737
Source: Energy Intelligence,"COPYRIGHT © 2001-2021 ENERGY INTELLIGENCE GROUP, INC. / ENERGY INTELLIGENCE GROUP (UK) LIMITED.",Hydroskimming,Dec 19,Arab Light,NWE,HSK,55.598875
Source: Energy Intelligence,"COPYRIGHT © 2001-2021 ENERGY INTELLIGENCE GROUP, INC. / ENERGY INTELLIGENCE GROUP (UK) LIMITED.",Hydroskimming,Jan 20,Arab Light,NWE,HSK,55.807918
Source: Energy Intelligence,"COPYRIGHT © 2001-2021 ENERGY INTELLIGENCE GROUP, INC. / ENERGY INTELLIGENCE GROUP (UK) LIMITED.",Hydroskimming,Feb 20,Arab Light,NWE,HSK,50.424307
Source: Energy Intelligence,"COPYRIGHT © 2001-2021 ENERGY INTELLIGENCE GROUP, INC. / ENERGY INTELLIGENCE GROUP (UK) LIMITED.",Hydroskimming,Mar 20,Arab Light,NWE,HSK,31.304277
Source: Energy Intelligence,"COPYRIGHT © 2001-2021 ENERGY INTELLIGENCE GROUP, INC. / ENERGY INTELLIGENCE GROUP (UK) LIMITED.",Hydroskimming,Apr 20,Arab Light,NWE,HSK,21.073745
Source: Energy Intelligence,"COPYRIGHT © 2001-2021 ENERGY INTELLIGENCE GROUP, INC. / ENERGY INTELLIGENCE GROUP (UK) LIMITED.",Hydroskimming,May 20,Arab Light,NWE,HSK,25.792391
Source: Energy Intelligence,"COPYRIGHT © 2001-2021 ENERGY INTELLIGENCE GROUP, INC. / ENERGY INTELLIGENCE GROUP (UK) LIMITED.",Hydroskimming,Jun 20,Arab Light,NWE,HSK,36.101035
Source: Energy Intelligence,"COPYRIGHT © 2001-2021 ENERGY INTELLIGENCE GROUP, INC. / ENERGY INTELLIGENCE GROUP (UK) LIMITED.",Hydroskimming,Jul 20,Arab Light,NWE,HSK,39.721076
Source: Energy Intelligence,"COPYRIGHT © 2001-2021 ENERGY INTELLIGENCE GROUP, INC. / ENERGY INTELLIGENCE GROUP (UK) LIMITED.",Hydroskimming,Aug 20,Arab Light,NWE,HSK,40.612818
Source: Energy Intelligence,"COPYRIGHT © 2001-2021 ENERGY INTELLIGENCE GROUP, INC. / ENERGY INTELLIGENCE GROUP (UK) LIMITED.",Hydroskimming,Sept 20,Arab Light,NWE,HSK,37.072565
Source: Energy Intelligence,"COPYRIGHT © 2001-2021 ENERGY INTELLIGENCE GROUP, INC. / ENERGY INTELLIGENCE GROUP (UK) LIMITED.",Hydroskimming,Oct 20,Arab Light,NWE,HSK,37.897918
Source: Energy Intelligence,"COPYRIGHT © 2001-2021 ENERGY INTELLIGENCE GROUP, INC. / ENERGY INTELLIGENCE GROUP (UK) LIMITED.",Hydroskimming,Nov 20,Arab Light,NWE,HSK,40.072905
Source: Energy Intelligence,"COPYRIGHT © 2001-2021 ENERGY INTELLIGENCE GROUP, INC. / ENERGY INTELLIGENCE GROUP (UK) LIMITED.",Hydroskimming,Dec 20,Arab Light,NWE,HSK,45.567885
Source: Energy Intelligence,"COPYRIGHT © 2001-2021 ENERGY INTELLIGENCE GROUP, INC. / ENERGY INTELLIGENCE GROUP (UK) LIMITED.",Hydroskimming,Jan 21,Arab Light,NWE,HSK,50.841288
Source: Energy Intelligence,"COPYRIGHT © 2001-2021 ENERGY INTELLIGENCE GROUP, INC. / ENERGY INTELLIGENCE GROUP (UK) LIMITED.",Hydroskimming,Feb 21,Arab Light,NWE,HSK,57.162204
Source: Energy Intelligence,"COPYRIGHT © 2001-2021 ENERGY INTELLIGENCE GROUP, INC. / ENERGY INTELLIGENCE GROUP (UK) LIMITED.",Hydroskimming,Mar 21,Arab Light,NWE,HSK,59.60628
Source: Energy Intelligence,"COPYRIGHT © 2001-2021 ENERGY INTELLIGENCE GROUP, INC. / ENERGY INTELLIGENCE GROUP (UK) LIMITED.",Hydroskimming,Apr 21,Arab Light,NWE,HSK,58.999193
Source: Energy Intelligence,"COPYRIGHT © 2001-2021 ENERGY INTELLIGENCE GROUP, INC. / ENERGY INTELLIGENCE GROUP (UK) LIMITED.",Hydroskimming,May 21,Arab Light,NWE,HSK,61.737033
Source: Energy Intelligence,"COPYRIGHT © 2001-2021 ENERGY INTELLIGENCE GROUP, INC. / ENERGY INTELLIGENCE GROUP (UK) LIMITED.",Hydroskimming,Jun 21,Arab Light,NWE,HSK,65.876556
Source: Energy Intelligence,"COPYRIGHT © 2001-2021 ENERGY INTELLIGENCE GROUP, INC. / ENERGY INTELLIGENCE GROUP (UK) LIMITED.",Hydroskimming,Jul 21,Arab Light,NWE,HSK,67.286993
Source: Energy Intelligence,"COPYRIGHT © 2001-2021 ENERGY INTELLIGENCE GROUP, INC. / ENERGY INTELLIGENCE GROUP (UK) LIMITED.",Hydroskimming,Aug 21,Arab Light,NWE,HSK,64.939158
Source: Energy Intelligence,"COPYRIGHT © 2001-2021 ENERGY INTELLIGENCE GROUP, INC. / ENERGY INTELLIGENCE GROUP (UK) LIMITED.",Hydroskimming,Sept 21,Arab Light,NWE,HSK,69.581783
Source: Energy Intelligence,"COPYRIGHT © 2001-2021 ENERGY INTELLIGENCE GROUP, INC. / ENERGY INTELLIGENCE GROUP (UK) LIMITED.",Hydroskimming,Oct 21,Arab Light,NWE,HSK,79.384607
Source: Energy Intelligence,"COPYRIGHT © 2001-2021 ENERGY INTELLIGENCE GROUP, INC. / ENERGY INTELLIGENCE GROUP (UK) LIMITED.",Hydroskimming,Nov 21,Arab Light,NWE,HSK,74.479697
Source: Energy Intelligence,"COPYRIGHT © 2001-2021 ENERGY INTELLIGENCE GROUP, INC. / ENERGY INTELLIGENCE GROUP (UK) LIMITED.",Hydroskimming,Dec 21,Arab Light,NWE,HSK,69.969203
Source: Energy Intelligence,"COPYRIGHT © 2001-2021 ENERGY INTELLIGENCE GROUP, INC. / ENERGY INTELLIGENCE GROUP (UK) LIMITED.",Hydroskimming,Jan 22,Arab Light,NWE,HSK,81.57592
Source: Energy Intelligence,"COPYRIGHT © 2001-2021 ENERGY INTELLIGENCE GROUP, INC. / ENERGY INTELLIGENCE GROUP (UK) LIMITED.",Hydroskimming,Feb 22,Arab Light,NWE,HSK,89.510822
Source: Energy Intelligence,"COPYRIGHT © 2001-2021 ENERGY INTELLIGENCE GROUP, INC. / ENERGY INTELLIGENCE GROUP (UK) LIMITED.",Hydroskimming,Mar 22,Arab Light,NWE,HSK,113.875098
Source: Energy Intelligence,"COPYRIGHT © 2001-2021 ENERGY INTELLIGENCE GROUP, INC. / ENERGY INTELLIGENCE GROUP (UK) LIMITED.",Hydroskimming,Apr 22,Arab Light,NWE,HSK,111.882917
Source: Energy Intelligence,"COPYRIGHT © 2001-2021 ENERGY INTELLIGENCE GROUP, INC. / ENERGY INTELLIGENCE GROUP (UK) LIMITED.",Hydroskimming,May 22,Arab Light,NWE,HSK,115.985049
Source: Energy Intelligence,"COPYRIGHT © 2001-2021 ENERGY INTELLIGENCE GROUP, INC. / ENERGY INTELLIGENCE GROUP (UK) LIMITED.",Hydroskimming,Jun 22,Arab Light,NWE,HSK,122.880225
Source: Energy Intelligence,"COPYRIGHT © 2001-2021 ENERGY INTELLIGENCE GROUP, INC. / ENERGY INTELLIGENCE GROUP (UK) LIMITED.",Hydroskimming,Jul 22,Arab Light,NWE,HSK,101.766556
Source: Energy Intelligence,"COPYRIGHT © 2001-2021 ENERGY INTELLIGENCE GROUP, INC. / ENERGY INTELLIGENCE GROUP (UK) LIMITED.",Hydroskimming,Aug 22,Arab Light,NWE,HSK,97.044024
Source: Energy Intelligence,"COPYRIGHT © 2001-2021 ENERGY INTELLIGENCE GROUP, INC. / ENERGY INTELLIGENCE GROUP (UK) LIMITED.",Hydroskimming,Sept 22,Arab Light,NWE,HSK,89.068528
Source: Energy Intelligence,"COPYRIGHT © 2001-2021 ENERGY INTELLIGENCE GROUP, INC. / ENERGY INTELLIGENCE GROUP (UK) LIMITED.",Hydroskimming,Oct 22,Arab Light,NWE,HSK,95.803171
Source: Energy Intelligence,"COPYRIGHT © 2001-2021 ENERGY INTELLIGENCE GROUP, INC. / ENERGY INTELLIGENCE GROUP (UK) LIMITED.",Hydroskimming,Nov 22,Arab Light,NWE,HSK,87.256726
Source: Energy Intelligence,"COPYRIGHT © 2001-2021 ENERGY INTELLIGENCE GROUP, INC. / ENERGY INTELLIGENCE GROUP (UK) LIMITED.",Hydroskimming,Dec 22,Arab Light,NWE,HSK,78.886042
Source: Energy Intelligence,"COPYRIGHT © 2001-2021 ENERGY INTELLIGENCE GROUP, INC. / ENERGY INTELLIGENCE GROUP (UK) LIMITED.",Hydroskimming,Jan 23,Arab Light,NWE,HSK,84.300987
Source: Energy Intelligence,"COPYRIGHT © 2001-2021 ENERGY INTELLIGENCE GROUP, INC. / ENERGY INTELLIGENCE GROUP (UK) LIMITED.",Hydroskimming,Feb 23,Arab Light,NWE,HSK,79.665889
Source: Energy Intelligence,"COPYRIGHT © 2001-2021 ENERGY INTELLIGENCE GROUP, INC. / ENERGY INTELLIGENCE GROUP (UK) LIMITED.",Hydroskimming,Mar 23,Arab Light,NWE,HSK,77.141245
Source: Energy Intelligence,"COPYRIGHT © 2001-2021 ENERGY INTELLIGENCE GROUP, INC. / ENERGY INTELLIGENCE GROUP (UK) LIMITED.",Hydroskimming,Apr 23,Arab Light,NWE,HSK,79.399414
Source: Energy Intelligence,"COPYRIGHT © 2001-2021 ENERGY INTELLIGENCE GROUP, INC. / ENERGY INTELLIGENCE GROUP (UK) LIMITED.",Hydroskimming,May 23,Arab Light,NWE,HSK,72.026009
Source: Energy Intelligence,"COPYRIGHT © 2001-2021 ENERGY INTELLIGENCE GROUP, INC. / ENERGY INTELLIGENCE GROUP (UK) LIMITED.",Hydroskimming,Jun 23,Arab Light,NWE,HSK,74.735595
Source: Energy Intelligence,"COPYRIGHT © 2001-2021 ENERGY INTELLIGENCE GROUP, INC. / ENERGY INTELLIGENCE GROUP (UK) LIMITED.",Hydroskimming,Jul 23,Arab Light,NWE,HSK,80.811815
Source: Energy Intelligence,"COPYRIGHT © 2001-2021 ENERGY INTELLIGENCE GROUP, INC. / ENERGY INTELLIGENCE GROUP (UK) LIMITED.",Hydroskimming,Aug 23,Arab Light,NWE,HSK,93.806046
Source: Energy Intelligence,"COPYRIGHT © 2001-2021 ENERGY INTELLIGENCE GROUP, INC. / ENERGY INTELLIGENCE GROUP (UK) LIMITED.",Hydroskimming,Sept 23,Arab Light,NWE,HSK,98.948139
Source: Energy Intelligence,"COPYRIGHT © 2001-2021 ENERGY INTELLIGENCE GROUP, INC. / ENERGY INTELLIGENCE GROUP (UK) LIMITED.",Hydroskimming,Oct 23,Arab Light,NWE,HSK,88.867775
Source: Energy Intelligence,"COPYRIGHT © 2001-2021 ENERGY INTELLIGENCE GROUP, INC. / ENERGY INTELLIGENCE GROUP (UK) LIMITED.",Hydroskimming,Nov 23,Arab Light,NWE,HSK,83.145048
Source: Energy Intelligence,"COPYRIGHT © 2001-2021 ENERGY INTELLIGENCE GROUP, INC. / ENERGY INTELLIGENCE GROUP (UK) LIMITED.",Hydroskimming,Dec 23,Arab Light,NWE,HSK,78.846387
Source: Energy Intelligence,"COPYRIGHT © 2001-2021 ENERGY INTELLIGENCE GROUP, INC. / ENERGY INTELLIGENCE GROUP (UK) LIMITED.",Hydroskimming,Jan 24,Arab Light,NWE,HSK,80.121218
Source: Energy Intelligence,"COPYRIGHT © 2001-2021 ENERGY INTELLIGENCE GROUP, INC. / ENERGY INTELLIGENCE GROUP (UK) LIMITED.",Hydroskimming,Feb 24,Arab Light,NWE,HSK,84.257554
Source: Energy Intelligence,"COPYRIGHT © 2001-2021 ENERGY INTELLIGENCE GROUP, INC. / ENERGY INTELLIGENCE GROUP (UK) LIMITED.",Hydroskimming,Mar 24,Arab Light,NWE,HSK,84.490452
Source: Energy Intelligence,"COPYRIGHT © 2001-2021 ENERGY INTELLIGENCE GROUP, INC. / ENERGY INTELLIGENCE GROUP (UK) LIMITED.",Hydroskimming,Apr 24,Arab Light,NWE,HSK,84.83751
Source: Energy Intelligence,"COPYRIGHT © 2001-2021 ENERGY INTELLIGENCE GROUP, INC. / ENERGY INTELLIGENCE GROUP (UK) LIMITED.",Hydroskimming,May 24,Arab Light,NWE,HSK,79.937304
Source: Energy Intelligence,"COPYRIGHT © 2001-2021 ENERGY INTELLIGENCE GROUP, INC. / ENERGY INTELLIGENCE GROUP (UK) LIMITED.",Hydroskimming,Jun 24,Arab Light,NWE,HSK,80.705111
Source: Energy Intelligence,"COPYRIGHT © 2001-2021 ENERGY INTELLIGENCE GROUP, INC. / ENERGY INTELLIGENCE GROUP (UK) LIMITED.",Hydroskimming,Jul 24,Arab Light,NWE,HSK,81.999938
Source: Energy Intelligence,"COPYRIGHT © 2001-2021 ENERGY INTELLIGENCE GROUP, INC. / ENERGY INTELLIGENCE GROUP (UK) LIMITED.",Hydroskimming,Aug 24,Arab Light,NWE,HSK,76.028011
Source: Energy Intelligence,"COPYRIGHT © 2001-2021 ENERGY INTELLIGENCE GROUP, INC. / ENERGY INTELLIGENCE GROUP (UK) LIMITED.",Hydroskimming,Sept 24,Arab Light,NWE,HSK,70.356637
Source: Energy Intelligence,"COPYRIGHT © 2001-2021 ENERGY INTELLIGENCE GROUP, INC. / ENERGY INTELLIGENCE GROUP (UK) LIMITED.",Hydroskimming,Oct 24,Arab Light,NWE,HSK,76.328318
