Carbon Intensity,Country,Crude list,Year of YearReported (Custom SQL Query1),ProductionDataValue
Very Low,United Kingdom,"Clair, Schiehallion Blend",2006,98
Very Low,Saudi Arabia,"Arab Light, Arab Medium",2006,6550
Very Low,Norway,"Ekofisk Blend, Gullfaks Blend, Heidrun, Statfjord Blend",2006,1138.42
Very Low,Kuwait,Kuwait,2006,2370
Very Low,China,Shengli,2006,535
Very Low,Azerbaijan,Shah Deniz Condensate,2006,40
Very Low,Abu Dhabi,Upper Zakum,2006,550
Low,United States,Mars Blend,2006,236.11
Low,United Kingdom,Flotta Gold,2006,47
Low,Saudi Arabia,Arab Heavy,2006,900
Low,Nigeria,"Bonga, Bonny Light",2006,645.83
Low,Mexico,Isthmus,2006,831.5
Low,Kazakhstan,Tengiz,2006,10
Low,Egypt,Belayim Blend,2006,150
Low,Dubai,Dubai,2006,89
Low,China,"Daqing, Peng Lai",2006,926.5
Medium,United States,Alaska North Slope,2006,758.9
Medium,United Kingdom,Forties Blend,2006,501
Medium,Syria,"Souedieh, Syrian Light",2006,370
Medium,Saudi Arabia,Arab Extra Light,2006,1300
Medium,Russia,"Urals, Sokol, Siberian Light",2006,8640
Medium,Qatar,"Qatar Marine, Dukhan",2006,530
Medium,Norway,"Troll, Oseberg, Asgard Blend",2006,606.34
Medium,Nigeria,Amenam Blend,2006,189.1
Medium,Neutral Zone,Wafra,2006,160
Medium,Libya,Bouri,2006,60
Medium,Iran,Foroozan Blend,2006,500
Medium,Equatorial Guinea,"Alba Condensate, New Zafiro",2006,309
Medium,Ecuador,Napo,2006,168.47
Medium,Denmark,Danish Crude Blend,2006,290.4
Medium,Congo (Brazzaville),Djeno,2006,145
Medium,Colombia,Cusiana,2006,126
Medium,Canada,Hibernia,2006,178.34
Medium,Brazil,"Roncador, Jubarte",2006,85.05
Medium,Azerbaijan,Azeri Light,2006,200
Medium,Australia,Gippsland,2006,79
Medium,Argentina,Escalante,2006,165.31
Medium,Angola,"Nemba, Cabinda, Girassol, Hungo",2006,902.49
Medium,Abu Dhabi,Murban,2006,1200
High,Vietnam,"Su Tu Den, Bach Ho",2006,270
High,United States,"West Texas Sour, West Texas Intermediate",2006,584.58
High,Nigeria,"Okono Blend, Erha, Forcados",2006,272.1
High,Mexico,Maya,2006,2243.8
High,Malaysia,Tapis,2006,300
High,Libya,"Amna, El-Sharara, Es Sider",2006,798
High,Iraq,"Kirkuk, Basrah Light",2006,1800
High,Iran,Nowruz-Soroush,2006,190
High,Egypt,Suez Blend,2006,290
High,Ecuador,Oriente,2006,355.54
High,China,"Panyu, Nanhai Light",2006,150
High,Chad,Doba,2006,160.64
High,Brazil,Marlim,2006,589
High,Angola,Kissanje Blend,2006,262.88
High,Algeria,"Saharan Blend, Algerian Condensate",2006,1600
Very High,Venezuela,"Boscan, Hamaca",2006,296
Very High,Nigeria,"Brass River, Escravos, Qua Iboe",2006,907.5
Very High,Malaysia,Miri,2006,75
Very High,Libya,"Zueitina, Brega, Abu Attifel, Mellitah, Sarir, Sirtica",2006,866
Very High,Iran,"Iran Heavy, Iran Light",2006,2950
Very High,Indonesia,"Duri, Minas",2006,474
Very High,Gabon,Rabi Light,2006,60.13
Very High,Canada,"Syncrude Sweet Premium, Cold Lake Blend",2006,533
Very High,Australia,Northwest Shelf Condensate,2006,82.4
Very Low,United Kingdom,"Schiehallion Blend, Clair",2007,82
Very Low,Saudi Arabia,"Arab Medium, Arab Light",2007,6150
Very Low,Norway,"Statfjord Blend, Heidrun, Gullfaks Blend, Ekofisk Blend",2007,1047.76
Very Low,Kuwait,Kuwait,2007,2211
Very Low,China,Shengli,2007,556
Very Low,Abu Dhabi,Upper Zakum,2007,500
Low,United States,"Mars Blend, Bakken",2007,429.85
Low,United Kingdom,Flotta Gold,2007,53
Low,Saudi Arabia,Arab Heavy,2007,900
Low,Nigeria,"Bonny Light, Bonga",2007,541.05
Low,Mexico,Isthmus,2007,837.7
Low,Kazakhstan,Tengiz,2007,10
Low,Egypt,Belayim Blend,2007,120
Low,Dubai,Dubai,2007,77
Low,China,"Peng Lai, Daqing",2007,862
Medium,United States,"Alaska North Slope, Eagle Ford",2007,791.47
Medium,United Kingdom,Forties Blend,2007,603
Medium,Syria,"Syrian Light, Souedieh",2007,320
Medium,Saudi Arabia,Arab Extra Light,2007,1300
Medium,Russia,"Siberian Light, Sokol, Urals",2007,9014
Medium,Qatar,"Dukhan, Qatar Marine",2007,516.6
Medium,Norway,"Asgard Blend, Oseberg, Troll",2007,616
Medium,Nigeria,Amenam Blend,2007,179.73
Medium,Neutral Zone,Wafra,2007,202
Medium,Libya,Bouri,2007,55
Medium,Iran,Foroozan Blend,2007,400
Medium,Equatorial Guinea,"New Zafiro, Alba Condensate",2007,262
Medium,Ecuador,Napo,2007,157.4
Medium,Denmark,Danish Crude Blend,2007,275.08
Medium,Congo (Brazzaville),Djeno,2007,140
Medium,Colombia,Cusiana,2007,82
Medium,Canada,Hibernia,2007,145.16
Medium,Brazil,"Jubarte, Roncador",2007,124.93
Medium,Azerbaijan,Azeri Light,2007,100
Medium,Australia,Gippsland,2007,72
Medium,Argentina,Escalante,2007,164.63
Medium,Angola,"Hungo, Girassol, Cabinda, Dalia, Nemba",2007,1238.57
Medium,Abu Dhabi,Murban,2007,1400
High,Vietnam,"Bach Ho, Su Tu Den",2007,223
High,United States,"West Texas Intermediate, West Texas Sour",2007,590.43
High,Nigeria,"Forcados, Erha, Okono Blend",2007,299.78
High,Mexico,Maya,2007,2039.4
High,Malaysia,Tapis,2007,311
High,Libya,"Es Sider, El-Sharara, Amna",2007,791
High,Iraq,"Basrah Light, Kirkuk",2007,2000
High,Iran,Nowruz-Soroush,2007,175
High,Egypt,Suez Blend,2007,160
High,Ecuador,Oriente,2007,341.56
High,China,"Nanhai Light, Panyu",2007,170
High,Chad,Doba,2007,144
High,Brazil,Marlim,2007,515.01
High,Angola,"Kissanje Blend, Plutonio",2007,274.38
High,Algeria,"Algerian Condensate, Saharan Blend",2007,1591
Very High,Venezuela,"Hamaca, Boscan",2007,262
Very High,Nigeria,"Qua Iboe, Escravos, Brass River",2007,824.06
Very High,Malaysia,Miri,2007,61
Very High,Libya,"Sirtica, Sarir, Mellitah, Abu Attifel, Brega, Zueitina",2007,733
Very High,Iran,"Iran Light, Iran Heavy",2007,3100
Very High,Indonesia,"Minas, Duri",2007,435
Very High,Gabon,Rabi Light,2007,60.24
Very High,Canada,"Cold Lake Blend, Syncrude Sweet Premium",2007,652.3
Very High,Australia,Northwest Shelf Condensate,2007,89
Very Low,United Kingdom,"Clair, Schiehallion Blend",2008,91
Very Low,Saudi Arabia,"Arab Light, Arab Medium",2008,6550
Very Low,Norway,"Ekofisk Blend, Gullfaks Blend, Heidrun, Statfjord Blend",2008,946.41
Very Low,Kuwait,Kuwait,2008,2410
Very Low,China,Shengli,2008,555.6
Very Low,Abu Dhabi,Upper Zakum,2008,500
Low,United States,"Bakken, Mars Blend",2008,399.73
Low,United Kingdom,Flotta Gold,2008,58
Low,Saudi Arabia,Arab Heavy,2008,900
Low,Nigeria,"Bonga, Bonny Light",2008,396.98
Low,Mexico,Isthmus,2008,815.5
Low,Kazakhstan,Tengiz,2008,46
Low,Egypt,Belayim Blend,2008,125
Low,Dubai,Dubai,2008,65.5
Low,China,"Daqing, Peng Lai",2008,858
Medium,United States,"Eagle Ford, Alaska North Slope, Thunder Horse",2008,791.54
Medium,United Kingdom,Forties Blend,2008,639
Medium,Turkmenistan,Cheleken,2008,41
Medium,Syria,"Souedieh, Syrian Light",2008,280
Medium,Saudi Arabia,Arab Extra Light,2008,1300
Medium,Russia,"Urals, Sokol, Siberian Light",2008,8931
Medium,Qatar,"Qatar Marine, Dukhan",2008,550
Medium,Norway,"Troll, Oseberg, Asgard Blend",2008,610.08
Medium,Nigeria,Amenam Blend,2008,150
Medium,Neutral Zone,Wafra,2008,180
Medium,Libya,Bouri,2008,55
Medium,Iran,Foroozan Blend,2008,335
Medium,Equatorial Guinea,"Alba Condensate, New Zafiro",2008,260
Medium,Ecuador,Napo,2008,140.26
Medium,Denmark,Danish Crude Blend,2008,249.75
Medium,Congo (Brazzaville),Djeno,2008,160
Medium,Colombia,Cusiana,2008,80.3
Medium,Canada,Hibernia,2008,129.09
Medium,Brazil,"Roncador, Jubarte",2008,301.18
Medium,Azerbaijan,Azeri Light,2008,86
Medium,Australia,Gippsland,2008,69.6
Medium,Argentina,Escalante,2008,161.08
Medium,Angola,"Nemba, Mondo, Dalia, Cabinda, Girassol, Hungo",2008,1312.19
Medium,Abu Dhabi,Murban,2008,1400
High,Vietnam,"Su Tu Den, Bach Ho",2008,210
High,United States,"West Texas Sour, West Texas Intermediate",2008,618.57
High,Nigeria,"Okono Blend, Erha, Forcados, Agbami",2008,455.4
High,Mexico,Maya,2008,1765.6
High,Malaysia,Tapis,2008,220
High,Libya,"Amna, El-Sharara, Es Sider",2008,890
High,Iraq,"Kirkuk, Basrah Light",2008,2198
High,Iran,Nowruz-Soroush,2008,160
High,Egypt,Suez Blend,2008,130
High,Ecuador,Oriente,2008,354.03
High,China,"Panyu, Nanhai Light, Changqing",2008,374
High,Chad,Doba,2008,127
High,Brazil,Marlim,2008,487.13
High,Australia,Vincent,2008,35.8
High,Angola,"Plutonio, Kissanje Blend",2008,437.53
High,Algeria,"Saharan Blend, Algerian Condensate",2008,1542.6
Very High,Venezuela,"Boscan, Hamaca, Santa Barbara, Merey-16",2008,948.5
Very High,Nigeria,"Brass River, Escravos, Qua Iboe",2008,756
Very High,Malaysia,Miri,2008,74
Very High,Libya,"Zueitina, Brega, Abu Attifel, Mellitah, Sarir, Sirtica",2008,707
Very High,Iran,"Iran Heavy, Iran Light",2008,3100
Very High,Indonesia,"Duri, Minas",2008,407
Very High,Gabon,Rabi Light,2008,65
Very High,Canada,"Syncrude Sweet Premium, Cold Lake Blend",2008,636.4
Very High,Australia,Northwest Shelf Condensate,2008,97
Very Low,United Kingdom,"Schiehallion Blend, Clair",2009,68
Very Low,Saudi Arabia,"Arab Medium, Arab Light",2009,5483
Very Low,Norway,"Statfjord Blend, Heidrun, Gullfaks Blend, Ekofisk Blend",2009,792.08
Very Low,Kuwait,Kuwait,2009,2025.29
Very Low,Iran,South Pars Condensate,2009,200
Very Low,China,Shengli,2009,541
Very Low,Abu Dhabi,Upper Zakum,2009,455
Low,United States,"Mars Blend, Bakken",2009,455.19
Low,United Kingdom,Flotta Gold,2009,54
Low,Saudi Arabia,Arab Heavy,2009,800
Low,Nigeria,"Bonny Light, Bonga, Akpo Blend",2009,392.5
Low,Mexico,Isthmus,2009,811.8
Low,Kazakhstan,Tengiz,2009,122.04
Low,Egypt,Belayim Blend,2009,125
Low,Dubai,Dubai,2009,54
Low,China,"Peng Lai, Daqing",2009,895
Medium,United States,"Thunder Horse, Alaska North Slope, Eagle Ford",2009,909.57
Medium,United Kingdom,Forties Blend,2009,621
Medium,Turkmenistan,Cheleken,2009,45
Medium,Syria,"Syrian Light, Souedieh",2009,278
Medium,Saudi Arabia,Arab Extra Light,2009,1400
Medium,Russia,"Siberian Light, Sokol, Urals",2009,9649
Medium,Qatar,"Dukhan, Qatar Marine",2009,485
Medium,Norway,"Asgard Blend, Oseberg, Troll",2009,605.5
Medium,Nigeria,Amenam Blend,2009,127
Medium,Neutral Zone,Wafra,2009,174
Medium,Libya,Bouri,2009,45
Medium,Iran,Foroozan Blend,2009,300
Medium,Equatorial Guinea,"New Zafiro, Alba Condensate",2009,270
Medium,Ecuador,Napo,2009,117.97
Medium,Denmark,Danish Crude Blend,2009,231.51
Medium,Congo (Brazzaville),Djeno,2009,190
Medium,Colombia,Cusiana,2009,80.3
Medium,Canada,Hibernia,2009,118.22
Medium,Brazil,"Jubarte, Frade, Roncador, Tupi",2009,406.84
Medium,Azerbaijan,Azeri Light,2009,90
Medium,Australia,Gippsland,2009,73
Medium,Argentina,Escalante,2009,159.84
Medium,Angola,"Hungo, Girassol, Cabinda, Dalia, Mondo, Nemba",2009,1132.23
Medium,Abu Dhabi,Murban,2009,1200
High,Vietnam,"Bach Ho, Su Tu Den",2009,223.5
High,United States,"West Texas Intermediate, West Texas Sour",2009,623.77
High,Nigeria,"Agbami, Forcados, Erha, Okono Blend",2009,573
High,Mexico,Maya,2009,1519.9
High,Malaysia,Tapis,2009,170
High,Libya,"Es Sider, El-Sharara, Amna",2009,797.3
High,Iraq,"Basrah Light, Kirkuk",2009,2312
High,Iran,Nowruz-Soroush,2009,150
High,Egypt,Suez Blend,2009,130
High,Ecuador,Oriente,2009,356.82
High,China,"Changqing, Nanhai Light, Panyu",2009,405.6
High,Chad,Doba,2009,120
High,Brazil,Marlim,2009,613.77
High,Australia,Vincent,2009,18
High,Angola,"Kissanje Blend, Plutonio",2009,362.75
High,Algeria,"Algerian Condensate, Saharan Blend",2009,1437
Very High,Venezuela,"Merey-16, Santa Barbara, Hamaca, Boscan",2009,850
Very High,Nigeria,"Qua Iboe, Escravos, Brass River",2009,613.23
Very High,Malaysia,Miri,2009,70
Very High,Libya,"Sirtica, Sarir, Mellitah, Abu Attifel, Brega, Zueitina",2009,615
Very High,Iran,"Iran Light, Iran Heavy",2009,2900
Very High,Indonesia,"Minas, Duri",2009,383
Very High,Gabon,Rabi Light,2009,59
Very High,Colombia,Castilla,2009,190
Very High,Canada,"Cold Lake Blend, Syncrude Sweet Premium",2009,650
Very High,Australia,Northwest Shelf Condensate,2009,122.5
Very Low,Saudi Arabia,"Arab Light, Arab Medium",2010,5354
Very Low,Norway,"Ekofisk Blend, Gullfaks Blend, Heidrun, Statfjord Blend",2010,684.25
Very Low,Kuwait,Kuwait,2010,2051.46
Very Low,Iran,South Pars Condensate,2010,244
Very Low,Egypt,Western Desert Blend,2010,170
Very Low,China,Shengli,2010,532
Very Low,Brazil,Ostra,2010,74.01
Very Low,Abu Dhabi,Upper Zakum,2010,500
Low,United States,"Bakken, Mars Blend",2010,520.41
Low,United Kingdom,Flotta Gold,2010,59.32
Low,Saudi Arabia,Arab Heavy,2010,800
Low,Nigeria,"Akpo Blend, Bonga, Bonny Light",2010,541
Low,Mexico,Isthmus,2010,792.27
Low,Kazakhstan,Tengiz,2010,182.5
Low,Egypt,Belayim Blend,2010,140
Low,Dubai,Dubai,2010,44.6
Low,China,"Daqing, Peng Lai",2010,920
Medium,United States,"Eagle Ford, Alaska North Slope, Thunder Horse",2010,861.51
Medium,United Kingdom,Forties Blend,2010,563.56
Medium,Turkmenistan,Cheleken,2010,47
Medium,Syria,"Souedieh, Syrian Light",2010,283
Medium,Saudi Arabia,Arab Extra Light,2010,1500
Medium,Russia,"Urals, Sokol, Siberian Light",2010,9540
Medium,Qatar,"Qatar Marine, Dukhan",2010,500
Medium,Norway,"Troll, Oseberg, Asgard Blend",2010,589.74
Medium,Nigeria,Amenam Blend,2010,112
Medium,Neutral Zone,Wafra,2010,166
Medium,Libya,Bouri,2010,43.1
Medium,Iran,Foroozan Blend,2010,290
Medium,Ghana,Jubilee,2010,1
Medium,Equatorial Guinea,"Alba Condensate, New Zafiro",2010,161.8
Medium,Ecuador,Napo,2010,113.8
Medium,Denmark,Danish Crude Blend,2010,211.78
Medium,Congo (Brazzaville),Djeno,2010,185
Medium,Colombia,Cusiana,2010,67.3
Medium,Canada,Hibernia,2010,146.36
Medium,Brazil,"Roncador, Tupi, Frade, Jubarte",2010,446.14
Medium,Azerbaijan,Azeri Light,2010,106
Medium,Australia,Gippsland,2010,60
Medium,Argentina,Escalante,2010,157.28
Medium,Angola,"Nemba, Mondo, Dalia, Cabinda, Girassol, Hungo",2010,1161.79
Medium,Abu Dhabi,Murban,2010,1200
High,Vietnam,"Su Tu Den, Bach Ho",2010,210
High,United States,"West Texas Sour, West Texas Intermediate",2010,659.94
High,Nigeria,"Okono Blend, Erha, Forcados, Agbami",2010,617.67
High,Mexico,Maya,2010,1464.17
High,Malaysia,Tapis,2010,160
High,Libya,"Amna, El-Sharara, Es Sider",2010,860
High,Iraq,"Kirkuk, Basrah Light",2010,2300
High,Iran,Nowruz-Soroush,2010,150
High,Egypt,Suez Blend,2010,79
High,Ecuador,Oriente,2010,349.9
High,China,"Panyu, Nanhai Light, Changqing",2010,459.3
High,Chad,Doba,2010,123
High,Brazil,Marlim,2010,641
High,Australia,Pyrenees,2010,80
High,Angola,"Plutonio, Kissanje Blend",2010,329.2
High,Algeria,"Saharan Blend, Algerian Condensate",2010,1356.1
Very High,Venezuela,"Boscan, Hamaca, Santa Barbara, Merey-16",2010,881
Very High,Nigeria,"Brass River, Escravos, Qua Iboe",2010,726
Very High,Malaysia,Miri,2010,75
Very High,Libya,"Zueitina, Brega, Abu Attifel, Mellitah, Sarir, Sirtica",2010,673.5
Very High,Iran,"Iran Heavy, Iran Light",2010,2900
Very High,Indonesia,"Duri, Minas",2010,370
Very High,Gabon,Rabi Light,2010,72.13
Very High,Colombia,Castilla,2010,249.3
Very High,Canada,"Syncrude Sweet Premium, Cold Lake Blend",2010,736
Very High,Australia,Northwest Shelf Condensate,2010,122.3
Very Low,United Kingdom,"Clair, Schiehallion Blend",2011,44
Very Low,Saudi Arabia,"Arab Medium, Arab Light",2011,6467
Very Low,Norway,"Statfjord Blend, Heidrun, Gullfaks Blend, Ekofisk Blend",2011,600.09
Very Low,Kuwait,Kuwait,2011,2365.25
Very Low,Iran,South Pars Condensate,2011,300
Very Low,Egypt,Western Desert Blend,2011,180
Very Low,China,Shengli,2011,547
Very Low,Abu Dhabi,Upper Zakum,2011,500
Low,United States,"Mars Blend, Bakken",2011,622.13
Low,United Kingdom,Flotta Gold,2011,35
Low,Saudi Arabia,Arab Heavy,2011,800
Low,Nigeria,"Bonny Light, Bonga, Akpo Blend",2011,567.73
Low,Mexico,Isthmus,2011,798
Low,Kazakhstan,Tengiz,2011,190
Low,Egypt,Belayim Blend,2011,130
Low,Dubai,Dubai,2011,41.36
Low,China,"Peng Lai, Daqing",2011,885.71
Low,Brazil,Sapinhoa,2011,6
Medium,United States,"Thunder Horse, Alaska North Slope, Eagle Ford",2011,947.4
Medium,United Kingdom,Forties Blend,2011,446
Medium,Turkmenistan,Cheleken,2011,63.96
Medium,Syria,"Syrian Light, Souedieh",2011,240
Medium,Saudi Arabia,Arab Extra Light,2011,1500
Medium,Russia,"Siberian Light, Sokol, Urals",2011,9463.5
Medium,Qatar,"Dukhan, Qatar Marine",2011,415
Medium,Norway,"Asgard Blend, Oseberg, Troll",2011,629.42
Medium,Nigeria,Amenam Blend,2011,108.36
Medium,Neutral Zone,Wafra,2011,154
Medium,Libya,Bouri,2011,5
Medium,Iran,Foroozan Blend,2011,260
Medium,Ghana,Jubilee,2011,66.23
Medium,Equatorial Guinea,"New Zafiro, Alba Condensate",2011,165
Medium,Ecuador,Napo,2011,131.69
Medium,Denmark,Danish Crude Blend,2011,190.73
Medium,Congo (Brazzaville),Djeno,2011,175.2
Medium,Colombia,Cusiana,2011,54
Medium,Canada,Hibernia,2011,150
Medium,Brazil,"Jubarte, Frade, Tupi, Roncador",2011,520.48
Medium,Azerbaijan,Azeri Light,2011,96.39
Medium,Australia,Gippsland,2011,54.4
Medium,Argentina,Escalante,2011,156.98
Medium,Angola,"Hungo, Girassol, Cabinda, Dalia, Mondo, Nemba, Pazflor",2011,1154.51
Medium,Abu Dhabi,Murban,2011,1250
High,Vietnam,"Bach Ho, Su Tu Den",2011,185
High,United States,"West Texas Intermediate, West Texas Sour",2011,755.4
High,Nigeria,"Agbami, Forcados, Erha, Okono Blend",2011,649.05
High,Mexico,Maya,2011,1417
High,Malaysia,Tapis,2011,126.7
High,Libya,"Es Sider, El-Sharara, Amna",2011,189
High,Iraq,"Basrah Light, Kirkuk",2011,2658.84
High,Iran,Nowruz-Soroush,2011,170
High,Egypt,Suez Blend,2011,70
High,Ecuador,Oriente,2011,345.17
High,China,"Changqing, Nanhai Light, Panyu",2011,484.82
High,Chad,Doba,2011,115
High,Brazil,Marlim,2011,616
High,Australia,Pyrenees,2011,75.9
High,Angola,"Kissanje Blend, Plutonio",2011,260.69
High,Algeria,"Algerian Condensate, Saharan Blend",2011,1337
Very High,Venezuela,"Merey-16, Santa Barbara, Hamaca, Boscan",2011,855
Very High,Nigeria,"Qua Iboe, Escravos, Brass River",2011,724.17
Very High,Malaysia,Miri,2011,70
Very High,Libya,"Sirtica, Sarir, Mellitah, Abu Attifel, Brega, Zueitina",2011,266
Very High,Iran,"Iran Light, Iran Heavy",2011,2642
Very High,Indonesia,"Minas, Duri",2011,358
Very High,Gabon,Rabi Light,2011,66.86
Very High,Colombia,Castilla,2011,314.8
Very High,Canada,"Cold Lake Blend, Syncrude Sweet Premium",2011,778.7
Very High,Australia,Northwest Shelf Condensate,2011,104.7
Very Low,United Kingdom,"Schiehallion Blend, Clair",2012,62
Very Low,Saudi Arabia,"Arab Light, Arab Medium",2012,7205
Very Low,Norway,"Ekofisk Blend, Gullfaks Blend, Heidrun, Statfjord Blend",2012,522
Very Low,Kuwait,Kuwait,2012,2716.93
Very Low,Iran,South Pars Condensate,2012,300
Very Low,Egypt,Western Desert Blend,2012,195
Very Low,China,Shengli,2012,542.22
Very Low,Abu Dhabi,Upper Zakum,2012,525
Low,United States,"Bakken, Mars Blend",2012,837.64
Low,United Kingdom,Flotta Gold,2012,25
Low,Saudi Arabia,Arab Heavy,2012,800
Low,Nigeria,"Akpo Blend, Bonga, Bonny Light",2012,563.8
Low,Mexico,Isthmus,2012,834
Low,Kazakhstan,Tengiz,2012,170
Low,Egypt,Belayim Blend,2012,130
Low,Dubai,Dubai,2012,39.4
Low,China,"Daqing, Peng Lai",2012,864.51
Medium,United States,"Eagle Ford, Alaska North Slope, Thunder Horse",2012,1241.58
Medium,United Kingdom,Forties Blend,2012,351
Medium,Turkmenistan,Cheleken,2012,69.92
Medium,Syria,"Souedieh, Syrian Light",2012,110
Medium,Saudi Arabia,Arab Extra Light,2012,1250
Medium,Russia,"Urals, Sokol, Siberian Light",2012,9597.7
Medium,Qatar,"Qatar Marine, Dukhan",2012,416
Medium,Norway,"Troll, Oseberg, Asgard Blend",2012,610.5
Medium,Nigeria,Amenam Blend,2012,100.46
Medium,Neutral Zone,Wafra,2012,150.5
Medium,Libya,Bouri,2012,34
Medium,Iran,Foroozan Blend,2012,242
Medium,Ghana,Jubilee,2012,71.73
Medium,Equatorial Guinea,"Alba Condensate, New Zafiro",2012,161.68
Medium,Ecuador,Napo,2012,132.18
Medium,Denmark,Danish Crude Blend,2012,175.04
Medium,Congo (Brazzaville),Djeno,2012,175.68
Medium,Colombia,Cusiana,2012,60.5
Medium,Canada,Hibernia,2012,151.07
Medium,Brazil,"Roncador, Tupi, Frade, Jubarte",2012,497.41
Medium,Azerbaijan,Azeri Light,2012,94
Medium,Australia,Gippsland,2012,51.9
Medium,Argentina,Escalante,2012,145.57
Medium,Angola,"Pazflor, Nemba, Mondo, Dalia, Cabinda, Girassol, Hungo",2012,1244.56
Medium,Abu Dhabi,Murban,2012,1350
High,Vietnam,"Su Tu Den, Bach Ho",2012,177
High,United States,"West Texas Sour, West Texas Intermediate",2012,881.11
High,Nigeria,"Okono Blend, Erha, Forcados, Agbami, Usan",2012,666.32
High,Mexico,Maya,2012,1385
High,Malaysia,Tapis,2012,133.3
High,Libya,"Amna, El-Sharara, Es Sider",2012,769
High,Iraq,"Kirkuk, Basrah Light",2012,2941.58
High,Iran,Nowruz-Soroush,2012,150
High,Egypt,Suez Blend,2012,63
High,Ecuador,Oriente,2012,352.5
High,China,"Panyu, Nanhai Light, Changqing",2012,537.79
High,Chad,Doba,2012,101.23
High,Brazil,Marlim,2012,606
High,Australia,Pyrenees,2012,45.9
High,Angola,"Plutonio, Kissanje Blend",2012,306.85
High,Algeria,"Saharan Blend, Algerian Condensate",2012,1346
Very High,Venezuela,"Boscan, Hamaca, Santa Barbara, Merey-16",2012,843.21
Very High,Nigeria,"Brass River, Escravos, Qua Iboe",2012,672.8
Very High,Malaysia,Miri,2012,70
Very High,Libya,"Zueitina, Brega, Abu Attifel, Mellitah, Sarir, Sirtica",2012,621
Very High,Iran,"Iran Heavy, Iran Light",2012,2003
Very High,Indonesia,"Duri, Minas",2012,365
Very High,Gabon,Rabi Light,2012,71.6
Very High,Colombia,Castilla,2012,267.6
Very High,Canada,"Syncrude Sweet Premium, Cold Lake Blend",2012,780.9
Very High,Australia,Northwest Shelf Condensate,2012,96.7
Very Low,United Kingdom,"Clair, Schiehallion Blend",2013,12
Very Low,Saudi Arabia,"Arab Medium, Arab Light",2013,7010.89
Very Low,Norway,"Statfjord Blend, Heidrun, Gullfaks Blend, Ekofisk Blend",2013,540.83
Very Low,Kuwait,Kuwait,2013,2683
Very Low,Iran,South Pars Condensate,2013,330
Very Low,Egypt,Western Desert Blend,2013,200
Very Low,China,Shengli,2013,539.73
Very Low,Abu Dhabi,Upper Zakum,2013,550
Low,United States,"Mars Blend, Bakken",2013,1037.82
Low,United Kingdom,Flotta Gold,2013,11
Low,Saudi Arabia,Arab Heavy,2013,880
Low,Norway,Skarv,2013,36.5
Low,Nigeria,"Bonny Light, Bonga, Akpo Blend",2013,484.26
Low,Mexico,Isthmus,2013,847
Low,Kazakhstan,Tengiz,2013,157.19
Low,Egypt,Belayim Blend,2013,105
Low,Dubai,Dubai,2013,34
Low,China,"Peng Lai, Daqing",2013,879.13
Low,Brazil,Sapinhoa,2013,28.54
Medium,United States,"Thunder Horse, Alaska North Slope, Eagle Ford",2013,1615.57
Medium,United Kingdom,Forties Blend,2013,382
Medium,Turkmenistan,Cheleken,2013,73.97
Medium,Saudi Arabia,Arab Extra Light,2013,1250
Medium,Russia,"Siberian Light, Sokol, Urals",2013,9791.82
Medium,Qatar,"Dukhan, Qatar Marine",2013,415
Medium,Norway,"Asgard Blend, Oseberg, Troll",2013,530
Medium,Nigeria,Amenam Blend,2013,81.07
Medium,Neutral Zone,Wafra,2013,147
Medium,Libya,Bouri,2013,37
Medium,Iran,Foroozan Blend,2013,240
Medium,Ghana,Jubilee,2013,97.52
Medium,Equatorial Guinea,"New Zafiro, Alba Condensate",2013,126.51
Medium,Ecuador,Napo,2013,146.12
Medium,Denmark,Danish Crude Blend,2013,155.88
Medium,Congo (Brazzaville),Djeno,2013,163.84
Medium,Canada,Hibernia,2013,150.96
Medium,Brazil,"Jubarte, Frade, Tupi, Roncador",2013,513.27
Medium,Azerbaijan,Azeri Light,2013,97.5
Medium,Australia,Gippsland,2013,44.98
Medium,Argentina,Escalante,2013,144.04
Medium,Angola,"Hungo, Girassol, Cabinda, Dalia, Mondo, Nemba, Pazflor",2013,1111.92
Medium,Abu Dhabi,Murban,2013,1400
High,Vietnam,"Bach Ho, Su Tu Den",2013,182.5
High,United States,"West Texas Intermediate, West Texas Sour",2013,1034.05
High,Nigeria,"Usan, Agbami, Forcados, Erha, Okono Blend",2013,676.9
High,Mexico,Maya,2013,1365
High,Malaysia,Tapis,2013,120
High,Libya,"Es Sider, El-Sharara, Amna",2013,520
High,Iraq,"Basrah Light, Kirkuk",2013,2978.91
High,Iran,Nowruz-Soroush,2013,130
High,Egypt,Suez Blend,2013,58
High,Ecuador,Oriente,2013,361.57
High,China,"Changqing, Nanhai Light, Panyu",2013,585.06
High,Chad,Doba,2013,101.2
High,Brazil,Marlim,2013,577.21
High,Australia,Pyrenees,2013,29.6
High,Angola,"Kissanje Blend, Plutonio",2013,335.89
High,Algeria,"Algerian Condensate, Saharan Blend",2013,1325
Very High,Venezuela,"Merey-16, Santa Barbara, Hamaca, Boscan",2013,880.8
Very High,Nigeria,"Qua Iboe, Escravos, Brass River",2013,635.82
Very High,Malaysia,Miri,2013,65
Very High,Libya,"Sirtica, Sarir, Mellitah, Abu Attifel, Brega, Zueitina",2013,405
Very High,Iran,"Iran Light, Iran Heavy",2013,1775
Very High,Indonesia,"Minas, Duri",2013,350
Very High,Gabon,Rabi Light,2013,63.33
Very High,Colombia,Castilla,2013,338.6
Very High,Canada,"Cold Lake Blend, Syncrude Sweet Premium",2013,745.2
Very High,Australia,Northwest Shelf Condensate,2013,88.85
Very Low,Saudi Arabia,"Arab Light, Arab Medium",2014,6927.67
Very Low,Norway,"Ekofisk Blend, Gullfaks Blend, Heidrun, Statfjord Blend, Gudrun Blend",2014,600.75
Very Low,Kuwait,Kuwait,2014,2678
Very Low,Iran,South Pars Condensate,2014,400
Very Low,Egypt,Western Desert Blend,2014,220
Very Low,China,Shengli,2014,558.9
Very Low,Abu Dhabi,Upper Zakum,2014,590
Low,United States,"Bakken, Mars Blend",2014,1283.56
Low,Saudi Arabia,Arab Heavy,2014,1100
Low,Norway,Skarv,2014,58.25
Low,Nigeria,"Akpo Blend, Bonga, Bonny Light",2014,504.7
Low,Mexico,Isthmus,2014,864
Low,Kazakhstan,Tengiz,2014,60.04
Low,Egypt,Belayim Blend,2014,88
Low,Dubai,Dubai,2014,30
Low,China,"Daqing, Peng Lai",2014,867.81
Low,Brazil,"Sapinhoa, Sururu",2014,100
Medium,United States,"Eagle Ford, Alaska North Slope, Thunder Horse",2014,2027.54
Medium,United Kingdom,Forties Blend,2014,329.7
Medium,Turkmenistan,Cheleken,2014,78.79
Medium,Saudi Arabia,Arab Extra Light,2014,1250
Medium,Russia,"Urals, Sokol, Siberian Light",2014,9863.57
Medium,Qatar,"Qatar Marine, Dukhan",2014,424
Medium,Norway,"Troll, Oseberg, Asgard Blend",2014,499.66
Medium,Nigeria,Amenam Blend,2014,72
Medium,Neutral Zone,Wafra,2014,136.5
Medium,Libya,Bouri,2014,34
Medium,Iran,Foroozan Blend,2014,240
Medium,Ghana,Jubilee,2014,102.03
Medium,Equatorial Guinea,"Alba Condensate, New Zafiro",2014,121.33
Medium,Ecuador,Napo,2014,161.93
Medium,Denmark,Danish Crude Blend,2014,140.22
Medium,Congo (Brazzaville),Djeno,2014,168.88
Medium,Canada,Hibernia,2014,145.96
Medium,Brazil,"Roncador, Tupi, Frade, Jubarte",2014,625.32
Medium,Azerbaijan,Azeri Light,2014,100.55
Medium,Australia,Gippsland,2014,53.7
Medium,Argentina,Escalante,2014,149.12
Medium,Angola,"Pazflor, Nemba, Mondo, Dalia, Cabinda, Girassol, Hungo",2014,1052.76
Medium,Abu Dhabi,Murban,2014,1400
High,Vietnam,"Su Tu Den, Bach Ho",2014,192
High,United States,"West Texas Sour, West Texas Intermediate",2014,1195.57
High,Nigeria,"Okono Blend, Erha, Forcados, Agbami, Usan",2014,682.52
High,Mexico,Maya,2014,1266
High,Malaysia,Tapis,2014,110
High,Libya,"Amna, El-Sharara, Es Sider",2014,223
High,Iraq,"Kirkuk, Basrah Light",2014,3112.59
High,Iran,Nowruz-Soroush,2014,100
High,Egypt,Suez Blend,2014,58.8
High,Ecuador,Oriente,2014,363.1
High,China,"Panyu, Nanhai Light, Changqing",2014,593.86
High,Chad,Doba,2014,91.01
High,Brazil,Marlim,2014,541
High,Australia,Pyrenees,2014,37.02
High,Angola,"Plutonio, Kissanje Blend",2014,262.86
High,Algeria,"Saharan Blend, Algerian Condensate",2014,1124.53
Very High,Venezuela,"Boscan, Hamaca, Santa Barbara, Merey-16",2014,801.52
Very High,Nigeria,"Brass River, Escravos, Qua Iboe",2014,568.3
Very High,Malaysia,Miri,2014,70
Very High,Libya,"Zueitina, Brega, Abu Attifel, Mellitah, Sarir, Sirtica",2014,236
Very High,Iran,"Iran Heavy, Iran Light",2014,1750
Very High,Indonesia,"Duri, Minas",2014,295
Very High,Gabon,Rabi Light,2014,60.86
Very High,Colombia,Castilla,2014,337
Very High,Canada,"Syncrude Sweet Premium, Cold Lake Blend",2014,762.2
Very High,Australia,Northwest Shelf Condensate,2014,104.6
Very Low,Saudi Arabia,"Arab Medium, Arab Light",2015,6956.17
Very Low,Norway,"Gudrun Blend, Statfjord Blend, Heidrun, Gullfaks Blend, Ekofisk Blend",2015,670
Very Low,Kuwait,Kuwait,2015,2825.48
Very Low,Iran,South Pars Condensate,2015,500
Very Low,Egypt,Western Desert Blend,2015,228
Very Low,China,Shengli,2015,554.23
Very Low,Brazil,Buzios,2015,7
Very Low,Abu Dhabi,Upper Zakum,2015,614
Low,United States,"Mars Blend, Bakken",2015,1338.3
Low,Saudi Arabia,Arab Heavy,2015,1600
Low,Norway,Skarv,2015,52.92
Low,Nigeria,"Bonny Light, Bonga, Akpo Blend",2015,531.8
Low,Mexico,Isthmus,2015,838
Low,Kazakhstan,Tengiz,2015,73.48
Low,Egypt,Belayim Blend,2015,96
Low,Dubai,Dubai,2015,26.58
Low,China,"Peng Lai, Daqing",2015,840.34
Low,Brazil,"Atapu, Sapinhoa",2015,190
Medium,United States,"Thunder Horse, Alaska North Slope, Eagle Ford",2015,2168.8
Medium,United Kingdom,Forties Blend,2015,414.54
Medium,Turkmenistan,Cheleken,2015,92.65
Medium,Syria,"Syrian Light, Souedieh",2015,59.5
Medium,Saudi Arabia,Arab Extra Light,2015,1350
Medium,Russia,"Siberian Light, Sokol, Sakhalin Blend, Urals",2015,9887.56
Medium,Qatar,"Dukhan, Qatar Marine",2015,415
Medium,Norway,"Asgard Blend, Oseberg, Troll",2015,457.66
Medium,Nigeria,Amenam Blend,2015,68.5
Medium,Neutral Zone,Wafra,2015,46.9
Medium,Libya,Bouri,2015,40
Medium,Iran,Foroozan Blend,2015,220
Medium,Ghana,Jubilee,2015,106.71
Medium,Equatorial Guinea,"New Zafiro, Alba Condensate",2015,114.54
Medium,Ecuador,Napo,2015,170.02
Medium,Denmark,Danish Crude Blend,2015,129.62
Medium,Congo (Brazzaville),Djeno,2015,156.68
Medium,Canada,Hibernia,2015,90.52
Medium,Brazil,"Jubarte, Frade, Tupi, Roncador",2015,874.29
Medium,Azerbaijan,Azeri Light,2015,92
Medium,Australia,Gippsland,2015,33.59
Medium,Argentina,Escalante,2015,149.97
Medium,Angola,"Hungo, Girassol, Cabinda, Dalia, Mondo, Nemba, Pazflor, Sangos",2015,1093.38
Medium,Abu Dhabi,Murban,2015,1600
High,Vietnam,"Bach Ho, Su Tu Den",2015,170
High,United States,"West Texas Intermediate, West Texas Sour",2015,1154.74
High,Nigeria,"Usan, Agbami, Forcados, Erha, Okono Blend",2015,645
High,Mexico,Maya,2015,1152
High,Malaysia,Tapis,2015,103.3
High,Libya,"Es Sider, El-Sharara, Amna",2015,59
High,Iraq,"Basrah Light, Kirkuk, Basrah Heavy",2015,3996
High,Iran,Nowruz-Soroush,2015,80
High,Egypt,Suez Blend,2015,60.3
High,Ecuador,Oriente,2015,366.22
High,China,"Changqing, Nanhai Light, Panyu",2015,571.13
High,Chad,Doba,2015,132
High,Brazil,Marlim,2015,448
High,Australia,Pyrenees,2015,32.92
High,Angola,"Kissanje Blend, Plutonio",2015,295.69
High,Algeria,"Algerian Condensate, Saharan Blend",2015,1062.87
Very High,Venezuela,"Merey-16, Santa Barbara, Hamaca, Boscan",2015,763.81
Very High,Nigeria,"Qua Iboe, Escravos, Brass River",2015,626
Very High,Malaysia,"Miri, Kimanis",2015,205
Very High,Libya,"Sirtica, Sarir, Mellitah, Abu Attifel, Brega, Zueitina",2015,284
Very High,Iran,"Iran Light, Iran Heavy",2015,2112
Very High,Indonesia,"Minas, Duri",2015,252.51
Very High,Gabon,"Rabi Light, Oguendjo Blend",2015,99
Very High,Colombia,Castilla,2015,348
Very High,Canada,"Cold Lake Blend, Syncrude Sweet Premium",2015,806.5
Very High,Australia,Northwest Shelf Condensate,2015,92.99
Very Low,United Kingdom,Clair,2016,20
Very Low,Saudi Arabia,"Arab Light, Arab Medium",2016,7100
Very Low,Norway,"Ekofisk Blend, Gullfaks Blend, Heidrun, Statfjord Blend, Gudrun Blend",2016,662.76
Very Low,Kuwait,Kuwait,2016,2954.27
Very Low,Iran,South Pars Condensate,2016,630
Very Low,Egypt,Western Desert Blend,2016,292.2
Very Low,China,Shengli,2016,480
Very Low,Brazil,Buzios,2016,9
Very Low,Abu Dhabi,Upper Zakum,2016,660
Low,United States,"Bakken, Mars Blend",2016,1238
Low,United Kingdom,Flotta Gold,2016,89
Low,Saudi Arabia,Arab Heavy,2016,1800
Low,Norway,Skarv,2016,39.58
Low,Nigeria,"Akpo Blend, Bonga, Bonny Light",2016,529.58
Low,Mexico,Isthmus,2016,785
Low,Kazakhstan,Tengiz,2016,24.71
Low,Egypt,Belayim Blend,2016,88
Low,Dubai,Dubai,2016,25.65
Low,China,"Daqing, Peng Lai",2016,799.51
Low,Brazil,"Sapinhoa, Sepia",2016,236
Medium,United States,"Eagle Ford, Alaska North Slope, Thunder Horse",2016,1790.35
Medium,United Kingdom,Forties Blend,2016,421
Medium,Turkmenistan,Cheleken,2016,90.3
Medium,Syria,"Souedieh, Syrian Light",2016,31.5
Medium,Saudi Arabia,Arab Extra Light,2016,1310
Medium,Russia,"Urals, Sakhalin Blend, Sokol, Siberian Light",2016,10146.31
Medium,Qatar,"Qatar Marine, Dukhan",2016,376.27
Medium,Norway,"Troll, Oseberg, Asgard Blend",2016,435.58
Medium,Nigeria,Amenam Blend,2016,76.82
Medium,Neutral Zone,Wafra,2016,0
Medium,Libya,Bouri,2016,40
Medium,Iran,Foroozan Blend,2016,242
Medium,Ghana,Jubilee,2016,77.87
Medium,Equatorial Guinea,"Alba Condensate, New Zafiro",2016,113.75
Medium,Ecuador,Napo,2016,167.14
Medium,Denmark,Danish Crude Blend,2016,114.76
Medium,Congo (Brazzaville),Djeno,2016,153.42
Medium,Canada,Hibernia,2016,136.37
Medium,Brazil,"Roncador, Tupi, Frade, Jubarte",2016,1040.43
Medium,Azerbaijan,Azeri Light,2016,92
Medium,Australia,Gippsland,2016,39.62
Medium,Argentina,Escalante,2016,142.84
Medium,Angola,"Sangos, Pazflor, Nemba, Mondo, Dalia, Cabinda, Girassol, Hungo, Olombendo",2016,1064.07
Medium,Abu Dhabi,Murban,2016,1620
High,Vietnam,"Su Tu Den, Bach Ho",2016,157.95
High,United States,"West Texas Sour, West Texas Intermediate",2016,1220
High,Nigeria,"Okono Blend, Erha, Forcados, Agbami, Usan",2016,508.05
High,Mexico,Maya,2016,1103
High,Malaysia,Tapis,2016,100
High,Libya,"Amna, El-Sharara, Es Sider",2016,72
High,Iraq,"Basrah Heavy, Kirkuk, Basrah Light",2016,4391
High,Iran,Nowruz-Soroush,2016,100
High,Egypt,Suez Blend,2016,67.7
High,Ecuador,Oriente,2016,363.09
High,China,"Panyu, Nanhai Light, Changqing",2016,534.09
High,Chad,Doba,2016,117
High,Brazil,Marlim,2016,405
High,Australia,"Pyrenees, Vincent",2016,44.84
High,Angola,"Plutonio, Kissanje Blend",2016,256.34
High,Algeria,"Saharan Blend, Algerian Condensate",2016,1046.9
Very High,Venezuela,"Boscan, Hamaca, Santa Barbara, Merey-16",2016,738.76
Very High,Nigeria,"Brass River, Escravos, Qua Iboe",2016,465.63
Very High,Malaysia,"Kimanis, Miri",2016,230
Very High,Libya,"Zueitina, Brega, Abu Attifel, Mellitah, Sarir, Sirtica",2016,287
Very High,Iran,"Iran Heavy, Iran Light",2016,2665
Very High,Indonesia,"Duri, Minas",2016,263
Very High,Gabon,"Oguendjo Blend, Rabi Light",2016,104.81
Very High,Colombia,Castilla,2016,360.07
Very High,Canada,"Syncrude Sweet Premium, Cold Lake Blend",2016,782.81
Very High,Australia,Northwest Shelf Condensate,2016,100.85
Very Low,United Kingdom,"Clair, Schiehallion Blend",2017,46
Very Low,Saudi Arabia,"Arab Medium, Arab Light",2017,7043
Very Low,Norway,"Gudrun Blend, Statfjord Blend, Heidrun, Gullfaks Blend, Ekofisk Blend",2017,614.01
Very Low,Kuwait,Kuwait,2017,2704.54
Very Low,Iran,South Pars Condensate,2017,560
Very Low,Egypt,Western Desert Blend,2017,300
Very Low,China,Shengli,2017,474.82
Very Low,Brazil,Buzios,2017,2
Very Low,Abu Dhabi,Upper Zakum,2017,700
Low,United States,"Mars Blend, Bakken",2017,1234.2
Low,United Kingdom,Flotta Gold,2017,95
Low,Saudi Arabia,Arab Heavy,2017,1348
Low,Norway,Skarv,2017,27.67
Low,Nigeria,"Bonny Light, Bonga, Akpo Blend",2017,476.98
Low,Mexico,Isthmus,2017,689
Low,Kazakhstan,Tengiz,2017,623.07
Low,Egypt,Belayim Blend,2017,88
Low,Dubai,Dubai,2017,24.83
Low,China,"Peng Lai, Daqing",2017,744.01
Low,Brazil,"Mero, Sapinhoa",2017,254.51
Medium,United States,"Thunder Horse, Alaska North Slope, Eagle Ford",2017,1898.94
Medium,United Kingdom,Forties Blend,2017,408
Medium,Turkmenistan,Cheleken,2017,83.95
Medium,Syria,"Syrian Light, Souedieh",2017,37
Medium,Saudi Arabia,Arab Extra Light,2017,1310
Medium,Russia,"Siberian Light, Sokol, Sakhalin Blend, Urals",2017,9982.62
Medium,Qatar,"Dukhan, Qatar Marine",2017,342.55
Medium,Norway,"Asgard Blend, Oseberg, Troll",2017,412.17
Medium,Nigeria,Amenam Blend,2017,91.84
Medium,Neutral Zone,Wafra,2017,0
Medium,Libya,Bouri,2017,37
Medium,Iran,Foroozan Blend,2017,242
Medium,Ghana,"Jubilee, Sankofa",2017,102.64
Medium,Equatorial Guinea,"New Zafiro, Alba Condensate",2017,96.21
Medium,Ecuador,Napo,2017,164.08
Medium,Denmark,Danish Crude Blend,2017,115.51
Medium,Congo (Brazzaville),Djeno,2017,189.04
Medium,Canada,Hibernia,2017,145.31
Medium,Brazil,"Jubarte, Frade, Tupi, Roncador",2017,1201.17
Medium,Azerbaijan,Azeri Light,2017,76.71
Medium,Australia,Gippsland,2017,34.16
Medium,Argentina,Escalante,2017,132.35
Medium,Angola,"Olombendo, Hungo, Girassol, Cabinda, Dalia, Mondo, Nemba, Pazflor, Sangos",2017,1034.78
Medium,Abu Dhabi,"Murban, Umm Lulu",2017,1524
High,Vietnam,"Bach Ho, Su Tu Den",2017,121.29
High,United States,"West Texas Intermediate, West Texas Sour",2017,1360
High,Nigeria,"Usan, Agbami, Forcados, Erha, Okono Blend",2017,619.1
High,Mexico,Maya,2017,1049
High,Malaysia,Tapis,2017,83
High,Libya,"Es Sider, El-Sharara, Amna",2017,424
High,Iraq,"Basrah Light, Kirkuk, Basrah Heavy",2017,4421.58
High,Iran,Nowruz-Soroush,2017,103
High,Egypt,Suez Blend,2017,64.33
High,Ecuador,Oriente,2017,359.14
High,Colombia,Vasconia,2017,232.4
High,China,"Changqing, Nanhai Light, Panyu",2017,525.3
High,Chad,Doba,2017,99
High,Brazil,Marlim,2017,373.14
High,Australia,"Vincent, Pyrenees",2017,43.46
High,Angola,"Kissanje Blend, Plutonio",2017,211.36
High,Algeria,"Algerian Condensate, Saharan Blend",2017,981.5
Very High,Venezuela,"Merey-16, Santa Barbara, Hamaca, Boscan",2017,695.58
Very High,Nigeria,"Qua Iboe, Escravos, Brass River",2017,482.27
Very High,Malaysia,"Miri, Kimanis",2017,267.9
Very High,Libya,"Sirtica, Sarir, Mellitah, Abu Attifel, Brega, Zueitina",2017,333
Very High,Iran,"Iran Light, Iran Heavy",2017,2875
Very High,Indonesia,"Minas, Duri",2017,226
Very High,Gabon,"Rabi Light, Oguendjo Blend",2017,91.5
Very High,Colombia,Castilla,2017,349
Very High,Canada,"Cold Lake Blend, Syncrude Sweet Premium",2017,821.15
Very High,Australia,Northwest Shelf Condensate,2017,89.88
Very Low,United Kingdom,"Schiehallion Blend, Clair",2018,114
Very Low,Saudi Arabia,"Arab Light, Arab Medium",2018,7368
Very Low,Norway,"Ekofisk Blend, Gullfaks Blend, Heidrun, Statfjord Blend, Gudrun Blend",2018,600.91
Very Low,Kuwait,Kuwait,2018,2651.38
Very Low,Iran,South Pars Condensate,2018,660
Very Low,Egypt,Western Desert Blend,2018,318
Very Low,China,Shengli,2018,470.12
Very Low,Brazil,Buzios,2018,33
Very Low,Australia,Wheatstone Condensate,2018,29.27
Very Low,Abu Dhabi,Upper Zakum,2018,700
Low,United States,"Bakken, Mars Blend",2018,1488.23
Low,United Kingdom,Flotta Gold,2018,65
Low,Saudi Arabia,Arab Heavy,2018,1348
Low,Norway,Skarv,2018,26.42
Low,Nigeria,"Akpo Blend, Bonga, Bonny Light, Egina",2018,470.15
Low,Mexico,Isthmus,2018,553
Low,Kuwait,Kuwait Export Heavy,2018,12
Low,Kazakhstan,Tengiz,2018,621.43
Low,Egypt,Belayim Blend,2018,70
Low,Dubai,Dubai,2018,23.92
Low,China,"Daqing, Peng Lai",2018,703.85
Low,Canada,Hebron,2018,61
Low,Brazil,"Sapinhoa, Mero, Sururu",2018,281
Medium,United States,"Eagle Ford, Alaska North Slope, Thunder Horse",2018,2000.33
Medium,United Kingdom,Forties Blend,2018,376
Medium,Turkmenistan,Cheleken,2018,90
Medium,Syria,"Souedieh, Syrian Light",2018,64
Medium,Saudi Arabia,Arab Extra Light,2018,1350
Medium,Russia,"Urals, Sakhalin Blend, Sokol, Siberian Light",2018,9839.05
Medium,Qatar,"Qatar Marine, Dukhan",2018,337.3
Medium,Norway,"Troll, Oseberg, Asgard Blend",2018,363.42
Medium,Nigeria,Amenam Blend,2018,117.1
Medium,Neutral Zone,Wafra,2018,0
Medium,Libya,Bouri,2018,37
Medium,Kuwait,Kuwait Super Light,2018,73.8
Medium,Iran,Foroozan Blend,2018,190
Medium,Ghana,"Sankofa, Jubilee",2018,109.31
Medium,Equatorial Guinea,"Alba Condensate, New Zafiro",2018,84.24
Medium,Ecuador,Napo,2018,167.58
Medium,Denmark,Danish Crude Blend,2018,97.24
Medium,Congo (Brazzaville),Djeno,2018,249.53
Medium,Canada,Hibernia,2018,112.52
Medium,Brazil,"Roncador, Tupi, Frade, Jubarte",2018,1260.8
Medium,Azerbaijan,Azeri Light,2018,76.71
Medium,Australia,Gippsland,2018,30.36
Medium,Argentina,Escalante,2018,146.6
Medium,Angola,"Sangos, Pazflor, Nemba, Mondo, Dalia, Cabinda, Girassol, Hungo, Olombendo",2018,954.82
Medium,Abu Dhabi,"Umm Lulu, Murban",2018,1552
High,Vietnam,"Su Tu Den, Bach Ho",2018,111.84
High,United States,"West Texas Sour, West Texas Intermediate (Midland), West Texas Intermediate",2018,4004
High,Nigeria,"Okono Blend, Erha, Forcados, Agbami, Usan",2018,628.87
High,Mexico,Maya,2018,1073
High,Malaysia,Tapis,2018,83
High,Libya,"Amna, El-Sharara, Es Sider",2018,476
High,Iraq,"Basrah Heavy, Kirkuk, Basrah Light",2018,4416.96
High,Iran,Nowruz-Soroush,2018,103
High,Egypt,Suez Blend,2018,61.8
High,Ecuador,Oriente,2018,344.03
High,Colombia,Vasconia,2018,227.62
High,China,"Panyu, Nanhai Light, Changqing",2018,533.22
High,Chad,Doba,2018,114.52
High,Brazil,Marlim,2018,343
High,Australia,"Pyrenees, Vincent",2018,25.53
High,Angola,"Plutonio, Kissanje Blend",2018,176.91
High,Algeria,"Saharan Blend, Algerian Condensate",2018,974.72
Very High,Venezuela,"Boscan, Hamaca, Santa Barbara, Merey-16",2018,632.94
Very High,Nigeria,"Brass River, Escravos, Qua Iboe",2018,495.6
Very High,Malaysia,"Kimanis, Miri",2018,265.86
Very High,Libya,"Zueitina, Brega, Abu Attifel, Mellitah, Sarir, Sirtica",2018,363
Very High,Iran,"Iran Heavy, Iran Light",2018,2669
Very High,Indonesia,"Duri, Minas",2018,206
Very High,Gabon,"Oguendjo Blend, Rabi Light",2018,90.5
Very High,Colombia,Castilla,2018,394.5
Very High,Canada,"Syncrude Sweet Premium, Cold Lake Blend",2018,860.06
Very High,Australia,Northwest Shelf Condensate,2018,93.32
Very Low,United Kingdom,"Clair, Schiehallion Blend",2019,138
Very Low,Saudi Arabia,"Arab Medium, Arab Light",2019,7114.69
Very Low,Norway,"Gudrun Blend, Johan Sverdrup, Statfjord Blend, Heidrun, Gullfaks Blend, Ekofisk Blend",2019,603.75
Very Low,Kuwait,Kuwait,2019,2557.13
Very Low,Iran,South Pars Condensate,2019,650
Very Low,Egypt,Western Desert Blend,2019,333
Very Low,China,Shengli,2019,470.12
Very Low,Brazil,Buzios,2019,250.89
Very Low,Australia,Wheatstone Condensate,2019,48.85
Very Low,Abu Dhabi,Upper Zakum,2019,700
Low,United States,"Mars Blend, Bakken",2019,1687.58
Low,United Kingdom,Flotta Gold,2019,57
Low,Saudi Arabia,Arab Heavy,2019,1690.44
Low,Norway,Skarv,2019,22
Low,Nigeria,"Egina, Bonny Light, Bonga, Akpo Blend",2019,633.23
Low,Mexico,Isthmus,2019,482
Low,Kuwait,Kuwait Export Heavy,2019,11
Low,Kazakhstan,Tengiz,2019,646.61
Low,Egypt,Belayim Blend,2019,70
Low,Dubai,Dubai,2019,23.58
Low,China,"Peng Lai, Daqing",2019,679.18
Low,Canada,Hebron,2019,111.57
Low,Brazil,"Sururu, Mero, Sapinhoa",2019,285.05
Low,Australia,Ichthys Condensate,2019,59.18
Medium,United States,"Thunder Horse, Alaska North Slope, Eagle Ford",2019,1934
Medium,United Kingdom,Forties Blend,2019,350
Medium,Turkmenistan,Cheleken,2019,90
Medium,Syria,"Syrian Light, Souedieh",2019,89
Medium,Saudi Arabia,Arab Extra Light,2019,1030.58
Medium,Russia,"Siberian Light, Sokol, Sakhalin Blend, Urals",2019,9219.34
Medium,Qatar,"Dukhan, Qatar Marine",2019,321.75
Medium,Norway,"Asgard Blend, Oseberg, Troll",2019,353.67
Medium,Nigeria,Amenam Blend,2019,91.1
Medium,Neutral Zone,Wafra,2019,0
Medium,Libya,Bouri,2019,37
Medium,Kuwait,Kuwait Super Light,2019,108.01
Medium,Iran,Foroozan Blend,2019,55
Medium,Guyana,Liza,2019,0
Medium,Ghana,"Jubilee, Sankofa",2019,130.13
Medium,Equatorial Guinea,"New Zafiro, Alba Condensate",2019,82.8
Medium,Ecuador,Napo,2019,186.49
Medium,Denmark,Danish Crude Blend,2019,84.99
Medium,Congo (Brazzaville),Djeno,2019,252.05
Medium,Canada,Hibernia,2019,101.96
Medium,Brazil,"Jubarte, Tupi, Roncador, Frade",2019,1379.26
Medium,Azerbaijan,Azeri Light,2019,76.71
Medium,Australia,Gippsland,2019,27.26
Medium,Argentina,Escalante,2019,149.11
Medium,Angola,"Olombendo, Mostarda, Hungo, Girassol, Cabinda, Dalia, Mondo, Nemba, Pazflor, Sangos",2019,873.56
Medium,Abu Dhabi,"Murban, Umm Lulu",2019,1633
High,Vietnam,"Bach Ho, Su Tu Den",2019,89
High,United States,"West Texas Intermediate, West Texas Intermediate (Midland), West Texas Sour",2019,4481
High,Nigeria,"Usan, Agbami, Forcados, Erha",2019,543.22
High,Mexico,Maya,2019,1061
High,Malaysia,Tapis,2019,90
High,Libya,"Es Sider, El-Sharara, Amna",2019,660
High,Iraq,"Basrah Light, Kirkuk, Basrah Heavy",2019,4528.72
High,Iran,Nowruz-Soroush,2019,35
High,Egypt,Suez Blend,2019,62.3
High,Ecuador,Oriente,2019,341.98
High,Colombia,Vasconia,2019,223
High,China,"Changqing, Nanhai Light, Panyu",2019,534.75
High,Chad,Doba,2019,124.93
High,Brazil,Marlim,2019,264.69
High,Australia,"Vincent, Pyrenees",2019,60.6
High,Angola,"Kissanje Blend, Plutonio",2019,131.88
High,Algeria,"Algerian Condensate, Saharan Blend",2019,943.97
Very High,Venezuela,"Merey-16, Santa Barbara, Hamaca, Boscan",2019,535
Very High,Nigeria,"Qua Iboe, Escravos, Brass River",2019,480.58
Very High,Malaysia,"Miri, Kimanis",2019,247.49
Very High,Libya,"Sirtica, Sarir, Mellitah, Abu Attifel, Brega, Zueitina",2019,420
Very High,Iran,"Iran Light, Iran Heavy",2019,1933
Very High,Indonesia,"Minas, Duri",2019,190
Very High,Gabon,"Rabi Light, Oguendjo Blend",2019,93.59
Very High,Colombia,Castilla,2019,429.02
Very High,Canada,"Cold Lake Blend, Syncrude Sweet Premium",2019,869.05
Very High,Australia,Northwest Shelf Condensate,2019,90.41
Very Low,United Kingdom,"Schiehallion Blend, Clair",2020,134
Very Low,Saudi Arabia,"Arab Light, Arab Medium",2020,6610
Very Low,Norway,"Ekofisk Blend, Gullfaks Blend, Heidrun, Statfjord Blend, Johan Sverdrup, Gudrun Blend",2020,942.59
Very Low,Kuwait,Kuwait,2020,2222.59
Very Low,Iran,South Pars Condensate,2020,650
Very Low,Egypt,Western Desert Blend,2020,308.6
Very Low,China,Shengli,2020,475
Very Low,Brazil,Buzios,2020,513.03
Very Low,Australia,Wheatstone Condensate,2020,51.93
Very Low,Abu Dhabi,Upper Zakum,2020,645
Low,United States,"Bakken, Mars Blend",2020,1436.33
Low,United Kingdom,Flotta Gold,2020,51
Low,Saudi Arabia,Arab Heavy,2020,1513.71
Low,Norway,Skarv,2020,20.92
Low,Nigeria,"Akpo Blend, Bonga, Bonny Light, Egina",2020,551.84
Low,Mexico,Isthmus,2020,469
Low,Kuwait,Kuwait Export Heavy,2020,17.86
Low,Kazakhstan,Tengiz,2020,572.87
Low,Egypt,Belayim Blend,2020,66.5
Low,Dubai,Dubai,2020,22.75
Low,China,"Daqing, Peng Lai",2020,662
Low,Canada,Hebron,2020,141.18
Low,Brazil,"Sapinhoa, Mero, Sururu, Atapu",2020,329.38
Low,Australia,Ichthys Condensate,2020,69.04
Medium,United States,"Eagle Ford, Alaska North Slope, Thunder Horse",2020,1778
Medium,United Kingdom,Forties Blend,2020,311
Medium,Turkmenistan,Cheleken,2020,80
Medium,Syria,"Souedieh, Syrian Light",2020,130
Medium,Saudi Arabia,Arab Extra Light,2020,1035.77
Medium,Russia,"Urals, Sakhalin Blend, Sokol, Siberian Light",2020,8390.82
Medium,Qatar,"Qatar Marine, Dukhan",2020,335.92
Medium,Norway,"Troll, Oseberg, Asgard Blend",2020,339.41
Medium,Nigeria,Amenam Blend,2020,85.07
Medium,Neutral Zone,Wafra,2020,22
Medium,Libya,Bouri,2020,33
Medium,Kuwait,Kuwait Super Light,2020,140.98
Medium,Iraq,Basrah Medium,2020,0
Medium,Iran,Foroozan Blend,2020,20
Medium,Guyana,Liza,2020,74.64
Medium,Ghana,"Sankofa, Jubilee",2020,129.76
Medium,Equatorial Guinea,"Alba Condensate, New Zafiro",2020,84.84
Medium,Ecuador,Napo,2020,160.65
Medium,Denmark,Danish Crude Blend,2020,59.4
Medium,Congo (Brazzaville),Djeno,2020,226.23
Medium,Canada,Hibernia,2020,117.84
Medium,Brazil,"Frade, Roncador, Tupi, Jubarte",2020,1367.9
Medium,Azerbaijan,Azeri Light,2020,84.7
Medium,Australia,Gippsland,2020,24.4
Medium,Argentina,Escalante,2020,142.5
Medium,Angola,"Sangos, Pazflor, Nemba, Mondo, Dalia, Cabinda, Girassol, Hungo, Mostarda, Olombendo",2020,826.36
Medium,Abu Dhabi,"Umm Lulu, Murban",2020,1465.42
High,Vietnam,"Su Tu Den, Bach Ho",2020,93.02
High,United States,"West Texas Sour, West Texas Intermediate (Midland), West Texas Intermediate",2020,4248
High,Nigeria,"Erha, Forcados, Agbami, Usan",2020,492.37
High,Mexico,Maya,2020,1039
High,Malaysia,Tapis,2020,86.67
High,Libya,"Amna, El-Sharara, Es Sider",2020,186
High,Iraq,"Basrah Heavy, Kirkuk, Basrah Light",2020,3919.66
High,Iran,Nowruz-Soroush,2020,15
High,Egypt,Suez Blend,2020,59.2
High,Ecuador,Oriente,2020,310.07
High,Colombia,Vasconia,2020,144
High,China,"Panyu, Nanhai Light, Changqing",2020,558.16
High,Chad,Doba,2020,132.4
High,Brazil,Marlim,2020,212.54
High,Australia,"Pyrenees, Vincent",2020,53.12
High,Angola,"Plutonio, Kissanje Blend",2020,117.42
High,Algeria,"Saharan Blend, Algerian Condensate",2020,836.83
Very High,Venezuela,"Boscan, Hamaca, Santa Barbara, Merey-16",2020,451
Very High,Nigeria,"Brass River, Escravos, Qua Iboe",2020,411.49
Very High,Malaysia,"Kimanis, Miri",2020,159.86
Very High,Libya,"Zueitina, Brega, Abu Attifel, Mellitah, Sarir, Sirtica",2020,140
Very High,Iran,"Iran Heavy, Iran Light",2020,1733
Very High,Indonesia,"Duri, Minas",2020,174
Very High,Gabon,"Oguendjo Blend, Rabi Light",2020,85.52
Very High,Colombia,Castilla,2020,427.34
Very High,Canada,"Syncrude Sweet Premium, Cold Lake Blend",2020,898.91
Very High,Australia,Northwest Shelf Condensate,2020,80.66
Very Low,United Kingdom,"Clair, Schiehallion Blend",2021,125
Very Low,Saudi Arabia,"Arab Light, Arab Medium",2021,6416.7
Very Low,Norway,"Gullfaks Blend, Heidrun, Ekofisk Blend, Gudrun Blend, Statfjord Blend, Johan Sverdrup",2021,1053.68
Very Low,Kuwait,Kuwait,2021,2138
Very Low,Iran,South Pars Condensate,2021,680
Very Low,Egypt,Western Desert Blend,2021,277.65
Very Low,China,Shengli,2021,469.92
Very Low,Brazil,Buzios,2021,549.92
Very Low,Australia,Wheatstone Condensate,2021,36.88
Very Low,Abu Dhabi,Upper Zakum,2021,757
Low,United States,"Mars Blend, Bakken",2021,1339.67
Low,United Kingdom,Flotta Gold,2021,50
Low,Saudi Arabia,Arab Heavy,2021,1472.06
Low,Norway,Skarv,2021,26.25
Low,Nigeria,"Akpo Blend, Bonga, Bonny Light, Egina",2021,433.04
Low,Mexico,Isthmus,2021,532
Low,Kuwait,Kuwait Export Heavy,2021,38.35
Low,Kazakhstan,Tengiz,2021,576.65
Low,Egypt,Belayim Blend,2021,63.18
Low,Dubai,Dubai,2021,22
Low,China,"Peng Lai, Daqing",2021,667.47
Low,Canada,Hebron,2021,138.53
Low,Brazil,"Atapu, Sururu, Sapinhoa, Mero, Sepia",2021,448.58
Low,Australia,Ichthys Condensate,2021,73.97
Medium,United States,"Eagle Ford, Thunder Horse, Alaska North Slope",2021,1577
Medium,United Kingdom,Forties Blend,2021,224
Medium,Turkmenistan,Cheleken,2021,80
Medium,Syria,"Souedieh, Syrian Light",2021,140
Medium,Saudi Arabia,Arab Extra Light,2021,1160.81
Medium,Russia,"Sakhalin Blend, Urals, Siberian Light, Sokol",2021,7906.47
Medium,Qatar,"Dukhan, Qatar Marine",2021,298.95
Medium,Norway,"Troll, Asgard Blend, Oseberg",2021,311.08
Medium,Nigeria,Amenam Blend,2021,65.07
Medium,Neutral Zone,Wafra,2021,60
Medium,Libya,Bouri,2021,33
Medium,Kuwait,Kuwait Super Light,2021,139.29
Medium,Iraq,Basrah Medium,2021,1342
Medium,Iran,Foroozan Blend,2021,35
Medium,Guyana,Liza,2021,113.3
Medium,Ghana,"Jubilee, Sankofa",2021,117.12
Medium,Equatorial Guinea,"New Zafiro, Alba Condensate",2021,69.46
Medium,Ecuador,Napo,2021,152.26
Medium,Denmark,Danish Crude Blend,2021,56
Medium,Congo (Brazzaville),Djeno,2021,204.4
Medium,Canada,Hibernia,2021,99.11
Medium,Brazil,"Frade, Roncador, Tupi, Jubarte",2021,1262.88
Medium,Azerbaijan,Azeri Light,2021,84.93
Medium,Australia,Gippsland,2021,23.21
Medium,Argentina,Escalante,2021,139.18
Medium,Angola,"Sangos, Nemba, Cabinda, Dalia, Girassol, Hungo, Olombendo, Pazflor, Mostarda",2021,748.9
Medium,Abu Dhabi,"Murban, Umm Lulu",2021,1288
High,Vietnam,"Bach Ho, Su Tu Den",2021,96.01
High,United States,"West Texas Intermediate (Midland), West Texas Intermediate, West Texas Sour",2021,4702
High,Nigeria,"Agbami, Forcados, Erha, Usan",2021,407.55
High,Mexico,Maya,2021,1002
High,Malaysia,Tapis,2021,83.33
High,Libya,"El-Sharara, Es Sider, Amna",2021,696
High,Iraq,"Kirkuk, Basrah Light, Basrah Heavy",2021,2598
High,Iran,Nowruz-Soroush,2021,25
High,Egypt,Suez Blend,2021,55.4
High,Ecuador,Oriente,2021,299.76
High,Colombia,Vasconia,2021,110.03
High,China,"Changqing, Nanhai Light, Panyu",2021,573.48
High,Chad,Doba,2021,122.33
High,Brazil,Marlim,2021,197.36
High,Australia,"Vincent, Pyrenees",2021,44.68
High,Angola,"Kissanje Blend, Plutonio",2021,108.15
High,Algeria,"Algerian Condensate, Saharan Blend",2021,859.14
Very High,Venezuela,"Merey-16, Boscan, Hamaca, Santa Barbara",2021,429
Very High,Nigeria,"Brass River, Qua Iboe, Escravos",2021,336.49
Very High,Malaysia,"Miri, Kimanis",2021,166.82
Very High,Libya,"Brega, Mellitah, Abu Attifel, Zueitina, Sarir, Sirtica",2021,409.9
Very High,Iran,"Iran Heavy, Iran Light",2021,2053
Very High,Indonesia,"Minas, Duri",2021,160
Very High,Gabon,"Rabi Light, Oguendjo Blend",2021,82.94
Very High,Colombia,Castilla,2021,355.06
Very High,Canada,"Syncrude Sweet Premium, Cold Lake Blend",2021,911.93
Very High,Australia,Northwest Shelf Condensate,2021,59.4
Very Low,United Kingdom,"Schiehallion Blend, Clair",2022,123
Very Low,Saudi Arabia,"Arab Light, Arab Medium",2022,7420.97
Very Low,Norway,"Ekofisk Blend, Gullfaks Blend, Heidrun, Statfjord Blend, Gudrun Blend, Johan Sverdrup",2022,1029.24
Very Low,Kuwait,Kuwait,2022,2353.28
Very Low,Iran,South Pars Condensate,2022,700
Very Low,Egypt,Western Desert Blend,2022,238
Very Low,China,Shengli,2022,454.79
Very Low,Brazil,Buzios,2022,563.87
Very Low,Australia,Wheatstone Condensate,2022,33
Very Low,Abu Dhabi,Upper Zakum,2022,900
Low,United States,"Bakken, Mars Blend",2022,1293
Low,United Kingdom,Flotta Gold,2022,41
Low,Saudi Arabia,Arab Heavy,2022,1945.2
Low,Norway,Skarv,2022,25
Low,Nigeria,"Akpo Blend, Bonga, Bonny Light, Egina",2022,348.17
Low,Mexico,Isthmus,2022,503
Low,Kuwait,Kuwait Export Heavy,2022,74.44
Low,Kazakhstan,Tengiz,2022,633.29
Low,Egypt,Belayim Blend,2022,64.44
Low,Dubai,Dubai,2022,21
Low,China,"Daqing, Peng Lai",2022,663.69
Low,Canada,Hebron,2022,137.82
Low,Brazil,"Sepia, Mero, Sururu, Atapu, Sapinhoa",2022,711.08
Low,Australia,Ichthys Condensate,2022,51.3
Medium,United States,"Eagle Ford, Thunder Horse, Alaska North Slope",2022,1589
Medium,United Kingdom,Forties Blend,2022,238
Medium,Turkmenistan,Cheleken,2022,79
Medium,Syria,"Souedieh, Syrian Light",2022,160
Medium,Saudi Arabia,Arab Extra Light,2022,1133.71
Medium,Russia,"Urals, Sokol, Sakhalin Blend, Siberian Light",2022,8182.83
Medium,Qatar,"Dukhan, Qatar Marine",2022,311.08
Medium,Norway,"Asgard Blend, Troll, Oseberg",2022,290.09
Medium,Nigeria,Amenam Blend,2022,75.75
Medium,Neutral Zone,Wafra,2022,55
Medium,Libya,Bouri,2022,28
Medium,Kuwait,Kuwait Super Light,2022,155.2
Medium,Iraq,Basrah Medium,2022,2541
Medium,Iran,Foroozan Blend,2022,40
Medium,Guyana,Liza,2022,128
Medium,Ghana,"Jubilee, Sankofa",2022,114.52
Medium,Equatorial Guinea,"Alba Condensate, New Zafiro",2022,54.23
Medium,Ecuador,Napo,2022,150.69
Medium,Denmark,Danish Crude Blend,2022,55.92
Medium,Congo (Brazzaville),Djeno,2022,189.3
Medium,Canada,Hibernia,2022,74.9
Medium,Brazil,"Jubarte, Tupi, Frade, Roncador",2022,1137.15
Medium,Azerbaijan,Azeri Light,2022,19.2
Medium,Australia,Gippsland,2022,21
Medium,Argentina,Escalante,2022,139.07
Medium,Angola,"Nemba, Girassol, Hungo, Sangos, Olombendo, Mostarda, Cabinda, Dalia, Pazflor",2022,715.76
Medium,Abu Dhabi,"Murban, Umm Lulu",2022,1441
High,Vietnam,"Bach Ho, Su Tu Den",2022,94.18
High,United States,"West Texas Intermediate (Midland), West Texas Intermediate, West Texas Sour",2022,5184
High,Nigeria,"Forcados, Usan, Agbami, Erha",2022,353.57
High,Mexico,Maya,2022,934
High,Malaysia,Tapis,2022,70.4
High,Libya,"Amna, El-Sharara, Es Sider",2022,592
High,Iraq,"Kirkuk, Basrah Light, Basrah Heavy, Kurdish crude",2022,1816
High,Iran,Nowruz-Soroush,2022,25
High,Egypt,Suez Blend,2022,56.8
High,Ecuador,Oriente,2022,319.04
High,Colombia,Vasconia,2022,212
High,China,"Nanhai Light, Panyu, Changqing",2022,579.31
High,Chad,Doba,2022,122
High,Brazil,Marlim,2022,169.8
High,Australia,"Vincent, Pyrenees",2022,45
High,Angola,"Kissanje Blend, Plutonio",2022,127.7
High,Algeria,"Algerian Condensate, Saharan Blend",2022,936.75
Very High,Venezuela,"Merey-16, Santa Barbara, Boscan, Hamaca",2022,409
Very High,Nigeria,"Escravos, Brass River, Qua Iboe",2022,306.93
Very High,Malaysia,"Kimanis, Miri",2022,131.82
Very High,Libya,"Brega, Abu Attifel, Mellitah, Sarir, Sirtica, Zueitina",2022,384.4
Very High,Iran,"Iran Heavy, Iran Light",2022,2053
Very High,Indonesia,"Duri, Minas",2022,157.95
Very High,Gabon,"Rabi Light, Oguendjo Blend",2022,79.21
Very High,Colombia,Castilla,2022,341
Very High,Canada,"Syncrude Sweet Premium, Cold Lake Blend",2022,937.73
Very High,Australia,Northwest Shelf Condensate,2022,61
Very Low,United Kingdom,"Schiehallion Blend, Clair",2023,113.48
Very Low,Saudi Arabia,"Arab Light, Arab Medium",2023,6525.53
Very Low,Norway,"Ekofisk Blend, Gullfaks Blend, Statfjord Blend, Johan Sverdrup, Heidrun, Gudrun Blend",2023,1207.41
Very Low,Kuwait,Kuwait,2023,2206.4
Very Low,Iran,South Pars Condensate,2023,700
Very Low,Egypt,Western Desert Blend,2023,228.4
Very Low,China,Shengli,2023,457.1
Very Low,Brazil,Buzios,2023,625.6
Very Low,Australia,Wheatstone Condensate,2023,31.5
Very Low,Abu Dhabi,Upper Zakum,2023,920
Low,United States,"Mars Blend, Bakken",2023,1405.5
Low,United Kingdom,Flotta Gold,2023,30.01
Low,Saudi Arabia,Arab Heavy,2023,1821.08
Low,Norway,Skarv,2023,20.75
Low,Nigeria,"Egina, Akpo Blend, Bonga, Bonny Light",2023,389
Low,Mexico,Isthmus,2023,453
Low,Kuwait,Kuwait Export Heavy,2023,81.54
Low,Kazakhstan,Tengiz,2023,627.03
Low,Egypt,Belayim Blend,2023,64
Low,Dubai,Dubai,2023,21
Low,China,"Peng Lai, Daqing",2023,675.81
Low,Canada,Hebron,2023,117.63
Low,Brazil,"Sapinhoa, Mero, Sururu, Atapu, Sepia",2023,834.09
Low,Australia,Ichthys Condensate,2023,50.9
Low,Argentina,Medanito,2023,382.87
Medium,United States,"Alaska North Slope, Eagle Ford, Thunder Horse",2023,1625
Medium,United Kingdom,Forties Blend,2023,191.78
Medium,Turkmenistan,Cheleken,2023,77
Medium,Syria,"Syrian Light, Souedieh",2023,120
Medium,Saudi Arabia,Arab Extra Light,2023,1213.77
Medium,Russia,"Urals, Siberian Light, Sokol, Sakhalin Blend",2023,8158.34
Medium,Qatar,"Qatar Marine, Dukhan",2023,312.7
Medium,Norway,"Oseberg, Troll, Asgard Blend",2023,247.17
Medium,Nigeria,Amenam Blend,2023,109.55
Medium,Neutral Zone,Wafra,2023,61
Medium,Libya,Bouri,2023,24.2
Medium,Kuwait,Kuwait Super Light,2023,163.45
Medium,Iraq,Basrah Medium,2023,2618
Medium,Iran,Foroozan Blend,2023,56
Medium,Guyana,Liza,2023,142
Medium,Ghana,"Sankofa, Jubilee",2023,112.29
Medium,Equatorial Guinea,"Alba Condensate, New Zafiro",2023,27.7
Medium,Ecuador,Napo,2023,154.2
Medium,Denmark,Danish Crude Blend,2023,51.37
Medium,Congo (Brazzaville),Djeno,2023,199.7
Medium,Canada,Hibernia,2023,67.98
Medium,Brazil,"Roncador, Frade, Jubarte, Tupi",2023,1193.06
Medium,Azerbaijan,Azeri Light,2023,2.74
Medium,Argentina,Escalante,2023,136.38
Medium,Angola,"Girassol, Hungo, Cabinda, Dalia, Sangos, Nemba, Pazflor, Olombendo, Mostarda",2023,696.01
Medium,Abu Dhabi,"Murban, Umm Lulu",2023,1300
High,Vietnam,"Su Tu Den, Bach Ho",2023,90.73
High,United States,"West Texas Intermediate, West Texas Sour, West Texas Intermediate (Midland)",2023,5942
High,Nigeria,"Forcados, Agbami, Erha, Usan",2023,422.98
High,Mexico,Maya,2023,970
High,Malaysia,Tapis,2023,73.6
High,Libya,"El-Sharara, Es Sider, Amna",2023,678.6
High,Iraq,"Kurdish crude, Basrah Heavy, Kirkuk",2023,1599
High,Iran,Nowruz-Soroush,2023,25
High,Egypt,Suez Blend,2023,72.8
High,Ecuador,Oriente,2023,295.1
High,Colombia,Vasconia,2023,211
High,China,"Changqing, Panyu",2023,573.64
High,Chad,Doba,2023,127
High,Brazil,Marlim,2023,164.9
High,Angola,"Plutonio, Kissanje Blend",2023,128.8
High,Algeria,"Algerian Condensate, Saharan Blend",2023,907.25
Very High,Venezuela,"Santa Barbara, Merey-16, Hamaca, Boscan",2023,524
Very High,Nigeria,"Escravos, Brass River, Qua Iboe",2023,286.9
Very High,Malaysia,"Kimanis, Miri",2023,135.22
Very High,Libya,"Brega, Mellitah, Zueitina, Sarir, Sirtica, Abu Attifel",2023,481.2
Very High,Iran,"Iran Heavy, Iran Light",2023,2299.36
Very High,Indonesia,"Duri, Minas",2023,159.27
Very High,Gabon,Rabi Light,2023,79.8
Very High,Colombia,Castilla,2023,417
Very High,Canada,"Cold Lake Blend, Syncrude Sweet Premium",2023,739.68
Very High,Australia,Northwest Shelf Condensate,2023,52
Very Low,United Kingdom,"Clair, Schiehallion Blend",2024,101
Very Low,Saudi Arabia,"Arab Light, Arab Medium",2024,6400.6
Very Low,Norway,"Gudrun Blend, Johan Sverdrup, Heidrun, Gullfaks Blend, Ekofisk Blend, Statfjord Blend",2024,1178.76
Very Low,Kuwait,Kuwait,2024,2013.04
Very Low,Iran,South Pars Condensate,2024,750
Very Low,Egypt,Western Desert Blend,2024,237
Very Low,China,Shengli,2024,473
Very Low,Brazil,Buzios,2024,639.4
Very Low,Australia,Wheatstone Condensate,2024,31.5
Very Low,Abu Dhabi,Upper Zakum,2024,906
Low,United States,"Mars Blend, Bakken",2024,1404
Low,United Kingdom,Flotta Gold,2024,31
Low,Saudi Arabia,Arab Heavy,2024,1476
Low,Norway,Skarv,2024,14
Low,Nigeria,"Akpo Blend, Bonga, Bonny Light, Egina",2024,424
Low,Mexico,Isthmus,2024,369
Low,Kuwait,Kuwait Export Heavy,2024,85.85
Low,Kazakhstan,Tengiz,2024,602.2
Low,Egypt,Belayim Blend,2024,55
Low,Dubai,Dubai,2024,21
Low,China,"Peng Lai, Daqing",2024,678
Low,Canada,Hebron,2024,144.7
Low,Brazil,"Sapinhoa, Sururu, Atapu, Sepia, Mero",2024,878.2
Low,Australia,Ichthys Condensate,2024,48.8
Low,Argentina,Medanito,2024,450
Medium,United States,"Alaska North Slope, Eagle Ford, Thunder Horse",2024,1642
Medium,United Kingdom,Forties Blend,2024,158
Medium,Turkmenistan,Cheleken,2024,75
Medium,Syria,"Souedieh, Syrian Light",2024,108
Medium,Saudi Arabia,Arab Extra Light,2024,1055
Medium,Russia,"Sakhalin Blend, Urals, Siberian Light, Sokol",2024,7769.6
Medium,Qatar,"Qatar Marine, Dukhan",2024,312.7
Medium,Norway,"Troll, Oseberg, Asgard Blend",2024,226
Medium,Nigeria,Amenam Blend,2024,89
Medium,Neutral Zone,Wafra,2024,65
Medium,Kuwait,Kuwait Super Light,2024,167.6
Medium,Iraq,Basrah Medium,2024,2488
Medium,Iran,Foroozan Blend,2024,61
Medium,Guyana,Liza,2024,149
Medium,Ghana,"Jubilee, Sankofa",2024,115.9
Medium,Equatorial Guinea,"Alba Condensate, New Zafiro",2024,30.8
Medium,Ecuador,Napo,2024,165.47
Medium,Denmark,Danish Crude Blend,2024,56.48
Medium,Congo (Brazzaville),Djeno,2024,208
Medium,Canada,Hibernia,2024,70.4
Medium,Brazil,"Roncador, Jubarte, Tupi, Frade",2024,1097.2
Medium,Argentina,Escalante,2024,128
Medium,Angola,"Sangos, Olombendo, Mostarda, Nemba, Pazflor, Girassol, Hungo, Cabinda, Dalia",2024,717.7
Medium,Abu Dhabi,"Murban, Umm Lulu",2024,1306
High,Vietnam,"Bach Ho, Su Tu Den",2024,79.83
High,United States,"West Texas Intermediate (Midland), West Texas Intermediate, West Texas Sour",2024,6234
High,Nigeria,"Agbami, Erha, Forcados",2024,393
High,Mexico,Maya,2024,922
High,Malaysia,Tapis,2024,65.9
High,Libya,"Amna, El-Sharara, Es Sider",2024,597.4
High,Iraq,"Kirkuk, Basrah Heavy, Kurdish crude",2024,1632
High,Iran,Nowruz-Soroush,2024,50
High,Egypt,Suez Blend,2024,56
High,Ecuador,Oriente,2024,285
High,Colombia,Vasconia,2024,208
High,China,"Changqing, Panyu",2024,578.32
High,Chad,Doba,2024,129.6
High,Brazil,Marlim,2024,117.8
High,Angola,"Kissanje Blend, Plutonio",2024,126.6
High,Algeria,"Algerian Condensate, Saharan Blend",2024,847.75
Very High,Venezuela,"Santa Barbara, Merey-16, Hamaca, Boscan",2024,664
Very High,Nigeria,"Brass River, Escravos, Qua Iboe",2024,260
Very High,Malaysia,"Miri, Kimanis",2024,122.06
Very High,Libya,"Brega, Mellitah, Abu Attifel, Sarir, Sirtica",2024,446.35
Very High,Iran,"Iran Heavy, Iran Light",2024,2644.26
Very High,Indonesia,"Minas, Duri",2024,155.09
Very High,Gabon,Rabi Light,2024,79.08
Very High,Colombia,Castilla,2024,425
Very High,Canada,"Cold Lake Blend, Syncrude Sweet Premium",2024,765.45
Very High,Australia,Northwest Shelf Condensate,2024,48.3
