Month of Date,Target Country,flows_bcm
January 2021,United Kingdom,4.858115314
February 2021,United Kingdom,3.801917359
March 2021,United Kingdom,3.576180044
April 2021,United Kingdom,3.424800079
May 2021,United Kingdom,3.113097226
June 2021,United Kingdom,1.935541104
July 2021,United Kingdom,2.845355343
August 2021,United Kingdom,2.691021554
September 2021,United Kingdom,2.802433285
October 2021,United Kingdom,4.106808087
November 2021,United Kingdom,4.528119717
December 2021,United Kingdom,4.97173369
January 2022,United Kingdom,4.169124337
February 2022,United Kingdom,3.985334679
March 2022,United Kingdom,3.715214301
April 2022,United Kingdom,3.447446073
May 2022,United Kingdom,3.501040694
June 2022,United Kingdom,3.394949952
July 2022,United Kingdom,3.811264179
August 2022,United Kingdom,3.404167799
September 2022,United Kingdom,2.633234217
October 2022,United Kingdom,3.796827273
November 2022,United Kingdom,3.678680401
December 2022,United Kingdom,4.496277387
January 2023,United Kingdom,4.243714102
February 2023,United Kingdom,3.514033587
March 2023,United Kingdom,3.928164501
April 2023,United Kingdom,3.143939561
May 2023,United Kingdom,2.262204288
June 2023,United Kingdom,1.954614434
July 2023,United Kingdom,2.971641615
August 2023,United Kingdom,2.745273949
September 2023,United Kingdom,1.725249508
October 2023,United Kingdom,3.271459877
November 2023,United Kingdom,4.134664077
December 2023,United Kingdom,4.713375814
January 2024,United Kingdom,4.559287999
February 2024,United Kingdom,3.823204734
March 2024,United Kingdom,4.135716613
April 2024,United Kingdom,3.452839093
May 2024,United Kingdom,2.867052003
June 2024,United Kingdom,3.228299463
July 2024,United Kingdom,3.808255641
August 2024,United Kingdom,3.370425342
September 2024,United Kingdom,1.933102932
October 2024,United Kingdom,3.710869433
November 2024,United Kingdom,4.307198183
December 2024,United Kingdom,4.170903008
January 2025,United Kingdom,4.736663738
February 2025,United Kingdom,3.68249688
March 2025,United Kingdom,3.767427064
April 2025,United Kingdom,3.108783493
May 2025,United Kingdom,2.547617822
June 2025,United Kingdom,2.353372361
July 2025,United Kingdom,3.245870173
August 2025,United Kingdom,2.913267851
September 2025,United Kingdom,2.901895996
October 2025,United Kingdom,3.506315055
November 2025,United Kingdom,3.948640857
December 2025,United Kingdom,4.348227411
January 2026,United Kingdom,1.053735603
January 2021,Spain,0.610494522
February 2021,Spain,0.67533467
March 2021,Spain,0.740353914
April 2021,Spain,0.597036964
May 2021,Spain,0.759794328
June 2021,Spain,0.734317243
July 2021,Spain,0.699799338
August 2021,Spain,0.631552783
September 2021,Spain,0.747475298
October 2021,Spain,0.689169242
November 2021,Spain,0.773856601
December 2021,Spain,0.787178597
January 2022,Spain,0.915235704
February 2022,Spain,0.839158854
March 2022,Spain,0.920498867
April 2022,Spain,0.860894235
May 2022,Spain,0.665624919
June 2022,Spain,0.699265739
July 2022,Spain,0.816384826
August 2022,Spain,0.869249047
September 2022,Spain,0.758612219
October 2022,Spain,0.743384793
November 2022,Spain,0.608822569
December 2022,Spain,0.914825053
January 2023,Spain,0.813772899
February 2023,Spain,0.70534078
March 2023,Spain,0.609732054
April 2023,Spain,0.66266671
May 2023,Spain,0.747882856
June 2023,Spain,0.47989181
July 2023,Spain,0.821333573
August 2023,Spain,0.7456607
September 2023,Spain,0.759668106
October 2023,Spain,0.924073509
November 2023,Spain,0.887521093
December 2023,Spain,0.875619151
January 2024,Spain,0.855388973
February 2024,Spain,0.782930314
March 2024,Spain,0.818612664
April 2024,Spain,0.801839398
May 2024,Spain,0.837081009
June 2024,Spain,0.823378257
July 2024,Spain,0.822350225
August 2024,Spain,0.837226194
September 2024,Spain,0.64502572
October 2024,Spain,0.948319827
November 2024,Spain,0.94820433
December 2024,Spain,0.931202724
January 2025,Spain,0.963267403
February 2025,Spain,0.875334381
March 2025,Spain,0.905711418
April 2025,Spain,0.744585439
May 2025,Spain,0.775155408
June 2025,Spain,0.630236706
July 2025,Spain,0.888156917
August 2025,Spain,0.868149362
September 2025,Spain,0.698320065
October 2025,Spain,0.957373137
November 2025,Spain,0.920908062
December 2025,Spain,0.856766586
January 2026,Spain,0.247192609
January 2021,Slovakia,2.231133472
February 2021,Slovakia,1.579091385
March 2021,Slovakia,2.287072198
April 2021,Slovakia,2.359680116
May 2021,Slovakia,2.519981419
June 2021,Slovakia,2.439004584
July 2021,Slovakia,2.513878929
August 2021,Slovakia,2.500858895
September 2021,Slovakia,1.988941466
October 2021,Slovakia,2.308597793
November 2021,Slovakia,2.600258708
December 2021,Slovakia,2.641675563
January 2022,Slovakia,1.054107248
February 2022,Slovakia,1.338389481
March 2022,Slovakia,2.520308303
April 2022,Slovakia,1.80172596
May 2022,Slovakia,1.917106554
June 2022,Slovakia,1.106995505
July 2022,Slovakia,1.146404783
August 2022,Slovakia,1.132965897
September 2022,Slovakia,1.103620336
October 2022,Slovakia,1.053751397
November 2022,Slovakia,1.073261699
December 2022,Slovakia,1.262255074
January 2023,Slovakia,0.805683252
February 2023,Slovakia,0.815394867
March 2023,Slovakia,1.113908344
April 2023,Slovakia,1.049468444
May 2023,Slovakia,1.12368992
June 2023,Slovakia,1.097724122
July 2023,Slovakia,1.035283522
August 2023,Slovakia,1.068381098
September 2023,Slovakia,0.993903261
October 2023,Slovakia,1.090360596
November 2023,Slovakia,1.121371973
December 2023,Slovakia,1.354459527
January 2024,Slovakia,1.262209103
February 2024,Slovakia,1.177061165
March 2024,Slovakia,1.2303727
April 2024,Slovakia,1.197910502
May 2024,Slovakia,1.268182854
June 2024,Slovakia,1.283462931
July 2024,Slovakia,1.243553961
August 2024,Slovakia,1.183491601
September 2024,Slovakia,1.131878331
October 2024,Slovakia,1.187178291
November 2024,Slovakia,1.23969
December 2024,Slovakia,1.204375266
January 2021,Romania,0.1539671
February 2021,Romania,0.155115178
March 2021,Romania,0.085067898
June 2021,Romania,0.006635504
January 2022,Romania,0.12389882
February 2022,Romania,0.12058514
March 2022,Romania,0.144339398
January 2021,Poland,0.390938388
February 2021,Poland,0.293048676
March 2021,Poland,0.323189921
April 2021,Poland,0.334521972
May 2021,Poland,0.343581935
June 2021,Poland,0.331804768
July 2021,Poland,0.334996073
August 2021,Poland,0.309054059
September 2021,Poland,0.312872529
October 2021,Poland,0.393038915
November 2021,Poland,0.374178238
December 2021,Poland,0.380914457
January 2022,Poland,0.111909728
February 2022,Poland,0.216918005
March 2022,Poland,0.249128527
April 2022,Poland,0.266394315
November 2022,Poland,0.079107898
December 2022,Poland,0.074160706
November 2023,Poland,0.138782659
December 2023,Poland,0.389824586
January 2024,Poland,0.108520962
February 2024,Poland,0.067150468
March 2024,Poland,0.032310793
April 2024,Poland,0.033638923
May 2024,Poland,0.061156178
June 2024,Poland,0.09416678
July 2024,Poland,0.08697142
August 2024,Poland,0.07473843
September 2024,Poland,0.288460114
October 2024,Poland,0.043888726
November 2024,Poland,0.215135178
December 2024,Poland,0.135545016
January 2021,Netherlands,2.138170624
February 2021,Netherlands,1.480455567
March 2021,Netherlands,1.542369206
April 2021,Netherlands,1.298758213
May 2021,Netherlands,1.18719877
June 2021,Netherlands,1.78496482
July 2021,Netherlands,2.065297818
August 2021,Netherlands,2.349929317
September 2021,Netherlands,2.25080808
October 2021,Netherlands,1.899979843
November 2021,Netherlands,1.434198058
December 2021,Netherlands,1.095391044
January 2022,Netherlands,0.92988814
February 2022,Netherlands,0.843744337
March 2022,Netherlands,1.21383963
April 2022,Netherlands,0.88666016
May 2022,Netherlands,1.608171571
June 2022,Netherlands,1.51115147
July 2022,Netherlands,1.093421465
August 2022,Netherlands,0.946699083
September 2022,Netherlands,1.092308861
October 2022,Netherlands,0.718055692
November 2022,Netherlands,0.633802634
December 2022,Netherlands,0.811168305
January 2023,Netherlands,0.918151444
February 2023,Netherlands,0.716790898
March 2023,Netherlands,0.820580198
April 2023,Netherlands,0.856373884
May 2023,Netherlands,0.885207846
June 2023,Netherlands,0.773342639
July 2023,Netherlands,0.897981402
August 2023,Netherlands,0.959612021
September 2023,Netherlands,0.715340258
October 2023,Netherlands,1.038659891
November 2023,Netherlands,0.861445457
December 2023,Netherlands,0.767185135
January 2024,Netherlands,0.777560502
February 2024,Netherlands,0.715176998
March 2024,Netherlands,0.910684638
April 2024,Netherlands,0.803149934
May 2024,Netherlands,0.946280772
June 2024,Netherlands,1.238712898
July 2024,Netherlands,0.996310931
August 2024,Netherlands,1.037350369
September 2024,Netherlands,0.845274178
October 2024,Netherlands,0.730913782
November 2024,Netherlands,0.671268729
December 2024,Netherlands,0.646698264
January 2025,Netherlands,0.637996417
February 2025,Netherlands,0.5892234
March 2025,Netherlands,0.677855535
April 2025,Netherlands,0.865229473
May 2025,Netherlands,0.888027948
June 2025,Netherlands,0.641719464
July 2025,Netherlands,1.02455343
August 2025,Netherlands,0.581583637
September 2025,Netherlands,0.661114562
October 2025,Netherlands,0.627726805
November 2025,Netherlands,0.501405108
December 2025,Netherlands,0.546376832
January 2026,Netherlands,0.079093951
January 2021,Moldova,0.5870612
February 2021,Moldova,0.578379081
March 2021,Moldova,0.468720971
April 2021,Moldova,0.28622461
May 2021,Moldova,0.187576513
June 2021,Moldova,0.187743611
July 2021,Moldova,0.190383508
August 2021,Moldova,0.19729302
September 2021,Moldova,0.220430364
October 2021,Moldova,0.20859168
November 2021,Moldova,0.358443796
December 2021,Moldova,0.438680372
January 2022,Moldova,0.564507329
February 2022,Moldova,0.485411528
March 2022,Moldova,0.531353605
April 2022,Moldova,0.223908643
May 2022,Moldova,0.159034201
June 2022,Moldova,0.149152721
July 2022,Moldova,0.16644827
August 2022,Moldova,0.16842585
September 2022,Moldova,0.155842395
October 2022,Moldova,0.170239114
November 2022,Moldova,0.1586726
December 2022,Moldova,0.23609986
January 2023,Moldova,0.298482798
February 2023,Moldova,0.233912621
March 2023,Moldova,0.247067828
April 2023,Moldova,0.214812525
May 2023,Moldova,0.162306486
June 2023,Moldova,0.156129216
July 2023,Moldova,0.122025612
August 2023,Moldova,0.161972311
September 2023,Moldova,0.166963602
October 2023,Moldova,0.173203124
November 2023,Moldova,0.278711623
December 2023,Moldova,0.351930882
January 2024,Moldova,0.375022329
February 2024,Moldova,0.300436519
March 2024,Moldova,0.307749452
April 2024,Moldova,0.143060861
May 2024,Moldova,0.149765587
June 2024,Moldova,0.148355926
July 2024,Moldova,0.158146667
August 2024,Moldova,0.164479325
September 2024,Moldova,0.143683339
October 2024,Moldova,0.179151148
November 2024,Moldova,0.257941591
December 2024,Moldova,0.232370256
January 2025,Moldova,0.027088797
February 2025,Moldova,0.104695066
March 2025,Moldova,0.058452061
April 2025,Moldova,0.076359976
May 2025,Moldova,0.024577295
June 2025,Moldova,0.007229223
July 2025,Moldova,0.003845096
August 2025,Moldova,0.011585354
September 2025,Moldova,0.004836892
October 2025,Moldova,0.010488808
November 2025,Moldova,0.037222537
December 2025,Moldova,0.104710694
January 2026,Moldova,0.024847846
January 2021,Lithuania,0.041654766
February 2021,Lithuania,0.023662394
March 2021,Lithuania,0.027604636
April 2021,Lithuania,0.028483407
May 2021,Lithuania,0.021576614
June 2021,Lithuania,0.043215997
July 2021,Lithuania,0.146135911
August 2021,Lithuania,0.14715359
September 2021,Lithuania,0.204867612
October 2021,Lithuania,0.298418042
November 2021,Lithuania,0.301462684
December 2021,Lithuania,0.428939675
January 2022,Lithuania,0.279765816
February 2022,Lithuania,0.307501614
March 2022,Lithuania,0.490068928
April 2022,Lithuania,0.21590059
May 2022,Lithuania,0.073493962
June 2022,Lithuania,0.120178699
July 2022,Lithuania,0.114282839
August 2022,Lithuania,0.151339119
September 2022,Lithuania,0.069389313
October 2022,Lithuania,0.092110038
November 2022,Lithuania,0.18060102
December 2022,Lithuania,0.240991389
January 2023,Lithuania,0.238555611
February 2023,Lithuania,0.236201595
March 2023,Lithuania,0.246064341
April 2023,Lithuania,0.154074913
May 2023,Lithuania,0.133206386
June 2023,Lithuania,0.119559619
July 2023,Lithuania,0.078451175
August 2023,Lithuania,0.140413591
September 2023,Lithuania,0.088850886
October 2023,Lithuania,0.245555001
November 2023,Lithuania,0.252115745
December 2023,Lithuania,0.270120869
January 2024,Lithuania,0.285308666
February 2024,Lithuania,0.233977393
March 2024,Lithuania,0.240928659
April 2024,Lithuania,0.199654535
May 2024,Lithuania,0.160508798
June 2024,Lithuania,0.091941416
July 2024,Lithuania,0.180752988
August 2024,Lithuania,0.109628336
September 2024,Lithuania,0.22993088
October 2024,Lithuania,0.170329345
November 2024,Lithuania,0.223368407
December 2024,Lithuania,0.28131954
January 2025,Lithuania,0.215675036
February 2025,Lithuania,0.129541191
March 2025,Lithuania,0.240709085
April 2025,Lithuania,0.04694823
May 2025,Lithuania,0.134595919
June 2025,Lithuania,0.200766494
July 2025,Lithuania,0.126020264
August 2025,Lithuania,0.047920768
September 2025,Lithuania,0.077215577
October 2025,Lithuania,0.229821933
November 2025,Lithuania,0.15212087
December 2025,Lithuania,0.267194759
January 2026,Lithuania,0.07359595
January 2021,Joint Baltic Zone EE/LV,0.021285999
February 2021,Joint Baltic Zone EE/LV,0.015028952
March 2021,Joint Baltic Zone EE/LV,0.035807905
April 2021,Joint Baltic Zone EE/LV,0.148195333
May 2021,Joint Baltic Zone EE/LV,0.377968858
June 2021,Joint Baltic Zone EE/LV,0.350751047
July 2021,Joint Baltic Zone EE/LV,0.402932953
August 2021,Joint Baltic Zone EE/LV,0.288108763
September 2021,Joint Baltic Zone EE/LV,0.100911998
October 2021,Joint Baltic Zone EE/LV,0.11087705
November 2021,Joint Baltic Zone EE/LV,0.017792191
December 2021,Joint Baltic Zone EE/LV,0.081997424
January 2022,Joint Baltic Zone EE/LV,0.022063809
February 2022,Joint Baltic Zone EE/LV,0.03689638
March 2022,Joint Baltic Zone EE/LV,0.121169238
April 2022,Joint Baltic Zone EE/LV,9.907000000e-06
May 2022,Joint Baltic Zone EE/LV,0.057621519
June 2022,Joint Baltic Zone EE/LV,0.061175905
July 2022,Joint Baltic Zone EE/LV,0.086686761
August 2022,Joint Baltic Zone EE/LV,0.022290666
September 2022,Joint Baltic Zone EE/LV,0.086780001
October 2022,Joint Baltic Zone EE/LV,0.030436664
November 2022,Joint Baltic Zone EE/LV,1.1145e-05
December 2022,Joint Baltic Zone EE/LV,1.4563e-05
January 2023,Joint Baltic Zone EE/LV,0
February 2023,Joint Baltic Zone EE/LV,0
March 2023,Joint Baltic Zone EE/LV,0
April 2023,Joint Baltic Zone EE/LV,0
May 2023,Joint Baltic Zone EE/LV,0
June 2023,Joint Baltic Zone EE/LV,0
July 2023,Joint Baltic Zone EE/LV,0.050885144
August 2023,Joint Baltic Zone EE/LV,0
September 2023,Joint Baltic Zone EE/LV,0
October 2023,Joint Baltic Zone EE/LV,0
November 2023,Joint Baltic Zone EE/LV,0
December 2023,Joint Baltic Zone EE/LV,0
January 2024,Joint Baltic Zone EE/LV,0
February 2024,Joint Baltic Zone EE/LV,0
March 2024,Joint Baltic Zone EE/LV,0
April 2024,Joint Baltic Zone EE/LV,0
May 2024,Joint Baltic Zone EE/LV,0
June 2024,Joint Baltic Zone EE/LV,0
July 2024,Joint Baltic Zone EE/LV,0
August 2024,Joint Baltic Zone EE/LV,0
September 2024,Joint Baltic Zone EE/LV,0
October 2024,Joint Baltic Zone EE/LV,0.033357048
November 2024,Joint Baltic Zone EE/LV,0.014325714
December 2024,Joint Baltic Zone EE/LV,0
January 2025,Joint Baltic Zone EE/LV,0
February 2025,Joint Baltic Zone EE/LV,0
March 2025,Joint Baltic Zone EE/LV,0
April 2025,Joint Baltic Zone EE/LV,0
May 2025,Joint Baltic Zone EE/LV,0
June 2025,Joint Baltic Zone EE/LV,0
July 2025,Joint Baltic Zone EE/LV,0
August 2025,Joint Baltic Zone EE/LV,0
September 2025,Joint Baltic Zone EE/LV,0
October 2025,Joint Baltic Zone EE/LV,0
November 2025,Joint Baltic Zone EE/LV,0
December 2025,Joint Baltic Zone EE/LV,0
January 2021,Italy,2.481700664
February 2021,Italy,2.462620952
March 2021,Italy,2.748819141
April 2021,Italy,2.638057325
May 2021,Italy,2.772804193
June 2021,Italy,2.482964379
July 2021,Italy,2.68781838
August 2021,Italy,2.415159809
September 2021,Italy,2.066827714
October 2021,Italy,3.067849522
November 2021,Italy,3.012135622
December 2021,Italy,2.955013431
January 2022,Italy,2.889260895
February 2022,Italy,2.61161158
March 2022,Italy,2.977792789
April 2022,Italy,3.054347665
May 2022,Italy,3.208606495
June 2022,Italy,3.07440572
July 2022,Italy,2.836458751
August 2022,Italy,2.997779934
September 2022,Italy,3.272640319
October 2022,Italy,3.22657543
November 2022,Italy,3.063595455
December 2022,Italy,3.396556039
January 2023,Italy,2.376356188
February 2023,Italy,2.476822736
March 2023,Italy,3.20081626
April 2023,Italy,3.648597901
May 2023,Italy,2.900044003
June 2023,Italy,3.041504325
July 2023,Italy,2.993545195
August 2023,Italy,3.076975702
September 2023,Italy,3.314763761
October 2023,Italy,3.016190733
November 2023,Italy,2.838334158
December 2023,Italy,2.764189707
January 2024,Italy,2.464256828
February 2024,Italy,2.33092155
March 2024,Italy,3.083507138
April 2024,Italy,3.185213896
May 2024,Italy,3.059935793
June 2024,Italy,2.762103636
July 2024,Italy,2.716763799
August 2024,Italy,2.440572179
September 2024,Italy,2.048040707
October 2024,Italy,2.994047711
November 2024,Italy,3.079524675
December 2024,Italy,2.796572987
January 2025,Italy,2.701144143
February 2025,Italy,2.498255085
March 2025,Italy,2.81937604
April 2025,Italy,2.765478385
May 2025,Italy,2.778699946
June 2025,Italy,2.762314541
July 2025,Italy,2.491847699
August 2025,Italy,2.681195397
September 2025,Italy,1.997192947
October 2025,Italy,2.763849373
November 2025,Italy,2.6191846
December 2025,Italy,2.34759637
January 2026,Italy,0.783651425
January 2021,Hungary,0.51690142
February 2021,Hungary,0.69682107
March 2021,Hungary,0.822824115
April 2021,Hungary,0.755384032
May 2021,Hungary,0.81333885
June 2021,Hungary,0.700841909
July 2021,Hungary,0.402820017
August 2021,Hungary,0.382394153
September 2021,Hungary,0.393440171
October 2021,Hungary,0.185927682
November 2021,Hungary,0.302605093
December 2021,Hungary,0.15193974
January 2022,Hungary,0.125362572
February 2022,Hungary,0.029658359
April 2022,Hungary,0.000883238
May 2022,Hungary,0.017362554
June 2022,Hungary,0.053606235
July 2022,Hungary,0.020243288
September 2022,Hungary,0.005731685
October 2022,Hungary,0.010647331
November 2022,Hungary,0.00414284
January 2023,Hungary,0.002002784
December 2023,Hungary,0.001682634
January 2024,Hungary,0.000796795
January 2021,Greece,0.155633683
February 2021,Greece,0.125012722
March 2021,Greece,0.140103657
April 2021,Greece,0.145911579
May 2021,Greece,0.114767572
June 2021,Greece,0.165033771
July 2021,Greece,0.15992005
August 2021,Greece,0.103842174
September 2021,Greece,0.119310077
October 2021,Greece,0.175239914
November 2021,Greece,0.133777774
December 2021,Greece,0.141818224
January 2022,Greece,0.127406662
February 2022,Greece,0.129571324
March 2022,Greece,0.15030568
April 2022,Greece,0.113197127
May 2022,Greece,0.112941139
June 2022,Greece,0.117874447
July 2022,Greece,0.191841538
August 2022,Greece,0.096838209
September 2022,Greece,0.123568652
October 2022,Greece,0.088592995
November 2022,Greece,0.101631752
December 2022,Greece,0.077062998
January 2023,Greece,0.110435037
February 2023,Greece,0.084616438
March 2023,Greece,0.105408534
April 2023,Greece,0.063809323
May 2023,Greece,0.076192679
June 2023,Greece,0.074937561
July 2023,Greece,0.078597863
August 2023,Greece,0.060025536
September 2023,Greece,0.064067708
October 2023,Greece,0.064052936
November 2023,Greece,0.070529542
December 2023,Greece,0.074913726
January 2024,Greece,0.091783028
February 2024,Greece,0.086293315
March 2024,Greece,0.089348671
April 2024,Greece,0.086363992
May 2024,Greece,0.095915723
June 2024,Greece,0.105074135
July 2024,Greece,0.129478774
August 2024,Greece,0.096426302
September 2024,Greece,0.106333121
October 2024,Greece,0.084606313
November 2024,Greece,0.097218028
December 2024,Greece,0.089596479
January 2025,Greece,0.062400442
February 2025,Greece,0.103694341
March 2025,Greece,0.088429454
April 2025,Greece,0.088463609
May 2025,Greece,0.090159172
June 2025,Greece,0.086718057
July 2025,Greece,0.087904514
August 2025,Greece,0.089602036
September 2025,Greece,0.081736986
October 2025,Greece,0.089717904
November 2025,Greece,0.086714448
December 2025,Greece,0.098609091
January 2021,Germany,8.990806794
February 2021,Germany,9.351890147
March 2021,Germany,11.417624282
April 2021,Germany,11.044808165
May 2021,Germany,10.814996465
June 2021,Germany,9.649694265
July 2021,Germany,8.543956416
August 2021,Germany,9.150483945
September 2021,Germany,9.599822264
October 2021,Germany,9.096030027
November 2021,Germany,9.329040231
December 2021,Germany,10.118821886
January 2022,Germany,8.737523807
February 2022,Germany,8.135142855
March 2022,Germany,8.882380953
April 2022,Germany,8.939523807
May 2022,Germany,8.512380948
June 2022,Germany,6.392952383
July 2022,Germany,5.138666666
August 2022,Germany,5.054952377
September 2022,Germany,3.560095238
October 2022,Germany,4.298285713
November 2022,Germany,3.944857144
December 2022,Germany,3.892476188
January 2023,Germany,3.70057143
February 2023,Germany,3.46247619
March 2023,Germany,3.675523811
April 2023,Germany,3.592285714
May 2023,Germany,3.547714286
June 2023,Germany,3.204190478
July 2023,Germany,3.399809525
August 2023,Germany,3.191714284
September 2023,Germany,2.080190478
October 2023,Germany,3.133333329
November 2023,Germany,3.369428572
December 2023,Germany,3.741619047
January 2024,Germany,3.76657143
February 2024,Germany,3.562380953
March 2024,Germany,3.650095236
April 2024,Germany,3.377523808
May 2024,Germany,3.190476192
June 2024,Germany,2.925428571
July 2024,Germany,3.176476193
August 2024,Germany,3.194571428
September 2024,Germany,1.952666666
October 2024,Germany,3.387714287
November 2024,Germany,3.668190475
December 2024,Germany,3.805047617
January 2025,Germany,3.755142858
February 2025,Germany,3.430380953
March 2025,Germany,3.856857143
April 2025,Germany,3.687047618
May 2025,Germany,3.281714284
June 2025,Germany,3.468
July 2025,Germany,3.463714284
August 2025,Germany,3.863238099
September 2025,Germany,3.350571428
October 2025,Germany,3.538666667
November 2025,Germany,3.775142856
December 2025,Germany,3.966761907
January 2026,Germany,1.019142859
January 2021,France,1.620306729
February 2021,France,1.286287158
March 2021,France,1.284017666
April 2021,France,1.218186331
May 2021,France,1.381520493
June 2021,France,1.270929484
July 2021,France,1.639983293
August 2021,France,1.637900668
September 2021,France,1.512636017
October 2021,France,1.625117888
November 2021,France,1.478880284
December 2021,France,1.5059352
January 2022,France,1.631488707
February 2022,France,1.534222344
March 2022,France,1.646422256
April 2022,France,1.65129495
May 2022,France,1.671948793
June 2022,France,1.469278573
July 2022,France,1.631697161
August 2022,France,1.557072424
September 2022,France,1.363230991
October 2022,France,1.608352436
November 2022,France,1.488408244
December 2022,France,1.081879541
January 2023,France,1.20145489
February 2023,France,1.147732401
March 2023,France,1.443864137
April 2023,France,1.488304601
May 2023,France,1.10354355
June 2023,France,0.769638152
July 2023,France,1.382706621
August 2023,France,1.239125154
September 2023,France,0.432169477
October 2023,France,1.414843899
November 2023,France,1.249819696
December 2023,France,1.348069256
January 2024,France,1.385753381
February 2024,France,1.321521587
March 2024,France,1.457891256
April 2024,France,1.48499306
May 2024,France,1.456064975
June 2024,France,1.523622529
July 2024,France,1.453478075
August 2024,France,1.560493753
September 2024,France,1.369833693
October 2024,France,1.293231342
November 2024,France,0.863279933
December 2024,France,1.192911112
January 2025,France,0.745166981
February 2025,France,0.899180538
March 2025,France,1.326565351
April 2025,France,1.512837384
May 2025,France,1.449445832
June 2025,France,1.382402158
July 2025,France,1.568199645
August 2025,France,1.535790576
September 2025,France,1.089784534
October 2025,France,1.355970744
November 2025,France,1.232218826
December 2025,France,1.069073619
January 2026,France,0.242080422
January 2021,Finland,0.273376223
February 2021,Finland,0.275374429
March 2021,Finland,0.204630673
April 2021,Finland,0.097445388
May 2021,Finland,0.085221079
June 2021,Finland,0.094874148
July 2021,Finland,0.117002427
August 2021,Finland,0.106362196
September 2021,Finland,0.112924033
October 2021,Finland,0.101751868
November 2021,Finland,0.083281172
December 2021,Finland,0.233627566
January 2022,Finland,0.074552127
February 2022,Finland,0.075995927
March 2022,Finland,0.178675605
April 2022,Finland,0.039179739
May 2022,Finland,0.074674365
June 2022,Finland,0
July 2022,Finland,0
August 2022,Finland,0
September 2022,Finland,0
October 2022,Finland,0
November 2022,Finland,0
December 2022,Finland,0
October 2022,Denmark,0.012580736
November 2022,Denmark,0.292938217
December 2022,Denmark,0.49663026
January 2023,Denmark,0.64930416
February 2023,Denmark,0.634762131
March 2023,Denmark,0.70038127
April 2023,Denmark,0.615404497
May 2023,Denmark,0.558432778
June 2023,Denmark,0.665018958
July 2023,Denmark,0.774562721
August 2023,Denmark,0.821216988
September 2023,Denmark,0.724846406
October 2023,Denmark,0.759251955
November 2023,Denmark,0.870555686
December 2023,Denmark,0.837922247
January 2024,Denmark,0.838431157
February 2024,Denmark,0.665237265
March 2024,Denmark,0.627753661
April 2024,Denmark,0.722067166
May 2024,Denmark,0.827382117
June 2024,Denmark,0.849644164
July 2024,Denmark,0.910465097
August 2024,Denmark,0.719062768
September 2024,Denmark,0.025362346
October 2024,Denmark,0.870758034
November 2024,Denmark,0.798726309
December 2024,Denmark,0.861931606
January 2025,Denmark,0.730867389
February 2025,Denmark,0.702469279
March 2025,Denmark,0.713869979
April 2025,Denmark,0.616080598
May 2025,Denmark,0.804206045
June 2025,Denmark,0.772017563
July 2025,Denmark,0.772217239
August 2025,Denmark,0.775701379
September 2025,Denmark,0.813006268
October 2025,Denmark,0.928162039
November 2025,Denmark,0.890759684
December 2025,Denmark,0.87393833
January 2026,Denmark,0.234560269
January 2021,Bulgaria,0.892793798
February 2021,Bulgaria,0.846587326
March 2021,Bulgaria,1.049391852
April 2021,Bulgaria,0.959381219
May 2021,Bulgaria,0.953349088
June 2021,Bulgaria,0.834280063
July 2021,Bulgaria,1.166810149
August 2021,Bulgaria,1.127413768
September 2021,Bulgaria,0.900768557
October 2021,Bulgaria,1.214174239
November 2021,Bulgaria,1.036227382
December 2021,Bulgaria,1.359117415
January 2022,Bulgaria,1.075777975
February 2022,Bulgaria,1.134034152
March 2022,Bulgaria,1.247821884
April 2022,Bulgaria,0.904978201
May 2022,Bulgaria,0.869639565
June 2022,Bulgaria,0.613803433
July 2022,Bulgaria,1.298908854
August 2022,Bulgaria,1.318620667
September 2022,Bulgaria,1.152079045
October 2022,Bulgaria,0.998640886
November 2022,Bulgaria,0.887647185
December 2022,Bulgaria,1.201643894
January 2023,Bulgaria,0.804222516
February 2023,Bulgaria,0.902680134
March 2023,Bulgaria,0.88033227
April 2023,Bulgaria,1.05224709
May 2023,Bulgaria,0.737732113
June 2023,Bulgaria,0.749584458
July 2023,Bulgaria,1.366748716
August 2023,Bulgaria,1.509194028
September 2023,Bulgaria,1.428563604
October 2023,Bulgaria,1.416836247
November 2023,Bulgaria,1.262696829
December 2023,Bulgaria,1.314590901
January 2024,Bulgaria,1.210536581
February 2024,Bulgaria,1.210040338
March 2024,Bulgaria,1.40898246
April 2024,Bulgaria,1.208483913
May 2024,Bulgaria,1.432646549
June 2024,Bulgaria,1.159722911
July 2024,Bulgaria,1.494538978
August 2024,Bulgaria,1.452888569
September 2024,Bulgaria,1.410297194
October 2024,Bulgaria,1.466165144
November 2024,Bulgaria,1.460612526
December 2024,Bulgaria,1.504221579
January 2025,Bulgaria,1.53428668
February 2025,Bulgaria,1.528253052
March 2025,Bulgaria,1.382856748
April 2025,Bulgaria,1.231612631
May 2025,Bulgaria,1.402540465
June 2025,Bulgaria,1.11031465
July 2025,Bulgaria,1.569188323
August 2025,Bulgaria,1.532467533
September 2025,Bulgaria,1.524898691
October 2025,Bulgaria,1.657451483
November 2025,Bulgaria,1.603078476
December 2025,Bulgaria,1.708123602
January 2026,Bulgaria,0.424432555
January 2021,Belgium,1.387594944
February 2021,Belgium,1.227148044
March 2021,Belgium,1.299963044
April 2021,Belgium,1.21521895
May 2021,Belgium,1.256902995
June 2021,Belgium,1.340554188
July 2021,Belgium,1.385494029
August 2021,Belgium,1.381256677
September 2021,Belgium,1.150810392
October 2021,Belgium,1.387899275
November 2021,Belgium,1.328085258
December 2021,Belgium,1.379746486
January 2022,Belgium,1.388312268
February 2022,Belgium,1.273163617
March 2022,Belgium,1.393549897
April 2022,Belgium,1.349183712
May 2022,Belgium,1.40299488
June 2022,Belgium,1.354154309
July 2022,Belgium,1.325227154
August 2022,Belgium,1.378500612
September 2022,Belgium,1.287104207
October 2022,Belgium,1.381575075
November 2022,Belgium,1.33785798
December 2022,Belgium,1.385679357
January 2023,Belgium,1.411146448
February 2023,Belgium,1.271130281
March 2023,Belgium,1.41082256
April 2023,Belgium,1.369318821
May 2023,Belgium,1.331522376
June 2023,Belgium,1.240795837
July 2023,Belgium,1.399978915
August 2023,Belgium,1.33475779
September 2023,Belgium,0.854799916
October 2023,Belgium,1.373102486
November 2023,Belgium,1.311586648
December 2023,Belgium,1.360334488
January 2024,Belgium,1.375465236
February 2024,Belgium,1.301585936
March 2024,Belgium,1.392987673
April 2024,Belgium,1.341614033
May 2024,Belgium,1.401657628
June 2024,Belgium,1.359291662
July 2024,Belgium,1.412582234
August 2024,Belgium,1.410893195
September 2024,Belgium,1.322324746
October 2024,Belgium,1.404473228
November 2024,Belgium,1.3645192
December 2024,Belgium,1.414486029
January 2025,Belgium,1.360721222
February 2025,Belgium,1.275895491
March 2025,Belgium,1.418605808
April 2025,Belgium,1.384978399
May 2025,Belgium,1.420843052
June 2025,Belgium,1.360443137
July 2025,Belgium,1.422113502
August 2025,Belgium,1.396373739
September 2025,Belgium,0.254536915
October 2025,Belgium,1.364644231
November 2025,Belgium,1.330193113
December 2025,Belgium,1.409622001
January 2026,Belgium,0.366502947
