Month of Date,Sector,adjusted_unit,Country,adjusted_unit_value
September 2025,Industrial,Billion Cubic Meter,*,35.294337938
August 2025,Industrial,Billion Cubic Meter,*,36.600320182
July 2025,Industrial,Billion Cubic Meter,*,34.880169355
June 2025,Industrial,Billion Cubic Meter,*,34.467358008
May 2025,Industrial,Billion Cubic Meter,*,34.880166391
April 2025,Industrial,Billion Cubic Meter,*,34.501667995
March 2025,Industrial,Billion Cubic Meter,*,36.994114975
February 2025,Industrial,Billion Cubic Meter,*,36.588454405
January 2025,Industrial,Billion Cubic Meter,*,37.920378513
December 2024,Industrial,Billion Cubic Meter,*,36.381199005
November 2024,Industrial,Billion Cubic Meter,*,33.344301734
October 2024,Industrial,Billion Cubic Meter,*,33.765985868
September 2024,Industrial,Billion Cubic Meter,*,32.124599008
August 2024,Industrial,Billion Cubic Meter,*,32.917790636
July 2024,Industrial,Billion Cubic Meter,*,35.472994329
June 2024,Industrial,Billion Cubic Meter,*,33.099577234
May 2024,Industrial,Billion Cubic Meter,*,33.741159557
April 2024,Industrial,Billion Cubic Meter,*,32.839615169
March 2024,Industrial,Billion Cubic Meter,*,35.490330995
February 2024,Industrial,Billion Cubic Meter,*,33.261706661
January 2024,Industrial,Billion Cubic Meter,*,34.747277367
December 2023,Industrial,Billion Cubic Meter,*,33.87174023
November 2023,Industrial,Billion Cubic Meter,*,32.212395109
October 2023,Industrial,Billion Cubic Meter,*,32.292625073
September 2023,Industrial,Billion Cubic Meter,*,31.219516876
August 2023,Industrial,Billion Cubic Meter,*,31.800094602
July 2023,Industrial,Billion Cubic Meter,*,31.402956937
June 2023,Industrial,Billion Cubic Meter,*,31.49311436
May 2023,Industrial,Billion Cubic Meter,*,31.512798071
April 2023,Industrial,Billion Cubic Meter,*,30.668736372
March 2023,Industrial,Billion Cubic Meter,*,32.968101471
February 2023,Industrial,Billion Cubic Meter,*,30.518895305
January 2023,Industrial,Billion Cubic Meter,*,31.780800164
December 2022,Industrial,Billion Cubic Meter,*,32.379169957
November 2022,Industrial,Billion Cubic Meter,*,30.018413797
October 2022,Industrial,Billion Cubic Meter,*,29.937921097
September 2022,Industrial,Billion Cubic Meter,*,29.807150404
August 2022,Industrial,Billion Cubic Meter,*,28.760529988
July 2022,Industrial,Billion Cubic Meter,*,29.777273966
June 2022,Industrial,Billion Cubic Meter,*,30.790093914
May 2022,Industrial,Billion Cubic Meter,*,31.189795164
April 2022,Industrial,Billion Cubic Meter,*,30.679435347
March 2022,Industrial,Billion Cubic Meter,*,32.835154599
February 2022,Industrial,Billion Cubic Meter,*,32.069234394
January 2022,Industrial,Billion Cubic Meter,*,33.629712185
December 2021,Industrial,Billion Cubic Meter,*,32.200540667
November 2021,Industrial,Billion Cubic Meter,*,31.713075891
October 2021,Industrial,Billion Cubic Meter,*,30.859826689
September 2021,Industrial,Billion Cubic Meter,*,29.436340504
August 2021,Industrial,Billion Cubic Meter,*,30.155602212
July 2021,Industrial,Billion Cubic Meter,*,30.593565489
June 2021,Industrial,Billion Cubic Meter,*,30.697042786
May 2021,Industrial,Billion Cubic Meter,*,31.317630533
April 2021,Industrial,Billion Cubic Meter,*,30.772452357
March 2021,Industrial,Billion Cubic Meter,*,32.861896826
February 2021,Industrial,Billion Cubic Meter,*,30.213880753
January 2021,Industrial,Billion Cubic Meter,*,32.648523615
December 2020,Industrial,Billion Cubic Meter,*,30.166037123
November 2020,Industrial,Billion Cubic Meter,*,29.467116881
October 2020,Industrial,Billion Cubic Meter,*,30.125801549
September 2020,Industrial,Billion Cubic Meter,*,28.62060016
August 2020,Industrial,Billion Cubic Meter,*,27.904609474
July 2020,Industrial,Billion Cubic Meter,*,27.875457759
June 2020,Industrial,Billion Cubic Meter,*,28.335972796
May 2020,Industrial,Billion Cubic Meter,*,29.06909865
April 2020,Industrial,Billion Cubic Meter,*,28.683492032
March 2020,Industrial,Billion Cubic Meter,*,30.781173967
February 2020,Industrial,Billion Cubic Meter,*,31.021035778
January 2020,Industrial,Billion Cubic Meter,*,30.839456901
December 2019,Industrial,Billion Cubic Meter,*,30.331155678
November 2019,Industrial,Billion Cubic Meter,*,29.139527805
October 2019,Industrial,Billion Cubic Meter,*,29.239984407
September 2019,Industrial,Billion Cubic Meter,*,29.069910614
August 2019,Industrial,Billion Cubic Meter,*,29.27101282
July 2019,Industrial,Billion Cubic Meter,*,28.393237461
June 2019,Industrial,Billion Cubic Meter,*,29.317701538
May 2019,Industrial,Billion Cubic Meter,*,30.199617167
April 2019,Industrial,Billion Cubic Meter,*,29.727241828
March 2019,Industrial,Billion Cubic Meter,*,30.431669363
February 2019,Industrial,Billion Cubic Meter,*,27.973989977
January 2019,Industrial,Billion Cubic Meter,*,29.017862513
September 2025,Power,Billion Cubic Meter,*,22.741901188
August 2025,Power,Billion Cubic Meter,*,23.287613676
July 2025,Power,Billion Cubic Meter,*,26.245173607
June 2025,Power,Billion Cubic Meter,*,23.444619652
May 2025,Power,Billion Cubic Meter,*,22.975773076
April 2025,Power,Billion Cubic Meter,*,21.873802859
March 2025,Power,Billion Cubic Meter,*,23.496573798
February 2025,Power,Billion Cubic Meter,*,23.043602526
January 2025,Power,Billion Cubic Meter,*,24.135213588
December 2024,Power,Billion Cubic Meter,*,23.876134779
November 2024,Power,Billion Cubic Meter,*,22.142880429
October 2024,Power,Billion Cubic Meter,*,22.637900929
September 2024,Power,Billion Cubic Meter,*,23.962614127
August 2024,Power,Billion Cubic Meter,*,26.541598221
July 2024,Power,Billion Cubic Meter,*,25.938554217
June 2024,Power,Billion Cubic Meter,*,23.642597797
May 2024,Power,Billion Cubic Meter,*,23.012415531
April 2024,Power,Billion Cubic Meter,*,22.376514294
March 2024,Power,Billion Cubic Meter,*,23.921885508
February 2024,Power,Billion Cubic Meter,*,22.537816364
January 2024,Power,Billion Cubic Meter,*,24.034609016
December 2023,Power,Billion Cubic Meter,*,23.249262736
November 2023,Power,Billion Cubic Meter,*,21.687274181
October 2023,Power,Billion Cubic Meter,*,21.709347824
September 2023,Power,Billion Cubic Meter,*,23.394046249
August 2023,Power,Billion Cubic Meter,*,25.280843192
July 2023,Power,Billion Cubic Meter,*,25.364107302
June 2023,Power,Billion Cubic Meter,*,23.131855716
May 2023,Power,Billion Cubic Meter,*,22.362636539
April 2023,Power,Billion Cubic Meter,*,21.38227346
March 2023,Power,Billion Cubic Meter,*,22.356754616
February 2023,Power,Billion Cubic Meter,*,21.374229455
January 2023,Power,Billion Cubic Meter,*,22.373558445
December 2022,Power,Billion Cubic Meter,*,23.27607989
November 2022,Power,Billion Cubic Meter,*,21.244397697
October 2022,Power,Billion Cubic Meter,*,21.00139781
September 2022,Power,Billion Cubic Meter,*,21.954876096
August 2022,Power,Billion Cubic Meter,*,24.207479251
July 2022,Power,Billion Cubic Meter,*,24.756314825
June 2022,Power,Billion Cubic Meter,*,23.491839728
May 2022,Power,Billion Cubic Meter,*,22.250440425
April 2022,Power,Billion Cubic Meter,*,21.265559356
March 2022,Power,Billion Cubic Meter,*,23.413307165
February 2022,Power,Billion Cubic Meter,*,22.170573345
January 2022,Power,Billion Cubic Meter,*,23.676529139
December 2021,Power,Billion Cubic Meter,*,22.916229294
November 2021,Power,Billion Cubic Meter,*,21.71563113
October 2021,Power,Billion Cubic Meter,*,22.007615806
September 2021,Power,Billion Cubic Meter,*,21.74687351
August 2021,Power,Billion Cubic Meter,*,23.948617108
July 2021,Power,Billion Cubic Meter,*,24.743345547
June 2021,Power,Billion Cubic Meter,*,23.188794866
May 2021,Power,Billion Cubic Meter,*,22.518734311
April 2021,Power,Billion Cubic Meter,*,21.930774403
March 2021,Power,Billion Cubic Meter,*,23.775129721
February 2021,Power,Billion Cubic Meter,*,22.106298671
January 2021,Power,Billion Cubic Meter,*,24.893112187
December 2020,Power,Billion Cubic Meter,*,25.515193063
November 2020,Power,Billion Cubic Meter,*,22.189510661
October 2020,Power,Billion Cubic Meter,*,22.567955136
September 2020,Power,Billion Cubic Meter,*,23.690228093
August 2020,Power,Billion Cubic Meter,*,26.015994465
July 2020,Power,Billion Cubic Meter,*,25.250935943
June 2020,Power,Billion Cubic Meter,*,22.383843583
May 2020,Power,Billion Cubic Meter,*,20.406431134
April 2020,Power,Billion Cubic Meter,*,20.373102003
March 2020,Power,Billion Cubic Meter,*,22.62723904
February 2020,Power,Billion Cubic Meter,*,22.363925956
January 2020,Power,Billion Cubic Meter,*,24.823247014
December 2019,Power,Billion Cubic Meter,*,24.469704914
November 2019,Power,Billion Cubic Meter,*,23.02367332
October 2019,Power,Billion Cubic Meter,*,22.649782169
September 2019,Power,Billion Cubic Meter,*,22.878094596
August 2019,Power,Billion Cubic Meter,*,24.902715529
July 2019,Power,Billion Cubic Meter,*,26.153037056
June 2019,Power,Billion Cubic Meter,*,23.50727615
May 2019,Power,Billion Cubic Meter,*,23.192640387
April 2019,Power,Billion Cubic Meter,*,23.042612688
March 2019,Power,Billion Cubic Meter,*,23.459533978
February 2019,Power,Billion Cubic Meter,*,23.608125793
January 2019,Power,Billion Cubic Meter,*,25.095013852
September 2025,Household,Billion Cubic Meter,*,10.144099535
August 2025,Household,Billion Cubic Meter,*,10.476315869
July 2025,Household,Billion Cubic Meter,*,10.38555547
June 2025,Household,Billion Cubic Meter,*,10.576827193
May 2025,Household,Billion Cubic Meter,*,11.217613016
April 2025,Household,Billion Cubic Meter,*,10.468708239
March 2025,Household,Billion Cubic Meter,*,9.292202385
February 2025,Household,Billion Cubic Meter,*,9.107748205
January 2025,Household,Billion Cubic Meter,*,12.057933913
December 2024,Household,Billion Cubic Meter,*,12.449369684
November 2024,Household,Billion Cubic Meter,*,11.53354585
October 2024,Household,Billion Cubic Meter,*,11.748554469
September 2024,Household,Billion Cubic Meter,*,11.943519064
August 2024,Household,Billion Cubic Meter,*,12.265759188
July 2024,Household,Billion Cubic Meter,*,11.957324404
June 2024,Household,Billion Cubic Meter,*,11.314180064
May 2024,Household,Billion Cubic Meter,*,12.830349163
April 2024,Household,Billion Cubic Meter,*,11.46096849
March 2024,Household,Billion Cubic Meter,*,12.404097925
February 2024,Household,Billion Cubic Meter,*,7.999733059
January 2024,Household,Billion Cubic Meter,*,11.756323033
December 2023,Household,Billion Cubic Meter,*,14.641810363
November 2023,Household,Billion Cubic Meter,*,11.670900325
October 2023,Household,Billion Cubic Meter,*,8.466222241
September 2023,Household,Billion Cubic Meter,*,9.75356822
August 2023,Household,Billion Cubic Meter,*,10.563309687
July 2023,Household,Billion Cubic Meter,*,10.614900196
June 2023,Household,Billion Cubic Meter,*,10.708187347
May 2023,Household,Billion Cubic Meter,*,12.365959228
April 2023,Household,Billion Cubic Meter,*,10.465937354
March 2023,Household,Billion Cubic Meter,*,10.188809777
February 2023,Household,Billion Cubic Meter,*,7.727367298
January 2023,Household,Billion Cubic Meter,*,9.337882121
December 2022,Household,Billion Cubic Meter,*,13.683926077
November 2022,Household,Billion Cubic Meter,*,12.517930857
October 2022,Household,Billion Cubic Meter,*,8.686436493
September 2022,Household,Billion Cubic Meter,*,9.725650224
August 2022,Household,Billion Cubic Meter,*,8.739797447
July 2022,Household,Billion Cubic Meter,*,9.152059413
June 2022,Household,Billion Cubic Meter,*,8.602065122
May 2022,Household,Billion Cubic Meter,*,10.429097125
April 2022,Household,Billion Cubic Meter,*,10.028004526
March 2022,Household,Billion Cubic Meter,*,10.038299906
February 2022,Household,Billion Cubic Meter,*,10.596819362
January 2022,Household,Billion Cubic Meter,*,11.12394363
December 2021,Household,Billion Cubic Meter,*,14.791414839
November 2021,Household,Billion Cubic Meter,*,12.688064052
October 2021,Household,Billion Cubic Meter,*,10.556270863
September 2021,Household,Billion Cubic Meter,*,11.134323413
August 2021,Household,Billion Cubic Meter,*,10.074122426
July 2021,Household,Billion Cubic Meter,*,8.711014727
June 2021,Household,Billion Cubic Meter,*,10.684826988
May 2021,Household,Billion Cubic Meter,*,10.876136429
April 2021,Household,Billion Cubic Meter,*,11.075697726
March 2021,Household,Billion Cubic Meter,*,10.21124553
February 2021,Household,Billion Cubic Meter,*,6.424138917
January 2021,Household,Billion Cubic Meter,*,12.043135374
December 2020,Household,Billion Cubic Meter,*,13.418077834
November 2020,Household,Billion Cubic Meter,*,10.188851927
October 2020,Household,Billion Cubic Meter,*,8.638875296
September 2020,Household,Billion Cubic Meter,*,7.750404308
August 2020,Household,Billion Cubic Meter,*,7.898315514
July 2020,Household,Billion Cubic Meter,*,6.318054576
June 2020,Household,Billion Cubic Meter,*,7.835578459
May 2020,Household,Billion Cubic Meter,*,8.390079074
April 2020,Household,Billion Cubic Meter,*,8.912971084
March 2020,Household,Billion Cubic Meter,*,9.238184978
February 2020,Household,Billion Cubic Meter,*,7.354630869
January 2020,Household,Billion Cubic Meter,*,11.607219666
December 2019,Household,Billion Cubic Meter,*,9.793385746
November 2019,Household,Billion Cubic Meter,*,9.475778044
October 2019,Household,Billion Cubic Meter,*,6.227470196
September 2019,Household,Billion Cubic Meter,*,6.859436215
August 2019,Household,Billion Cubic Meter,*,7.065883006
July 2019,Household,Billion Cubic Meter,*,6.026038221
June 2019,Household,Billion Cubic Meter,*,6.357349356
May 2019,Household,Billion Cubic Meter,*,7.458646343
April 2019,Household,Billion Cubic Meter,*,7.953972431
March 2019,Household,Billion Cubic Meter,*,7.82392874
February 2019,Household,Billion Cubic Meter,*,5.835564826
January 2019,Household,Billion Cubic Meter,*,11.536149958
September 2025,Other,Billion Cubic Meter,*,8.262073337
August 2025,Other,Billion Cubic Meter,*,8.4504825
July 2025,Other,Billion Cubic Meter,*,8.411143749
June 2025,Other,Billion Cubic Meter,*,8.146192357
May 2025,Other,Billion Cubic Meter,*,8.337807713
April 2025,Other,Billion Cubic Meter,*,8.114032123
March 2025,Other,Billion Cubic Meter,*,8.247099039
February 2025,Other,Billion Cubic Meter,*,8.03731903
January 2025,Other,Billion Cubic Meter,*,8.746877151
December 2024,Other,Billion Cubic Meter,*,8.693084266
November 2024,Other,Billion Cubic Meter,*,8.12213354
October 2024,Other,Billion Cubic Meter,*,8.222448563
September 2024,Other,Billion Cubic Meter,*,8.160633781
August 2024,Other,Billion Cubic Meter,*,8.360576674
July 2024,Other,Billion Cubic Meter,*,8.387731548
June 2024,Other,Billion Cubic Meter,*,7.852679354
May 2024,Other,Billion Cubic Meter,*,8.224284848
April 2024,Other,Billion Cubic Meter,*,7.541756754
March 2024,Other,Billion Cubic Meter,*,8.477381493
February 2024,Other,Billion Cubic Meter,*,7.58313996
January 2024,Other,Billion Cubic Meter,*,8.271126035
December 2023,Other,Billion Cubic Meter,*,8.380640939
November 2023,Other,Billion Cubic Meter,*,7.645994915
October 2023,Other,Billion Cubic Meter,*,7.036107801
September 2023,Other,Billion Cubic Meter,*,7.157614651
August 2023,Other,Billion Cubic Meter,*,7.467242169
July 2023,Other,Billion Cubic Meter,*,7.245148475
June 2023,Other,Billion Cubic Meter,*,7.160388276
May 2023,Other,Billion Cubic Meter,*,7.461552702
April 2023,Other,Billion Cubic Meter,*,6.903193545
March 2023,Other,Billion Cubic Meter,*,7.379004967
February 2023,Other,Billion Cubic Meter,*,6.55119282
January 2023,Other,Billion Cubic Meter,*,7.009671586
December 2022,Other,Billion Cubic Meter,*,7.522229627
November 2022,Other,Billion Cubic Meter,*,7.020303495
October 2022,Other,Billion Cubic Meter,*,6.470782757
September 2022,Other,Billion Cubic Meter,*,6.697896485
August 2022,Other,Billion Cubic Meter,*,6.543596825
July 2022,Other,Billion Cubic Meter,*,6.645071674
June 2022,Other,Billion Cubic Meter,*,6.598490711
May 2022,Other,Billion Cubic Meter,*,6.915344368
April 2022,Other,Billion Cubic Meter,*,6.548975024
March 2022,Other,Billion Cubic Meter,*,7.186404606
February 2022,Other,Billion Cubic Meter,*,7.318944591
January 2022,Other,Billion Cubic Meter,*,7.437671163
December 2021,Other,Billion Cubic Meter,*,7.724325735
November 2021,Other,Billion Cubic Meter,*,7.136357802
October 2021,Other,Billion Cubic Meter,*,6.676029774
September 2021,Other,Billion Cubic Meter,*,6.735207828
August 2021,Other,Billion Cubic Meter,*,6.750857114
July 2021,Other,Billion Cubic Meter,*,6.438389244
June 2021,Other,Billion Cubic Meter,*,6.788796349
May 2021,Other,Billion Cubic Meter,*,6.714307722
April 2021,Other,Billion Cubic Meter,*,6.684729314
March 2021,Other,Billion Cubic Meter,*,6.838686093
February 2021,Other,Billion Cubic Meter,*,6.018744945
January 2021,Other,Billion Cubic Meter,*,7.154616366
December 2020,Other,Billion Cubic Meter,*,7.058243903
November 2020,Other,Billion Cubic Meter,*,6.50560661
October 2020,Other,Billion Cubic Meter,*,6.343228609
September 2020,Other,Billion Cubic Meter,*,5.986128194
August 2020,Other,Billion Cubic Meter,*,5.848332319
July 2020,Other,Billion Cubic Meter,*,5.564915544
June 2020,Other,Billion Cubic Meter,*,5.85608971
May 2020,Other,Billion Cubic Meter,*,5.931289677
April 2020,Other,Billion Cubic Meter,*,5.86382553
March 2020,Other,Billion Cubic Meter,*,6.155202695
February 2020,Other,Billion Cubic Meter,*,6.232232925
January 2020,Other,Billion Cubic Meter,*,6.600304227
December 2019,Other,Billion Cubic Meter,*,6.63903018
November 2019,Other,Billion Cubic Meter,*,6.468945919
October 2019,Other,Billion Cubic Meter,*,6.087930128
September 2019,Other,Billion Cubic Meter,*,6.133469201
August 2019,Other,Billion Cubic Meter,*,6.328765427
July 2019,Other,Billion Cubic Meter,*,5.874383972
June 2019,Other,Billion Cubic Meter,*,5.984778688
May 2019,Other,Billion Cubic Meter,*,6.164204069
April 2019,Other,Billion Cubic Meter,*,6.169871259
March 2019,Other,Billion Cubic Meter,*,6.208606836
February 2019,Other,Billion Cubic Meter,*,5.719578781
January 2019,Other,Billion Cubic Meter,*,6.649817596
